수원시|이목동|17200|0|11,2026-07-20
수원시|이목동|6100|0|7,2026-07-20
수원시|이목동|16500|0|11,2026-07-20
수원시|이목동|4600|0|6,2026-07-20
수원시|고색동|33000|0|37,2026-07-20
수원시|고색동|32000|0|36,2026-07-20
수원시|고색동|65000|0|74,2026-07-20
수원시|호매실동|18325|0|18,2026-07-20
수원시|고색동|31991|0|37,2026-07-20
수원시|고색동|34500|0|43,2026-07-20
수원시|고색동|29000|0|41,2026-07-20
수원시|고색동|30000|0|40,2026-07-20
수원시|고색동|46000|0|30,2026-07-20
수원시|호매실동|40000|0|16,2026-07-20
수원시|호매실동|2500|0|13,2026-07-20
수원시|고색동|38800|0|37,2026-07-20
수원시|고색동|34900|0|33,2026-07-20
수원시|고색동|31500|0|39,2026-07-20
수원시|세류동|337150|254|58,2026-07-20
수원시|호매실동|27000|0|19,2026-07-20
수원시|고색동|50500|0|35,2026-07-20
수원시|고색동|60900|0|44,2026-07-20
수원시|고색동|160300|225|8,2026-07-20
수원시|고색동|31000|0|43,2026-07-20
수원시|호매실동|16000|0|11,2026-07-20
수원시|고색동|900000|701|843,2026-07-20
수원시|고색동|1400000|1300|1466,2026-07-20
수원시|고색동|32300|0|33,2026-07-20
수원시|고색동|27000|0|19,2026-07-20
수원시|고색동|30500|0|42,2026-07-20
수원시|고색동|37000|0|38,2026-07-20
수원시|고색동|77400|0|86,2026-07-20
수원시|고색동|35600|0|39,2026-07-20
수원시|고색동|5600000|4844|8728,2026-07-20
수원시|우만동|35383|0|86,2026-07-20
수원시|우만동|9617|0|17,2026-07-20
수원시|우만동|33529|0|86,2026-07-20
수원시|우만동|5736|0|15,2026-07-20
수원시|우만동|35000|0|62,2026-07-20
수원시|이의동|59000|0|30,2026-07-20
수원시|이의동|70000|0|25,2026-07-20
수원시|원천동|25500|0|13,2026-07-20
수원시|이의동|50000|0|25,2026-07-20
수원시|이의동|20000|0|24,2026-07-20
수원시|신동|3276|0|10,2026-07-20
수원시|이의동|49000|0|25,2026-07-20
수원시|원천동|9500|0|6,2026-07-20
수원시|영통동|58000|0|52,2026-07-20
수원시|이의동|5200|0|9,2026-07-20
수원시|이의동|18000|0|9,2026-07-20
수원시|원천동|16200|0|11,2026-07-20
수원시|원천동|15000|0|28,2026-07-20
수원시|영통동|57000|0|52,2026-07-20
수원시|망포동|61500|0|97,2026-07-20
수원시|원천동|51500|0|28,2026-07-20
수원시|원천동|8000|0|10,2026-07-20
수원시|신동|41500|0|45,2026-07-20
수원시|원천동|53300|0|29,2026-07-20
수원시|원천동|29925|0|21,2026-07-20
수원시|원천동|500|0|7,2026-07-20
수원시|원천동|29000|0|19,2026-07-20
수원시|신동|44000|0|45,2026-07-20
수원시|신동|44000|0|44,2026-07-20
수원시|영통동|64700|0|57,2026-07-20
수원시|영통동|61900|0|54,2026-07-20
수원시|영통동|107400|0|95,2026-07-20
수원시|영통동|58000|0|54,2026-07-20
수원시|원천동|26000|0|16,2026-07-20
수원시|매탄동|322000|229|329,2026-07-20
수원시|신동|21500|0|31,2026-07-20
수원시|원천동|19728|0|16,2026-07-20
수원시|원천동|40000|0|34,2026-07-20
수원시|이의동|57440|0|27,2026-07-20
수원시|원천동|19000|0|11,2026-07-20
수원시|신동|25585|0|28,2026-07-20
수원시|신동|14365|0|16,2026-07-20
수원시|신동|16912|0|21,2026-07-20
수원시|신동|32463|0|40,2026-07-20
수원시|원천동|67700|0|84,2026-07-20
수원시|신동|42500|0|43,2026-07-20
수원시|신동|41000|0|41,2026-07-20
수원시|신동|42000|0|42,2026-07-20
수원시|원천동|24000|0|17,2026-07-20
수원시|원천동|25000|0|17,2026-07-20
수원시|이의동|40000|0|24,2026-07-20
수원시|이의동|38500|0|23,2026-07-20
수원시|이의동|42000|0|24,2026-07-20
수원시|원천동|55000|0|39,2026-07-20
수원시|원천동|21150|0|15,2026-07-20
수원시|영통동|60000|0|52,2026-07-20
수원시|신동|16987|0|6,2026-07-20
수원시|신동|18588|0|14,2026-07-20
수원시|신동|16878|0|12,2026-07-20
수원시|이의동|45500|0|24,2026-07-20
수원시|신동|23600|0|14,2026-07-20
수원시|신동|41000|0|44,2026-07-20
수원시|원천동|31000|0|55,2026-07-20
수원시|원천동|31000|0|54,2026-07-20
수원시|신동|41500|0|43,2026-07-20
수원시|신동|25000|0|32,2026-07-20
수원시|신동|40000|0|43,2026-07-20
수원시|신동|44000|0|42,2026-07-20
수원시|매탄동|1848247|1182|408,2026-07-20
수원시|매탄동|401753|268|149,2026-07-20
수원시|원천동|12000|0|11,2026-07-20
수원시|신동|15900|0|14,2026-07-20
수원시|원천동|30000|0|73,2026-07-20
수원시|영통동|59000|0|54,2026-07-20
수원시|원천동|20465|0|15,2026-07-20
수원시|이의동|10000|0|9,2026-07-20
수원시|원천동|10000|0|24,2026-07-20
수원시|이의동|45000|0|23,2026-07-20
수원시|이의동|19500|0|12,2026-07-20
성남시|고등동|27800|0|15,2026-07-20
성남시|금토동|90518|0|40,2026-07-20
성남시|고등동|25000|0|11,2026-07-20
성남시|시흥동|75000|0|32,2026-07-20
성남시|시흥동|65439|0|27,2026-07-20
성남시|시흥동|70000|0|30,2026-07-20
성남시|시흥동|69000|0|27,2026-07-20
성남시|고등동|10500|0|7,2026-07-20
성남시|시흥동|70000|0|32,2026-07-20
성남시|시흥동|154672|0|46,2026-07-20
성남시|고등동|7000|0|7,2026-07-20
성남시|시흥동|132878|0|41,2026-07-20
성남시|고등동|29000|0|14,2026-07-20
성남시|고등동|21000|0|32,2026-07-20
성남시|고등동|70000|0|36,2026-07-20
성남시|상대원동|33000|0|27,2026-07-20
성남시|상대원동|40000|0|32,2026-07-20
성남시|상대원동|37600|0|27,2026-07-20
성남시|상대원동|28250|0|43,2026-07-20
성남시|상대원동|34400|0|24,2026-07-20
성남시|상대원동|80000|0|86,2026-07-20
성남시|상대원동|101000|0|81,2026-07-20
성남시|상대원동|44000|0|38,2026-07-20
성남시|상대원동|43000|0|26,2026-07-20
성남시|상대원동|12000|0|6,2026-07-20
성남시|상대원동|38000|0|15,2026-07-20
성남시|상대원동|38000|0|27,2026-07-20
성남시|상대원동|49850|0|36,2026-07-20
성남시|상대원동|47650|0|34,2026-07-20
성남시|상대원동|47500|0|34,2026-07-20
성남시|상대원동|44000|0|48,2026-07-20
성남시|상대원동|40000|0|38,2026-07-20
성남시|상대원동|31000|0|31,2026-07-20
성남시|상대원동|77300|0|92,2026-07-20
성남시|상대원동|3800|0|12,2026-07-20
성남시|상대원동|42500|0|40,2026-07-20
성남시|상대원동|7500|0|7,2026-07-20
성남시|상대원동|68000|0|61,2026-07-20
성남시|상대원동|35200|0|32,2026-07-20
성남시|상대원동|59500|0|57,2026-07-20
성남시|상대원동|22000|0|24,2026-07-20
성남시|상대원동|29500|0|31,2026-07-20
성남시|상대원동|65000|0|60,2026-07-20
성남시|상대원동|155000|0|143,2026-07-20
성남시|상대원동|12850|0|6,2026-07-20
성남시|상대원동|21700|0|21,2026-07-20
성남시|상대원동|48300|0|46,2026-07-20
성남시|상대원동|62000|0|52,2026-07-20
성남시|상대원동|22800|0|24,2026-07-20
성남시|상대원동|5500|0|6,2026-07-20
성남시|상대원동|29400|0|47,2026-07-20
성남시|상대원동|22000|0|28,2026-07-20
성남시|상대원동|63000|0|31,2026-07-20
성남시|상대원동|33000|0|16,2026-07-20
성남시|상대원동|59000|0|29,2026-07-20
성남시|상대원동|157500|0|143,2026-07-20
성남시|상대원동|66000|0|60,2026-07-20
성남시|상대원동|64500|0|60,2026-07-20
성남시|상대원동|41000|0|54,2026-07-20
성남시|상대원동|38500|0|41,2026-07-20
성남시|상대원동|30000|0|37,2026-07-20
성남시|상대원동|11000|0|6,2026-07-20
성남시|상대원동|19800|0|21,2026-07-20
성남시|상대원동|67087|0|60,2026-07-20
성남시|상대원동|135000|0|65,2026-07-20
성남시|상대원동|33000|0|41,2026-07-20
성남시|상대원동|25400|0|25,2026-07-20
성남시|상대원동|22400|0|24,2026-07-20
성남시|상대원동|22100|0|23,2026-07-20
성남시|상대원동|65900|0|45,2026-07-20
성남시|상대원동|82800|0|58,2026-07-20
성남시|상대원동|36800|0|39,2026-07-20
성남시|상대원동|45540|0|26,2026-07-20
성남시|상대원동|53820|0|30,2026-07-20
성남시|상대원동|50940|0|29,2026-07-20
성남시|상대원동|30000|0|35,2026-07-20
성남시|상대원동|46800|0|26,2026-07-20
성남시|상대원동|44390|0|25,2026-07-20
성남시|상대원동|45160|0|25,2026-07-20
성남시|상대원동|33350|0|19,2026-07-20
성남시|상대원동|130000|0|183,2026-07-20
성남시|상대원동|25682|0|28,2026-07-20
성남시|상대원동|24318|0|27,2026-07-20
성남시|상대원동|35000|0|47,2026-07-20
성남시|상대원동|31928|0|31,2026-07-20
성남시|상대원동|64072|0|63,2026-07-20
성남시|상대원동|39000|0|32,2026-07-20
성남시|상대원동|28000|0|21,2026-07-20
성남시|상대원동|94000|0|91,2026-07-20
성남시|상대원동|12500|0|11,2026-07-20
성남시|상대원동|32600|0|40,2026-07-20
성남시|상대원동|40500|0|27,2026-07-20
성남시|상대원동|14000|0|13,2026-07-20
성남시|상대원동|25000|0|26,2026-07-20
성남시|상대원동|41600|0|40,2026-07-20
성남시|상대원동|41800|0|40,2026-07-20
성남시|상대원동|10900|0|6,2026-07-20
성남시|상대원동|70000|0|61,2026-07-20
성남시|상대원동|54347|0|30,2026-07-20
성남시|상대원동|30653|0|17,2026-07-20
성남시|상대원동|1370000|812|1682,2026-07-20
성남시|상대원동|36000|0|30,2026-07-20
성남시|상대원동|3150000|1249|2178,2026-07-20
성남시|상대원동|43500|0|24,2026-07-20
성남시|상대원동|39500|0|49,2026-07-20
성남시|상대원동|12000|0|22,2026-07-20
성남시|상대원동|19465|0|23,2026-07-20
성남시|상대원동|18000|0|11,2026-07-20
성남시|상대원동|32000|0|38,2026-07-20
성남시|상대원동|19500|0|23,2026-07-20
성남시|상대원동|15130|0|6,2026-07-20
성남시|상대원동|26073|0|21,2026-07-20
성남시|상대원동|32699|0|26,2026-07-20
성남시|상대원동|45885|0|37,2026-07-20
성남시|상대원동|36861|0|30,2026-07-20
성남시|상대원동|43687|0|35,2026-07-20
성남시|상대원동|30098|0|24,2026-07-20
성남시|상대원동|24008|0|19,2026-07-20
성남시|상대원동|30091|0|24,2026-07-20
성남시|상대원동|33598|0|27,2026-07-20
성남시|상대원동|45000|0|54,2026-07-20
성남시|상대원동|61000|0|78,2026-07-20
성남시|상대원동|41400|0|30,2026-07-20
성남시|상대원동|49100|0|35,2026-07-20
성남시|상대원동|51600|0|37,2026-07-20
성남시|상대원동|37800|0|27,2026-07-20
성남시|상대원동|12250|0|7,2026-07-20
성남시|상대원동|63800|0|39,2026-07-20
성남시|상대원동|76340|0|41,2026-07-20
성남시|상대원동|34500|0|35,2026-07-20
성남시|상대원동|83000|0|76,2026-07-20
성남시|상대원동|35000|0|21,2026-07-20
성남시|상대원동|49200|0|31,2026-07-20
성남시|상대원동|48200|0|30,2026-07-20
성남시|상대원동|38000|0|37,2026-07-20
성남시|상대원동|51000|0|48,2026-07-20
성남시|상대원동|36000|0|39,2026-07-20
성남시|상대원동|38000|0|45,2026-07-20
성남시|상대원동|46500|0|56,2026-07-20
성남시|상대원동|16000|0|13,2026-07-20
성남시|상대원동|34500|0|45,2026-07-20
성남시|상대원동|47000|0|48,2026-07-20
성남시|상대원동|100000|0|90,2026-07-20
성남시|상대원동|28000|0|26,2026-07-20
성남시|상대원동|28000|0|27,2026-07-20
성남시|상대원동|19206|0|38,2026-07-20
성남시|상대원동|20195|0|40,2026-07-20
성남시|상대원동|20660|0|40,2026-07-20
성남시|상대원동|21127|0|41,2026-07-20
성남시|상대원동|20812|0|41,2026-07-20
성남시|상대원동|45000|0|30,2026-07-20
성남시|상대원동|45000|0|45,2026-07-20
성남시|상대원동|12500|0|7,2026-07-20
성남시|상대원동|24500|0|24,2026-07-20
성남시|상대원동|67910|0|60,2026-07-20
성남시|상대원동|160140|0|143,2026-07-20
성남시|상대원동|36800|0|35,2026-07-20
성남시|상대원동|38500|0|37,2026-07-20
성남시|상대원동|27000|0|16,2026-07-20
성남시|상대원동|33360|0|36,2026-07-20
성남시|상대원동|22000|0|9,2026-07-20
성남시|상대원동|89600|0|78,2026-07-20
성남시|상대원동|24800|0|32,2026-07-20
성남시|상대원동|3635000|2234|1626,2026-07-20
성남시|상대원동|48000|0|38,2026-07-20
성남시|상대원동|10800|0|6,2026-07-20
성남시|상대원동|42000|0|30,2026-07-20
성남시|상대원동|34000|0|47,2026-07-20
성남시|상대원동|50000|0|24,2026-07-20
성남시|상대원동|68000|0|60,2026-07-20
성남시|상대원동|101400|0|92,2026-07-20
성남시|상대원동|54300|0|49,2026-07-20
성남시|상대원동|15000|0|17,2026-07-20
성남시|상대원동|43520|0|27,2026-07-20
성남시|상대원동|38080|0|25,2026-07-20
성남시|상대원동|54400|0|34,2026-07-20
성남시|상대원동|43200|0|27,2026-07-20
성남시|상대원동|37800|0|25,2026-07-20
성남시|상대원동|54000|0|34,2026-07-20
성남시|상대원동|49000|0|54,2026-07-20
성남시|상대원동|64560|0|62,2026-07-20
성남시|상대원동|64963|0|62,2026-07-20
성남시|상대원동|38478|0|37,2026-07-20
성남시|상대원동|45000|0|50,2026-07-20
성남시|상대원동|20700|0|24,2026-07-20
성남시|상대원동|162000|0|143,2026-07-20
성남시|상대원동|44870|0|30,2026-07-20
성남시|상대원동|116000|0|103,2026-07-20
성남시|상대원동|25500|0|29,2026-07-20
성남시|상대원동|36000|0|40,2026-07-20
성남시|상대원동|25680|0|30,2026-07-20
성남시|상대원동|27820|0|33,2026-07-20
성남시|상대원동|34500|0|42,2026-07-20
성남시|상대원동|50000|0|26,2026-07-20
성남시|상대원동|56000|0|37,2026-07-20
성남시|상대원동|15300|0|6,2026-07-20
성남시|상대원동|46200|0|41,2026-07-20
성남시|상대원동|30500|0|31,2026-07-20
성남시|상대원동|60000|0|23,2026-07-20
성남시|상대원동|60000|0|26,2026-07-20
성남시|상대원동|30000|0|39,2026-07-20
성남시|상대원동|33000|0|23,2026-07-20
성남시|상대원동|22000|0|25,2026-07-20
성남시|상대원동|31000|0|37,2026-07-20
성남시|상대원동|33500|0|39,2026-07-20
성남시|상대원동|12700|0|12,2026-07-20
성남시|상대원동|76500|0|60,2026-07-20
성남시|상대원동|21000|0|24,2026-07-20
성남시|상대원동|14250|0|17,2026-07-20
성남시|상대원동|60000|0|48,2026-07-20
성남시|상대원동|60000|0|45,2026-07-20
성남시|상대원동|117000|0|61,2026-07-20
성남시|상대원동|31000|0|19,2026-07-20
성남시|상대원동|16300|0|17,2026-07-20
성남시|상대원동|45500|0|46,2026-07-20
성남시|상대원동|56400|0|31,2026-07-20
성남시|상대원동|46600|0|25,2026-07-20
성남시|상대원동|70000|0|37,2026-07-20
성남시|상대원동|45000|0|38,2026-07-20
성남시|상대원동|88000|0|48,2026-07-20
성남시|상대원동|34500|0|40,2026-07-20
성남시|상대원동|34200|0|35,2026-07-20
성남시|상대원동|11000|0|10,2026-07-20
성남시|상대원동|56000|0|34,2026-07-20
성남시|상대원동|39500|0|40,2026-07-20
성남시|상대원동|11900|0|10,2026-07-20
성남시|상대원동|37400|0|21,2026-07-20
성남시|상대원동|42600|0|24,2026-07-20
성남시|야탑동|12050|0|16,2026-07-20
성남시|야탑동|55000|0|44,2026-07-20
성남시|야탑동|48000|0|45,2026-07-20
성남시|야탑동|105000|0|91,2026-07-20
성남시|야탑동|12365|0|23,2026-07-20
성남시|야탑동|14000|0|23,2026-07-20
성남시|야탑동|55362|0|45,2026-07-20
성남시|야탑동|9500|0|16,2026-07-20
성남시|야탑동|52500|0|45,2026-07-20
성남시|야탑동|10400|0|16,2026-07-20
성남시|야탑동|53500|0|44,2026-07-20
성남시|야탑동|70600|0|96,2026-07-20
성남시|야탑동|50000|0|45,2026-07-20
성남시|야탑동|11000|0|16,2026-07-20
의정부시|용현동|18000|239|90,2026-07-20
의정부시|장암동|225650|506|42,2026-07-20
의정부시|민락동|13467|0|17,2026-07-20
의정부시|금오동|100000|147|60,2026-07-20
의정부시|민락동|11000|0|26,2026-07-20
의정부시|민락동|6400|0|15,2026-07-20
의정부시|용현동|385000|482|376,2026-07-20
의정부시|민락동|13732|0|17,2026-07-20
의정부시|민락동|24147|0|31,2026-07-20
의정부시|민락동|13500|0|17,2026-07-20
의정부시|용현동|315000|399|988,2026-07-20
의정부시|고산동|52000|0|40,2026-07-20
의정부시|민락동|32300|0|33,2026-07-20
의정부시|고산동|35000|0|26,2026-07-20
의정부시|고산동|37485|0|26,2026-07-20
의정부시|고산동|38000|0|31,2026-07-20
의정부시|민락동|27000|0|27,2026-07-20
의정부시|고산동|22000|0|35,2026-07-20
의정부시|민락동|37391|0|34,2026-07-20
의정부시|용현동|1645000|1003|1440,2026-07-20
의정부시|민락동|11500|0|17,2026-07-20
의정부시|고산동|31000|0|25,2026-07-20
안양시|안양동|27700|0|24,2026-07-20
안양시|안양동|32700|0|49,2026-07-20
안양시|안양동|26000|0|17,2026-07-20
안양시|안양동|13000|0|6,2026-07-20
안양시|안양동|18250|0|12,2026-07-20
안양시|안양동|32446|0|25,2026-07-20
안양시|안양동|27859|0|22,2026-07-20
안양시|안양동|41000|0|24,2026-07-20
안양시|안양동|22000|0|16,2026-07-20
안양시|안양동|12500|0|6,2026-07-20
안양시|안양동|39500|0|24,2026-07-20
안양시|안양동|12700|0|6,2026-07-20
안양시|안양동|20300|0|41,2026-07-20
안양시|안양동|41500|0|26,2026-07-20
안양시|안양동|35000|0|21,2026-07-20
안양시|안양동|26000|0|16,2026-07-20
안양시|안양동|58000|0|35,2026-07-20
안양시|안양동|40000|0|26,2026-07-20
안양시|안양동|42500|0|59,2026-07-20
안양시|안양동|22500|0|16,2026-07-20
안양시|안양동|16000|0|7,2026-07-20
안양시|안양동|24950|0|22,2026-07-20
안양시|안양동|27000|0|17,2026-07-20
안양시|안양동|12900|0|6,2026-07-20
안양시|안양동|24700|0|14,2026-07-20
안양시|안양동|16500|0|22,2026-07-20
안양시|안양동|30000|0|49,2026-07-20
안양시|안양동|20000|0|13,2026-07-20
안양시|안양동|12600|0|6,2026-07-20
안양시|안양동|40000|0|25,2026-07-20
안양시|안양동|38800|0|24,2026-07-20
안양시|안양동|30000|0|20,2026-07-20
안양시|안양동|12800|0|6,2026-07-20
안양시|안양동|24500|0|19,2026-07-20
안양시|안양동|20000|0|14,2026-07-20
안양시|안양동|37000|0|26,2026-07-20
안양시|안양동|36500|0|29,2026-07-20
안양시|안양동|28570|0|15,2026-07-20
안양시|안양동|14800|0|7,2026-07-20
안양시|안양동|36000|0|24,2026-07-20
안양시|안양동|15000|0|7,2026-07-20
안양시|안양동|45000|0|26,2026-07-20
안양시|안양동|10500|0|27,2026-07-20
안양시|안양동|18200|0|12,2026-07-20
안양시|안양동|19000|0|12,2026-07-20
안양시|안양동|42200|0|26,2026-07-20
안양시|안양동|33000|0|44,2026-07-20
안양시|안양동|42000|0|24,2026-07-20
안양시|안양동|14500|0|7,2026-07-20
안양시|안양동|10005|0|6,2026-07-20
안양시|안양동|11674|0|8,2026-07-20
안양시|안양동|9855|0|6,2026-07-20
안양시|안양동|9962|0|6,2026-07-20
안양시|안양동|25500|0|23,2026-07-20
안양시|호계동|29500|0|17,2026-07-20
안양시|관양동|88200|0|68,2026-07-20
안양시|평촌동|30000|0|21,2026-07-20
안양시|평촌동|12500|0|7,2026-07-20
안양시|호계동|38000|0|25,2026-07-20
안양시|호계동|37500|0|25,2026-07-20
안양시|호계동|31000|0|35,2026-07-20
안양시|호계동|9800|0|8,2026-07-20
안양시|관양동|23600|0|13,2026-07-20
안양시|관양동|62000|0|31,2026-07-20
안양시|관양동|20000|0|10,2026-07-20
안양시|호계동|37000|0|20,2026-07-20
안양시|호계동|55000|0|30,2026-07-20
안양시|호계동|32000|0|16,2026-07-20
안양시|호계동|10000|0|8,2026-07-20
안양시|관양동|52900|0|28,2026-07-20
안양시|호계동|337524|349|814,2026-07-20
안양시|호계동|90000|0|35,2026-07-20
안양시|호계동|19000|0|11,2026-07-20
안양시|호계동|17500|0|23,2026-07-20
안양시|호계동|18000|0|24,2026-07-20
안양시|관양동|90000|0|38,2026-07-20
안양시|관양동|13000|0|6,2026-07-20
안양시|평촌동|45571|0|12,2026-07-20
안양시|평촌동|48813|0|13,2026-07-20
안양시|관양동|50000|0|23,2026-07-20
안양시|관양동|12000|0|7,2026-07-20
안양시|호계동|10000|0|6,2026-07-20
안양시|호계동|9500|0|8,2026-07-20
안양시|호계동|9600|0|8,2026-07-20
안양시|호계동|29800|0|23,2026-07-20
안양시|관양동|61000|0|37,2026-07-20
안양시|호계동|54500|0|46,2026-07-20
안양시|호계동|527295|221|517,2026-07-20
안양시|호계동|8000|0|6,2026-07-20
안양시|호계동|11000|0|13,2026-07-20
안양시|관양동|53000|0|33,2026-07-20
안양시|평촌동|3400|0|5,2026-07-20
안양시|관양동|25500|0|20,2026-07-20
안양시|호계동|52973|0|31,2026-07-20
안양시|호계동|67056|0|39,2026-07-20
안양시|호계동|50451|0|30,2026-07-20
안양시|호계동|70632|0|42,2026-07-20
안양시|호계동|47925|0|28,2026-07-20
안양시|관양동|7300|0|9,2026-07-20
안양시|관양동|60500|0|34,2026-07-20
안양시|관양동|85000|0|47,2026-07-20
안양시|호계동|38700|0|22,2026-07-20
안양시|호계동|37100|0|21,2026-07-20
안양시|호계동|38800|0|22,2026-07-20
안양시|호계동|101000|0|59,2026-07-20
안양시|호계동|50700|0|29,2026-07-20
안양시|관양동|48000|0|28,2026-07-20
안양시|평촌동|23400|0|18,2026-07-20
안양시|호계동|78000|0|37,2026-07-20
안양시|호계동|41000|0|32,2026-07-20
안양시|호계동|10500|0|6,2026-07-20
안양시|관양동|41000|0|59,2026-07-20
안양시|관양동|60000|0|33,2026-07-20
안양시|관양동|22000|0|19,2026-07-20
안양시|관양동|64000|0|33,2026-07-20
안양시|호계동|12000|0|6,2026-07-20
안양시|호계동|53000|0|45,2026-07-20
안양시|호계동|27685|0|33,2026-07-20
안양시|호계동|49176|0|27,2026-07-20
안양시|호계동|27000|0|16,2026-07-20
안양시|호계동|40000|0|25,2026-07-20
안양시|호계동|15200|0|10,2026-07-20
안양시|호계동|9400|0|7,2026-07-20
안양시|평촌동|104000|0|81,2026-07-20
안양시|호계동|11000|0|6,2026-07-20
안양시|관양동|29000|0|32,2026-07-20
안양시|호계동|10500|0|8,2026-07-20
안양시|관양동|35000|0|22,2026-07-20
안양시|관양동|61500|0|35,2026-07-20
안양시|관양동|55000|0|33,2026-07-20
안양시|관양동|56090|0|31,2026-07-20
안양시|호계동|28000|0|16,2026-07-20
안양시|관양동|18000|0|19,2026-07-20
안양시|호계동|44000|0|26,2026-07-20
안양시|호계동|7700|0|13,2026-07-20
안양시|관양동|30000|0|19,2026-07-20
안양시|관양동|32780|0|26,2026-07-20
안양시|호계동|6600|0|6,2026-07-20
안양시|호계동|115000|0|120,2026-07-20
안양시|호계동|25000|0|19,2026-07-20
안양시|평촌동|61000|0|40,2026-07-20
안양시|평촌동|40000|0|41,2026-07-20
안양시|호계동|65500|0|32,2026-07-20
안양시|관양동|47000|0|56,2026-07-20
안양시|호계동|33500|0|16,2026-07-20
안양시|호계동|9850|0|8,2026-07-20
안양시|평촌동|12900|0|7,2026-07-20
안양시|호계동|33700|0|20,2026-07-20
안양시|관양동|27900|0|24,2026-07-20
안양시|관양동|46000|0|31,2026-07-20
안양시|관양동|26700|0|13,2026-07-20
안양시|관양동|52000|0|29,2026-07-20
안양시|호계동|24200|0|28,2026-07-20
안양시|호계동|23300|0|14,2026-07-20
안양시|호계동|6000|0|9,2026-07-20
안양시|호계동|10200|0|9,2026-07-20
안양시|관양동|2300000|599|2243,2026-07-20
안양시|관양동|75000|0|41,2026-07-20
안양시|호계동|97000|0|59,2026-07-20
안양시|관양동|2000|0|7,2026-07-20
안양시|호계동|49000|0|30,2026-07-20
안양시|관양동|1750|0|7,2026-07-20
안양시|관양동|49000|0|28,2026-07-20
안양시|관양동|32330|0|19,2026-07-20
안양시|관양동|40000|0|29,2026-07-20
안양시|호계동|47000|0|25,2026-07-20
안양시|관양동|42500|0|23,2026-07-20
안양시|평촌동|16400|0|12,2026-07-20
안양시|호계동|46000|0|28,2026-07-20
안양시|호계동|49000|0|24,2026-07-20
안양시|평촌동|12200|0|7,2026-07-20
안양시|관양동|57600|0|36,2026-07-20
안양시|평촌동|38500|0|26,2026-07-20
안양시|관양동|70000|0|30,2026-07-20
안양시|호계동|27000|0|34,2026-07-20
안양시|호계동|25000|0|16,2026-07-20
안양시|관양동|54000|0|38,2026-07-20
안양시|호계동|10300|0|8,2026-07-20
안양시|관양동|51500|0|23,2026-07-20
안양시|호계동|17000|0|11,2026-07-20
안양시|평촌동|66570|0|16,2026-07-20
안양시|호계동|18300|0|22,2026-07-20
안양시|호계동|1360000|498|1927,2026-07-20
안양시|호계동|39000|0|32,2026-07-20
안양시|호계동|24500|0|14,2026-07-20
부천시|춘의동|34000|0|32,2026-07-20
부천시|원미동|35900|0|33,2026-07-20
부천시|도당동|420000|200|453,2026-07-20
부천시|도당동|295000|144|169,2026-07-20
부천시|약대동|37200|0|25,2026-07-20
부천시|춘의동|51000|0|37,2026-07-20
부천시|춘의동|32500|0|24,2026-07-20
부천시|역곡동|3400000|1288|3741,2026-07-20
부천시|도당동|31000|0|38,2026-07-20
부천시|도당동|429000|164|390,2026-07-20
부천시|도당동|50000|0|38,2026-07-20
부천시|원미동|40500|0|28,2026-07-20
부천시|도당동|300000|135|305,2026-07-20
부천시|도당동|44500|0|49,2026-07-20
부천시|도당동|43000|0|43,2026-07-20
부천시|도당동|36500|0|51,2026-07-20
부천시|춘의동|1386759|420|323,2026-07-20
부천시|춘의동|582582|176|120,2026-07-20
부천시|춘의동|35500|0|26,2026-07-20
부천시|도당동|64000|0|81,2026-07-20
부천시|도당동|37000|0|50,2026-07-20
부천시|춘의동|37000|0|31,2026-07-20
부천시|도당동|13000|0|33,2026-07-20
부천시|도당동|24800|0|51,2026-07-20
부천시|춘의동|51000|0|38,2026-07-20
부천시|약대동|43000|0|50,2026-07-20
부천시|춘의동|45000|0|58,2026-07-20
부천시|춘의동|32000|0|41,2026-07-20
부천시|춘의동|75000|0|64,2026-07-20
부천시|춘의동|53500|0|38,2026-07-20
부천시|원미동|40000|0|26,2026-07-20
부천시|춘의동|38784|0|34,2026-07-20
부천시|원미동|39500|0|29,2026-07-20
부천시|춘의동|540000|199|143,2026-07-20
부천시|춘의동|23200|0|13,2026-07-20
부천시|춘의동|320000|144|407,2026-07-20
부천시|춘의동|30000|0|26,2026-07-20
부천시|도당동|570000|180|628,2026-07-20
부천시|춘의동|50000|0|42,2026-07-20
부천시|춘의동|45000|0|41,2026-07-20
부천시|도당동|31600|0|49,2026-07-20
부천시|춘의동|39000|0|41,2026-07-20
부천시|춘의동|41800|0|40,2026-07-20
부천시|춘의동|44000|0|40,2026-07-20
부천시|춘의동|34000|0|26,2026-07-20
부천시|춘의동|17000|0|7,2026-07-20
부천시|춘의동|60000|0|62,2026-07-20
부천시|도당동|38000|0|51,2026-07-20
부천시|약대동|23700|0|15,2026-07-20
부천시|원미동|17300|0|12,2026-07-20
부천시|도당동|515000|283|734,2026-07-20
부천시|약대동|35000|0|24,2026-07-20
부천시|약대동|9500|0|5,2026-07-20
부천시|춘의동|70000|0|52,2026-07-20
부천시|춘의동|33200|0|29,2026-07-20
부천시|춘의동|17900|0|7,2026-07-20
부천시|원미동|320000|101|302,2026-07-20
부천시|도당동|30500|0|42,2026-07-20
부천시|도당동|232000|100|207,2026-07-20
부천시|원미동|63000|0|43,2026-07-20
부천시|도당동|43500|0|53,2026-07-20
부천시|춘의동|1970000|762|477,2026-07-20
부천시|도당동|1290000|862|883,2026-07-20
부천시|춘의동|50000|0|38,2026-07-20
부천시|춘의동|41000|0|41,2026-07-20
부천시|원미동|420000|203|372,2026-07-20
부천시|춘의동|38322|0|42,2026-07-20
부천시|춘의동|35839|0|40,2026-07-20
부천시|원미동|19500|0|16,2026-07-20
부천시|도당동|45000|0|51,2026-07-20
부천시|도당동|40000|0|52,2026-07-20
부천시|도당동|40500|0|44,2026-07-20
부천시|춘의동|350000|259|167,2026-07-20
부천시|약대동|115500|0|136,2026-07-20
부천시|도당동|600000|281|634,2026-07-20
부천시|춘의동|42000|0|43,2026-07-20
부천시|원미동|36000|0|29,2026-07-20
부천시|춘의동|34500|0|27,2026-07-20
부천시|도당동|1250000|431|1171,2026-07-20
부천시|춘의동|36000|0|39,2026-07-20
부천시|도당동|34000|0|53,2026-07-20
부천시|춘의동|46000|0|35,2026-07-20
부천시|옥길동|29300|0|23,2026-07-20
부천시|옥길동|10500|0|9,2026-07-20
부천시|옥길동|8700|0|7,2026-07-20
부천시|옥길동|14000|0|9,2026-07-20
부천시|송내동|315000|185|383,2026-07-20
부천시|옥길동|15800|0|12,2026-07-20
부천시|옥길동|14700|0|11,2026-07-20
부천시|옥길동|9700|0|14,2026-07-20
부천시|옥길동|3800|0|8,2026-07-20
부천시|옥길동|17000|0|9,2026-07-20
부천시|옥길동|35000|0|32,2026-07-20
부천시|옥길동|29000|0|13,2026-07-20
부천시|옥길동|12000|0|11,2026-07-20
부천시|옥길동|15000|0|14,2026-07-20
부천시|옥길동|12500|0|12,2026-07-20
부천시|옥길동|11000|0|9,2026-07-20
부천시|옥길동|3184|0|5,2026-07-20
부천시|옥길동|3184|0|6,2026-07-20
부천시|송내동|70000|109|80,2026-07-20
부천시|옥길동|10900|0|12,2026-07-20
부천시|옥길동|18500|0|9,2026-07-20
부천시|삼정동|41000|0|69,2026-07-20
부천시|삼정동|15000|0|32,2026-07-20
부천시|삼정동|38500|0|50,2026-07-20
부천시|삼정동|10800|0|10,2026-07-20
부천시|삼정동|10500|0|10,2026-07-20
부천시|삼정동|312000|172|558,2026-07-20
부천시|삼정동|45000|0|50,2026-07-20
부천시|삼정동|550000|360|652,2026-07-20
부천시|삼정동|42000|0|50,2026-07-20
부천시|삼정동|82000|0|101,2026-07-20
부천시|내동|335000|155|315,2026-07-20
부천시|삼정동|39000|0|50,2026-07-20
부천시|삼정동|41000|0|50,2026-07-20
부천시|삼정동|44500|0|50,2026-07-20
부천시|삼정동|45000|0|51,2026-07-20
부천시|오정동|209000|109|230,2026-07-20
부천시|오정동|441000|229|501,2026-07-20
부천시|삼정동|42000|0|53,2026-07-20
부천시|삼정동|38500|0|46,2026-07-20
부천시|삼정동|40000|0|50,2026-07-20
부천시|삼정동|83500|0|101,2026-07-20
부천시|삼정동|35700|0|50,2026-07-20
부천시|삼정동|80000|0|101,2026-07-20
부천시|삼정동|80000|0|102,2026-07-20
부천시|삼정동|89000|0|101,2026-07-20
부천시|삼정동|11000|0|10,2026-07-20
부천시|삼정동|229000|176|184,2026-07-20
부천시|삼정동|43000|0|54,2026-07-20
부천시|삼정동|470000|157|549,2026-07-20
부천시|내동|293000|225|153,2026-07-20
부천시|내동|183000|121|140,2026-07-20
부천시|내동|229280|111|120,2026-07-20
부천시|삼정동|35000|0|50,2026-07-20
부천시|내동|300000|121|140,2026-07-20
부천시|내동|251560|114|120,2026-07-20
부천시|내동|256000|113|120,2026-07-20
부천시|내동|331800|119|165,2026-07-20
부천시|삼정동|84000|0|102,2026-07-20
부천시|내동|220000|110|120,2026-07-20
부천시|내동|340000|120|144,2026-07-20
부천시|삼정동|39800|0|44,2026-07-20
부천시|삼정동|70000|0|101,2026-07-20
부천시|삼정동|203000|103|143,2026-07-20
부천시|삼정동|42000|0|54,2026-07-20
부천시|내동|290000|205|153,2026-07-20
부천시|삼정동|42000|0|51,2026-07-20
부천시|삼정동|43500|0|101,2026-07-20
부천시|내동|275000|172|301,2026-07-20
부천시|삼정동|470000|198|575,2026-07-20
부천시|삼정동|38000|0|50,2026-07-20
부천시|삼정동|44700|0|20,2026-07-20
부천시|삼정동|50000|0|49,2026-07-20
부천시|삼정동|37000|0|50,2026-07-20
부천시|삼정동|550000|250|558,2026-07-20
부천시|삼정동|795000|360|872,2026-07-20
부천시|내동|293700|225|153,2026-07-20
광명시|하안동|19000|0|15,2026-07-20
광명시|일직동|39200|0|21,2026-07-20
광명시|하안동|21300|0|19,2026-07-20
광명시|일직동|35000|0|20,2026-07-20
광명시|일직동|34000|0|20,2026-07-20
광명시|소하동|43000|0|44,2026-07-20
광명시|소하동|43000|0|51,2026-07-20
광명시|하안동|10308|0|18,2026-07-20
광명시|하안동|10216|0|18,2026-07-20
광명시|하안동|10172|0|18,2026-07-20
광명시|하안동|9485|0|16,2026-07-20
광명시|하안동|9491|0|16,2026-07-20
광명시|하안동|10580|0|19,2026-07-20
광명시|하안동|10665|0|18,2026-07-20
광명시|하안동|10743|0|18,2026-07-20
광명시|하안동|8668|0|15,2026-07-20
광명시|하안동|11267|0|19,2026-07-20
광명시|하안동|9787|0|16,2026-07-20
광명시|하안동|9794|0|16,2026-07-20
광명시|하안동|11495|0|20,2026-07-20
광명시|하안동|11944|0|21,2026-07-20
광명시|하안동|11934|0|21,2026-07-20
광명시|하안동|11138|0|19,2026-07-20
광명시|하안동|10549|0|17,2026-07-20
광명시|하안동|10964|0|18,2026-07-20
광명시|하안동|14312|0|23,2026-07-20
광명시|하안동|14298|0|23,2026-07-20
광명시|하안동|15428|0|25,2026-07-20
광명시|하안동|12424|0|21,2026-07-20
광명시|하안동|13703|0|23,2026-07-20
광명시|하안동|13063|0|21,2026-07-20
광명시|하안동|14679|0|23,2026-07-20
광명시|하안동|9291|0|15,2026-07-20
광명시|하안동|11675|0|18,2026-07-20
광명시|하안동|10492|0|16,2026-07-20
광명시|하안동|10502|0|16,2026-07-20
광명시|하안동|14591|0|23,2026-07-20
광명시|하안동|14581|0|23,2026-07-20
광명시|하안동|15731|0|25,2026-07-20
광명시|하안동|11754|0|18,2026-07-20
광명시|하안동|11362|0|18,2026-07-20
광명시|하안동|12196|0|19,2026-07-20
광명시|하안동|11951|0|19,2026-07-20
광명시|하안동|11563|0|18,2026-07-20
광명시|하안동|11917|0|19,2026-07-20
광명시|하안동|12063|0|19,2026-07-20
광명시|하안동|11393|0|17,2026-07-20
광명시|하안동|11842|0|18,2026-07-20
광명시|하안동|12124|0|18,2026-07-20
광명시|하안동|12213|0|18,2026-07-20
광명시|하안동|11686|0|18,2026-07-20
광명시|하안동|13128|0|21,2026-07-20
광명시|하안동|12349|0|18,2026-07-20
광명시|하안동|15421|0|23,2026-07-20
광명시|하안동|16639|0|25,2026-07-20
광명시|하안동|13380|0|21,2026-07-20
광명시|하안동|14754|0|23,2026-07-20
광명시|하안동|14067|0|21,2026-07-20
광명시|하안동|13472|0|20,2026-07-20
광명시|하안동|13237|0|20,2026-07-20
광명시|하안동|13366|0|21,2026-07-20
광명시|하안동|12509|0|19,2026-07-20
광명시|하안동|12104|0|18,2026-07-20
광명시|하안동|12118|0|18,2026-07-20
광명시|하안동|12475|0|19,2026-07-20
광명시|하안동|13138|0|20,2026-07-20
광명시|하안동|13604|0|19,2026-07-20
광명시|하안동|15805|0|23,2026-07-20
광명시|하안동|10005|0|15,2026-07-20
광명시|하안동|12281|0|18,2026-07-20
광명시|하안동|12574|0|18,2026-07-20
광명시|하안동|12540|0|18,2026-07-20
광명시|하안동|12172|0|18,2026-07-20
광명시|하안동|13009|0|19,2026-07-20
광명시|하안동|10274|0|15,2026-07-20
광명시|하안동|10284|0|15,2026-07-20
광명시|하안동|14288|0|21,2026-07-20
광명시|하안동|14271|0|21,2026-07-20
광명시|하안동|16942|0|25,2026-07-20
광명시|일직동|27500|0|18,2026-07-20
광명시|일직동|37000|0|19,2026-07-20
광명시|일직동|37860|0|20,2026-07-20
광명시|일직동|39192|0|20,2026-07-20
광명시|일직동|42948|0|22,2026-07-20
광명시|소하동|7600|0|8,2026-07-20
광명시|하안동|25000|0|15,2026-07-20
광명시|일직동|37000|0|25,2026-07-20
광명시|하안동|19170|0|15,2026-07-20
광명시|하안동|28003|0|19,2026-07-20
광명시|소하동|70000|0|51,2026-07-20
광명시|소하동|36000|0|28,2026-07-20
광명시|일직동|50000|0|26,2026-07-20
광명시|하안동|35583|0|19,2026-07-20
광명시|하안동|35720|0|19,2026-07-20
광명시|일직동|22500|0|12,2026-07-20
광명시|소하동|35000|0|37,2026-07-20
광명시|일직동|111000|0|54,2026-07-20
광명시|소하동|42000|0|40,2026-07-20
광명시|일직동|7000|0|8,2026-07-20
광명시|소하동|41000|0|50,2026-07-20
광명시|일직동|52000|0|28,2026-07-20
광명시|소하동|63500|0|48,2026-07-20
광명시|일직동|45000|0|20,2026-07-20
광명시|일직동|53000|0|36,2026-07-20
광명시|일직동|47000|0|32,2026-07-20
광명시|소하동|53300|0|51,2026-07-20
광명시|일직동|100000|0|72,2026-07-20
광명시|소하동|27500|0|25,2026-07-20
광명시|소하동|53600|0|51,2026-07-20
광명시|소하동|46000|0|50,2026-07-20
광명시|소하동|36000|0|37,2026-07-20
광명시|일직동|50000|0|28,2026-07-20
광명시|소하동|44000|0|48,2026-07-20
광명시|소하동|50000|0|51,2026-07-20
광명시|일직동|53000|0|28,2026-07-20
광명시|일직동|50500|0|30,2026-07-20
광명시|일직동|40723|0|42,2026-07-20
광명시|일직동|59644|0|36,2026-07-20
광명시|일직동|34633|0|62,2026-07-20
광명시|일직동|48500|0|28,2026-07-20
광명시|일직동|45000|0|26,2026-07-20
광명시|소하동|35000|0|27,2026-07-20
광명시|하안동|28000|0|22,2026-07-20
광명시|일직동|38000|0|22,2026-07-20
광명시|일직동|33000|0|30,2026-07-20
광명시|소하동|25000|0|25,2026-07-20
광명시|소하동|9500|0|9,2026-07-20
광명시|일직동|32000|0|20,2026-07-20
광명시|일직동|41500|0|25,2026-07-20
광명시|일직동|60000|0|30,2026-07-20
광명시|일직동|23000|0|13,2026-07-20
광명시|일직동|38000|0|21,2026-07-20
광명시|하안동|36000|0|21,2026-07-20
광명시|하안동|33000|0|21,2026-07-20
광명시|하안동|32500|0|25,2026-07-20
광명시|소하동|43000|0|50,2026-07-20
광명시|소하동|40000|0|48,2026-07-20
광명시|일직동|41500|0|20,2026-07-20
광명시|소하동|38000|0|51,2026-07-20
광명시|소하동|42000|0|53,2026-07-20
광명시|하안동|40500|0|22,2026-07-20
광명시|하안동|55000|0|29,2026-07-20
광명시|소하동|18140|0|12,2026-07-20
광명시|일직동|14500|0|10,2026-07-20
광명시|일직동|15000|0|8,2026-07-20
광명시|일직동|20500|0|12,2026-07-20
광명시|일직동|43450|0|26,2026-07-20
광명시|일직동|41900|0|25,2026-07-20
광명시|소하동|62000|0|51,2026-07-20
평택시|청북읍 백봉리|350258|1054|564,2026-07-20
평택시|청북읍 삼계리|396242|1687|251,2026-07-20
평택시|진위면 마산리|70000|896|148,2026-07-20
평택시|모곡동|680850|998|785,2026-07-20
평택시|서탄면 수월암리|215000|535|261,2026-07-20
평택시|청북읍 삼계리|269800|1687|217,2026-07-20
평택시|청북읍 삼계리|139000|1687|76,2026-07-20
평택시|청북읍 삼계리|410000|1687|328,2026-07-20
평택시|청북읍 어연리|17640|0|25,2026-07-20
평택시|포승읍 도곡리|84350|398|120,2026-07-20
평택시|포승읍 신영리|396539|1030|189,2026-07-20
평택시|현덕면 권관리|55000|136|63,2026-07-20
평택시|팽성읍 신궁리|54000|350|130,2026-07-20
평택시|서탄면 수월암리|195000|536|339,2026-07-20
평택시|오성면 교포리|260000|892|284,2026-07-20
평택시|진위면 마산리|380000|1205|625,2026-07-20
평택시|청북읍 율북리|340000|768|472,2026-07-20
평택시|진위면 하북리|200000|484|217,2026-07-20
평택시|오성면 숙성리|29163|292|59,2026-07-20
평택시|모곡동|220000|786|392,2026-07-20
평택시|모곡동|19000|0|21,2026-07-20
평택시|포승읍 홍원리|335000|1449|598,2026-07-20
평택시|현덕면 황산리|19800|194|59,2026-07-20
평택시|포승읍 홍원리|333000|1449|598,2026-07-20
평택시|고덕면 궁리|27000|196|79,2026-07-20
평택시|청북읍 고렴리|371000|1394|345,2026-07-20
평택시|청북읍 고잔리|388221|1337|235,2026-07-20
평택시|청북읍 고잔리|427230|1337|356,2026-07-20
평택시|포승읍 홍원리|50042|478|145,2026-07-20
평택시|포승읍 홍원리|41624|404|145,2026-07-20
평택시|포승읍 홍원리|41794|394|145,2026-07-20
평택시|청북읍 토진리|303467|960|552,2026-07-20
평택시|서탄면 수월암리|41700|110|57,2026-07-20
평택시|서탄면 수월암리|146300|389|85,2026-07-20
평택시|고덕면 동청리|2000|107|27,2026-07-20
평택시|진위면 갈곶리|485000|605|632,2026-07-20
평택시|팽성읍 노와리|89000|534|100,2026-07-20
평택시|청북읍 어연리|18500|0|25,2026-07-20
평택시|청북읍 어연리|17500|0|23,2026-07-20
평택시|서탄면 수월암리|460000|1085|440,2026-07-20
평택시|포승읍 만호리|785000|2233|1178,2026-07-20
평택시|청북읍 어소리|201031|935|201,2026-07-20
평택시|고덕면 해창리|14433|0|22,2026-07-20
평택시|고덕면 해창리|8915|0|13,2026-07-20
평택시|청북읍 옥길리|220489|1428|676,2026-07-20
평택시|고덕면 해창리|11500|0|12,2026-07-20
평택시|모곡동|26000|0|29,2026-07-20
평택시|고덕동|35000|0|21,2026-07-20
평택시|고덕면 해창리|21200|0|13,2026-07-20
평택시|고덕면 해창리|19425|0|13,2026-07-20
평택시|칠괴동|255000|499|205,2026-07-20
평택시|고덕동|24138|0|26,2026-07-20
평택시|고덕면 해창리|18800|0|13,2026-07-20
평택시|세교동|49334|0|47,2026-07-20
평택시|고덕면 해창리|11700|0|16,2026-07-20
평택시|고덕면 해창리|12300|0|17,2026-07-20
평택시|포승읍 석정리|492029|2940|993,2026-07-20
평택시|팽성읍 안정리|249999|733|201,2026-07-20
평택시|고덕면 해창리|6800|0|12,2026-07-20
평택시|고덕면 해창리|8700|0|12,2026-07-20
평택시|고덕동|31749|0|18,2026-07-20
평택시|고덕면 해창리|4000|0|11,2026-07-20
평택시|고덕면 해창리|5000|0|13,2026-07-20
평택시|서탄면 사리|387000|1020|365,2026-07-20
평택시|서탄면 사리|208300|549|235,2026-07-20
평택시|고덕면 해창리|37440|0|33,2026-07-20
평택시|고덕면 해창리|23040|0|21,2026-07-20
평택시|서탄면 수월암리|9483|560|29,2026-07-20
평택시|포승읍 내기리|110000|272|253,2026-07-20
동두천시|상봉암동|577000|2028|805,2026-07-20
동두천시|생연동|110650|109|257,2026-07-20
동두천시|하봉암동|122525|1364|389,2026-07-20
동두천시|탑동동|18500|219|89,2026-07-20
동두천시|하봉암동|68415|388|156,2026-07-20
동두천시|하봉암동|30706|196|74,2026-07-20
동두천시|동두천동|350000|1303|1238,2026-07-20
동두천시|동두천동|786878|2999|3145,2026-07-20
안산시|사동|15000|0|13,2026-07-20
안산시|사동|16000|0|12,2026-07-20
안산시|사사동|280000|207|284,2026-07-20
안산시|사동|15493|0|12,2026-07-20
안산시|사동|19000|0|14,2026-07-20
안산시|원시동|43000|0|50,2026-07-20
안산시|원시동|48000|0|52,2026-07-20
안산시|신길동|1460000|1517|1541,2026-07-20
안산시|원시동|1400000|1513|1927,2026-07-20
안산시|목내동|40400|0|81,2026-07-20
안산시|원시동|202260|248|325,2026-07-20
안산시|성곡동|782600|1203|202,2026-07-20
안산시|원시동|40800|0|64,2026-07-20
안산시|성곡동|465000|511|558,2026-07-20
안산시|신길동|31300|0|28,2026-07-20
안산시|목내동|38500|0|81,2026-07-20
안산시|성곡동|8000|0|37,2026-07-20
안산시|원시동|15000|0|34,2026-07-20
안산시|신길동|27000|0|24,2026-07-20
안산시|목내동|695000|747|1357,2026-07-20
안산시|성곡동|200000|199|304,2026-07-20
안산시|원시동|47000|0|50,2026-07-20
안산시|원시동|42000|0|64,2026-07-20
안산시|원시동|177100|0|102,2026-07-20
안산시|원시동|522900|0|303,2026-07-20
안산시|원시동|108000|0|84,2026-07-20
안산시|원시동|135800|0|113,2026-07-20
안산시|원시동|26200|0|27,2026-07-20
안산시|원시동|133400|0|223,2026-07-20
안산시|원시동|166600|0|280,2026-07-20
안산시|원시동|112100|0|188,2026-07-20
안산시|원시동|21300|0|35,2026-07-20
안산시|원시동|75400|0|120,2026-07-20
안산시|원시동|58000|0|103,2026-07-20
안산시|신길동|32100|0|29,2026-07-20
안산시|신길동|32750|0|29,2026-07-20
안산시|목내동|44520|0|58,2026-07-20
안산시|목내동|42440|0|56,2026-07-20
안산시|신길동|14300|0|26,2026-07-20
안산시|성곡동|700000|597|856,2026-07-20
안산시|원시동|48000|0|50,2026-07-20
안산시|성곡동|860000|1202|1454,2026-07-20
안산시|원시동|11700|0|27,2026-07-20
안산시|성곡동|342000|350|283,2026-07-20
안산시|목내동|770000|674|630,2026-07-20
안산시|성곡동|525900|499|605,2026-07-20
안산시|성곡동|9100|499|36,2026-07-20
안산시|목내동|1168000|1402|1228,2026-07-20
안산시|신길동|21500|0|24,2026-07-20
안산시|원시동|108900|0|84,2026-07-20
안산시|원시동|48700|0|90,2026-07-20
안산시|초지동|750000|726|942,2026-07-20
안산시|성곡동|134000|150|112,2026-07-20
안산시|성곡동|439000|498|592,2026-07-20
안산시|목내동|40000|0|57,2026-07-20
안산시|초지동|1950000|2769|4021,2026-07-20
안산시|목내동|1180000|1402|1228,2026-07-20
안산시|성곡동|1180000|1810|2516,2026-07-20
안산시|원시동|255000|0|354,2026-07-20
안산시|목내동|41000|0|58,2026-07-20
안산시|성곡동|49000|0|54,2026-07-20
안산시|초지동|760000|971|425,2026-07-20
안산시|신길동|38500|0|33,2026-07-20
안산시|원시동|10000|0|14,2026-07-20
안산시|원시동|19400|0|49,2026-07-20
안산시|목내동|2000000|2456|1630,2026-07-20
안산시|성곡동|260000|400|281,2026-07-20
안산시|초지동|900000|1099|2042,2026-07-20
안산시|성곡동|395000|499|274,2026-07-20
안산시|신길동|12000|0|26,2026-07-20
안산시|성곡동|315000|299|228,2026-07-20
안산시|성곡동|100000|1116|2062,2026-07-20
안산시|성곡동|65000|1116|197,2026-07-20
안산시|신길동|24000|0|23,2026-07-20
안산시|목내동|620000|576|1207,2026-07-20
안산시|성곡동|40500|0|62,2026-07-20
안산시|성곡동|890000|1491|815,2026-07-20
안산시|신길동|430000|490|366,2026-07-20
안산시|원시동|50750|0|50,2026-07-20
안산시|원시동|20400|0|49,2026-07-20
안산시|목내동|39500|0|57,2026-07-20
안산시|신길동|15500|0|26,2026-07-20
안산시|성곡동|51230000|17036|72281,2026-07-20
안산시|목내동|43500|0|92,2026-07-20
안산시|원시동|53000|0|52,2026-07-20
안산시|성곡동|39500|0|62,2026-07-20
안산시|원시동|58000|0|84,2026-07-20
안산시|목내동|515000|500|1058,2026-07-20
안산시|원시동|109000|125|93,2026-07-20
안산시|성곡동|475000|501|353,2026-07-20
안산시|원시동|295000|300|234,2026-07-20
안산시|신길동|13500|0|25,2026-07-20
안산시|성곡동|578609|737|718,2026-07-20
안산시|신길동|10700|0|32,2026-07-20
안산시|신길동|22000|0|23,2026-07-20
안산시|목내동|40000|0|58,2026-07-20
안산시|신길동|15250|0|25,2026-07-20
안산시|원시동|37300|0|43,2026-07-20
안산시|성곡동|435000|508|529,2026-07-20
안산시|초지동|1020000|850|1244,2026-07-20
안산시|성곡동|2300000|1247|875,2026-07-20
안산시|성곡동|2300000|1247|792,2026-07-20
안산시|성곡동|930000|999|834,2026-07-20
안산시|목내동|68000|0|58,2026-07-20
안산시|원시동|485000|500|381,2026-07-20
안산시|목내동|457000|512|490,2026-07-20
안산시|목내동|962500|1049|1196,2026-07-20
안산시|원시동|47000|0|46,2026-07-20
안산시|성곡동|45000|0|54,2026-07-20
안산시|성곡동|285000|350|276,2026-07-20
안산시|성곡동|494000|579|430,2026-07-20
안산시|목내동|530000|499|545,2026-07-20
안산시|원시동|73800|0|60,2026-07-20
안산시|성곡동|78500|0|66,2026-07-20
안산시|원시동|45000|0|46,2026-07-20
안산시|성곡동|770000|997|595,2026-07-20
안산시|신길동|30750|0|28,2026-07-20
안산시|성곡동|33500|0|42,2026-07-20
안산시|성곡동|41000|0|54,2026-07-20
안산시|목내동|615000|689|695,2026-07-20
안산시|목내동|450000|500|869,2026-07-20
안산시|목내동|630000|1109|1066,2026-07-20
안산시|목내동|273000|250|214,2026-07-20
안산시|신길동|630000|699|563,2026-07-20
안산시|성곡동|370000|502|553,2026-07-20
안산시|성곡동|340000|325|380,2026-07-20
안산시|원시동|107000|0|90,2026-07-20
안산시|성곡동|440000|500|449,2026-07-20
안산시|원시동|33100|0|32,2026-07-20
안산시|원시동|36600|0|36,2026-07-20
안산시|원시동|66000|0|60,2026-07-20
안산시|원시동|975000|1502|1183,2026-07-20
안산시|목내동|1780000|2792|1783,2026-07-20
안산시|신길동|34472|0|8,2026-07-20
안산시|신길동|23712|0|8,2026-07-20
안산시|신길동|21816|0|7,2026-07-20
안산시|신길동|30000|0|28,2026-07-20
안산시|원시동|43000|0|66,2026-07-20
안산시|신길동|30000|0|23,2026-07-20
안산시|성곡동|345000|499|297,2026-07-20
안산시|신길동|15000|0|25,2026-07-20
안산시|성곡동|643000|646|587,2026-07-20
안산시|원시동|90000|0|87,2026-07-20
안산시|성곡동|310000|500|200,2026-07-20
안산시|신길동|9000|0|32,2026-07-20
안산시|성곡동|265000|349|587,2026-07-20
안산시|성곡동|243000|264|228,2026-07-20
안산시|원시동|52000|0|50,2026-07-20
안산시|원시동|45000|0|57,2026-07-20
안산시|성곡동|145000|127|110,2026-07-20
안산시|성곡동|283397|0|155,2026-07-20
안산시|성곡동|283397|0|194,2026-07-20
안산시|성곡동|283397|0|33,2026-07-20
안산시|성곡동|283397|0|65,2026-07-20
안산시|성곡동|283397|0|55,2026-07-20
안산시|원시동|51500|0|69,2026-07-20
안산시|원시동|53000|0|53,2026-07-20
안산시|성곡동|123000|132|115,2026-07-20
안산시|신길동|16000|0|18,2026-07-20
안산시|원시동|480000|500|401,2026-07-20
안산시|신길동|9500|0|23,2026-07-20
안산시|초지동|800000|1000|1220,2026-07-20
안산시|성곡동|4800000|6005|3223,2026-07-20
안산시|목내동|310000|526|481,2026-07-20
안산시|원시동|51500|0|50,2026-07-20
안산시|신길동|34000|0|27,2026-07-20
안산시|목내동|200000|250|173,2026-07-20
안산시|원시동|37000|0|32,2026-07-20
안산시|원시동|725000|766|626,2026-07-20
고양시|오금동|52391|0|16,2026-07-20
고양시|원흥동|19000|0|14,2026-07-20
고양시|관산동|327600|643|313,2026-07-20
고양시|관산동|15000|643|14,2026-07-20
고양시|동산동|65000|0|46,2026-07-20
고양시|원흥동|8000|0|8,2026-07-20
고양시|향동동|39611|0|47,2026-07-20
고양시|내유동|435000|2192|741,2026-07-20
고양시|덕은동|21682|0|11,2026-07-20
고양시|원흥동|13000|0|10,2026-07-20
고양시|덕은동|29596|0|13,2026-07-20
고양시|덕은동|29596|0|12,2026-07-20
고양시|동산동|50000|0|17,2026-07-20
고양시|동산동|64000|0|17,2026-07-20
고양시|덕은동|49458|0|11,2026-07-20
고양시|덕은동|66179|0|13,2026-07-20
고양시|덕은동|46992|0|10,2026-07-20
고양시|내유동|86140|291|79,2026-07-20
고양시|내유동|14020|291|79,2026-07-20
고양시|내유동|6490|291|36,2026-07-20
고양시|덕은동|23000|0|11,2026-07-20
고양시|덕은동|35164|0|14,2026-07-20
고양시|동산동|8300|0|9,2026-07-20
고양시|내유동|195000|560|264,2026-07-20
고양시|덕은동|34933|0|14,2026-07-20
고양시|내유동|78700|266|95,2026-07-20
고양시|향동동|82500|0|46,2026-07-20
고양시|동산동|55477|0|26,2026-07-20
고양시|동산동|43042|0|20,2026-07-20
고양시|향동동|20000|0|8,2026-07-20
고양시|덕은동|50166|0|19,2026-07-20
고양시|동산동|40000|0|16,2026-07-20
고양시|동산동|56000|0|44,2026-07-20
고양시|원흥동|7000|0|10,2026-07-20
고양시|덕은동|47223|0|19,2026-07-20
고양시|향동동|8500|0|7,2026-07-20
고양시|원흥동|12500|0|10,2026-07-20
고양시|덕은동|24864|0|12,2026-07-20
고양시|향동동|131814|0|64,2026-07-20
고양시|향동동|36500|0|32,2026-07-20
고양시|덕은동|46848|0|17,2026-07-20
고양시|덕은동|41895|0|15,2026-07-20
고양시|덕은동|80931|0|26,2026-07-20
고양시|덕은동|83887|0|27,2026-07-20
고양시|덕은동|57811|0|21,2026-07-20
고양시|덕은동|63490|0|23,2026-07-20
고양시|덕은동|79747|0|26,2026-07-20
고양시|동산동|49000|0|42,2026-07-20
고양시|덕은동|35976|0|14,2026-07-20
고양시|덕은동|37775|0|14,2026-07-20
고양시|덕은동|50508|0|16,2026-07-20
고양시|덕은동|67347|0|21,2026-07-20
고양시|덕은동|67664|0|21,2026-07-20
고양시|덕은동|78167|0|26,2026-07-20
고양시|동산동|39000|0|38,2026-07-20
고양시|향동동|9000|0|12,2026-07-20
고양시|동산동|58000|0|46,2026-07-20
고양시|관산동|118517|349|119,2026-07-20
고양시|덕은동|46339|0|22,2026-07-20
고양시|향동동|51107|0|26,2026-07-20
고양시|덕은동|191174|0|69,2026-07-20
고양시|덕은동|95000|0|30,2026-07-20
고양시|덕은동|225113|0|82,2026-07-20
고양시|향동동|63392|0|45,2026-07-20
고양시|향동동|105451|0|64,2026-07-20
고양시|사리현동|100000|249|202,2026-07-20
고양시|백석동|53000|0|53,2026-07-20
고양시|백석동|94500|0|108,2026-07-20
고양시|중산동|64800|0|64,2026-07-20
고양시|장항동|379200|473|188,2026-07-20
고양시|백석동|56000|0|82,2026-07-20
고양시|성석동|62630|179|85,2026-07-20
고양시|백석동|70000|0|82,2026-07-20
고양시|설문동|105395|918|389,2026-07-20
고양시|백석동|60000|0|79,2026-07-20
고양시|백석동|62000|0|82,2026-07-20
고양시|성석동|522924|1232|916,2026-07-20
고양시|장항동|450000|400|190,2026-07-20
고양시|지영동|79537|389|511,2026-07-20
고양시|지영동|35731|389|229,2026-07-20
고양시|지영동|8233|389|42,2026-07-20
고양시|백석동|60000|0|78,2026-07-20
고양시|백석동|103000|0|104,2026-07-20
고양시|백석동|51500|0|53,2026-07-20
고양시|백석동|67300|0|82,2026-07-20
고양시|성석동|216000|469|147,2026-07-20
고양시|백석동|63000|0|55,2026-07-20
고양시|백석동|59500|0|52,2026-07-20
고양시|백석동|59000|0|52,2026-07-20
고양시|성석동|135960|222|178,2026-07-20
고양시|백석동|40500|0|38,2026-07-20
고양시|백석동|135500|0|110,2026-07-20
고양시|백석동|65500|0|82,2026-07-20
고양시|중산동|30500|0|30,2026-07-20
고양시|백석동|69000|0|82,2026-07-20
고양시|백석동|178500|0|162,2026-07-20
고양시|백석동|3000|0|7,2026-07-20
고양시|백석동|65000|0|78,2026-07-20
고양시|구산동|22000|133|59,2026-07-20
고양시|구산동|29000|100|19,2026-07-20
고양시|가좌동|208783|338|238,2026-07-20
고양시|가좌동|147552|218|173,2026-07-20
고양시|법곳동|70000|275|54,2026-07-20
고양시|가좌동|155000|292|277,2026-07-20
고양시|구산동|290000|407|398,2026-07-20
고양시|구산동|150000|360|139,2026-07-20
고양시|구산동|78800|200|119,2026-07-20
과천시|갈현동|69000|0|26,2026-07-20
과천시|갈현동|91800|0|34,2026-07-20
과천시|갈현동|94000|0|33,2026-07-20
과천시|갈현동|88000|0|30,2026-07-20
과천시|갈현동|186000|0|65,2026-07-20
과천시|갈현동|130000|0|53,2026-07-20
과천시|갈현동|300000|0|108,2026-07-20
과천시|갈현동|75015|0|30,2026-07-20
과천시|갈현동|307000|0|108,2026-07-20
구리시|갈매동|30400|0|23,2026-07-20
구리시|갈매동|27700|0|20,2026-07-20
구리시|갈매동|24000|0|12,2026-07-20
구리시|갈매동|21070|0|12,2026-07-20
구리시|갈매동|48230|0|28,2026-07-20
구리시|갈매동|22190|0|31,2026-07-20
구리시|갈매동|16170|0|24,2026-07-20
구리시|갈매동|9350|0|5,2026-07-20
구리시|갈매동|32240|0|17,2026-07-20
구리시|갈매동|13000|0|9,2026-07-20
구리시|갈매동|38500|0|27,2026-07-20
구리시|갈매동|18950|0|11,2026-07-20
구리시|갈매동|16000|0|15,2026-07-20
구리시|갈매동|11500|0|10,2026-07-20
구리시|갈매동|25000|0|34,2026-07-20
구리시|갈매동|12500|0|11,2026-07-20
구리시|갈매동|14236|0|11,2026-07-20
구리시|갈매동|20031|0|34,2026-07-20
구리시|갈매동|12177|0|10,2026-07-20
구리시|갈매동|18556|0|15,2026-07-20
구리시|갈매동|8795|0|5,2026-07-20
구리시|갈매동|17810|0|11,2026-07-20
구리시|갈매동|36400|0|25,2026-07-20
구리시|갈매동|52600|0|36,2026-07-20
구리시|갈매동|21700|0|12,2026-07-20
구리시|갈매동|10000|0|7,2026-07-20
구리시|갈매동|8574|0|5,2026-07-20
구리시|갈매동|13000|0|15,2026-07-20
구리시|갈매동|11000|0|13,2026-07-20
구리시|갈매동|16750|0|15,2026-07-20
구리시|갈매동|14950|0|13,2026-07-20
구리시|갈매동|12300|0|11,2026-07-20
구리시|갈매동|10320|0|9,2026-07-20
구리시|갈매동|35498|0|30,2026-07-20
구리시|갈매동|46902|0|40,2026-07-20
구리시|갈매동|13913|0|8,2026-07-20
남양주시|진건읍 진관리|323000|499|499,2026-07-20
남양주시|진접읍 부평리|91000|245|59,2026-07-20
남양주시|화도읍 녹촌리|397200|868|347,2026-07-20
남양주시|다산동|11000|0|6,2026-07-20
남양주시|다산동|18500|0|16,2026-07-20
남양주시|다산동|16500|0|15,2026-07-20
남양주시|다산동|12000|0|6,2026-07-20
남양주시|별내동|28000|0|21,2026-07-20
남양주시|별내동|8580|0|5,2026-07-20
남양주시|수동면 입석리|29700|167|59,2026-07-20
남양주시|별내동|32000|0|21,2026-07-20
남양주시|별내동|38000|0|20,2026-07-20
남양주시|다산동|11200|0|6,2026-07-20
남양주시|별내동|7500|0|5,2026-07-20
남양주시|진접읍 부평리|234118|636|221,2026-07-20
남양주시|화도읍 녹촌리|150000|492|148,2026-07-20
남양주시|화도읍 녹촌리|210000|492|295,2026-07-20
남양주시|다산동|14500|0|15,2026-07-20
남양주시|다산동|15500|0|16,2026-07-20
남양주시|화도읍 녹촌리|351900|1015|240,2026-07-20
남양주시|다산동|14000|0|15,2026-07-20
남양주시|화도읍 창현리|168000|435|177,2026-07-20
남양주시|다산동|16395|0|12,2026-07-20
남양주시|다산동|15300|0|11,2026-07-20
남양주시|다산동|27900|0|14,2026-07-20
남양주시|다산동|28800|0|14,2026-07-20
남양주시|다산동|34200|0|16,2026-07-20
남양주시|별내동|33500|0|22,2026-07-20
남양주시|별내동|27500|0|23,2026-07-20
남양주시|별내동|25500|0|21,2026-07-20
남양주시|다산동|37000|0|31,2026-07-20
남양주시|다산동|9000|0|6,2026-07-20
남양주시|오남읍 양지리|10000|600|59,2026-07-20
남양주시|진건읍 진관리|680000|606|775,2026-07-20
남양주시|진건읍 진관리|558450|606|387,2026-07-20
남양주시|진건읍 진관리|302772|499|376,2026-07-20
남양주시|진건읍 진관리|340000|606|387,2026-07-20
남양주시|다산동|8600|0|6,2026-07-20
남양주시|다산동|16846|0|12,2026-07-20
남양주시|별내동|18220|0|14,2026-07-20
남양주시|다산동|12500|0|8,2026-07-20
남양주시|별내동|12800|0|12,2026-07-20
남양주시|진건읍 송능리|498500|1243|282,2026-07-20
남양주시|다산동|10300|0|6,2026-07-20
남양주시|오남읍 양지리|230000|370|229,2026-07-20
남양주시|수동면 입석리|83050|264|104,2026-07-20
남양주시|별내동|21000|0|16,2026-07-20
남양주시|별내동|6000|0|5,2026-07-20
남양주시|진접읍 내곡리|473800|793|437,2026-07-20
남양주시|별내동|75800|281|29,2026-07-20
남양주시|별내동|16500|0|10,2026-07-20
남양주시|다산동|8900|0|6,2026-07-20
남양주시|화도읍 차산리|135500|222|214,2026-07-20
남양주시|다산동|23000|0|12,2026-07-20
남양주시|다산동|29390|0|16,2026-07-20
남양주시|별내동|31000|0|21,2026-07-20
남양주시|다산동|11981|0|8,2026-07-20
남양주시|다산동|15000|0|18,2026-07-20
남양주시|별내동|17053|0|6,2026-07-20
남양주시|진접읍 진벌리|192000|550|59,2026-07-20
남양주시|별내동|14600|0|12,2026-07-20
남양주시|진접읍 진벌리|206000|598|59,2026-07-20
남양주시|다산동|16000|0|14,2026-07-20
남양주시|다산동|9500|0|11,2026-07-20
남양주시|다산동|21000|0|19,2026-07-20
남양주시|다산동|16000|0|16,2026-07-20
남양주시|다산동|12302|0|8,2026-07-20
남양주시|별내동|20340|0|15,2026-07-20
남양주시|별내동|33000|0|20,2026-07-20
남양주시|별내동|16500|0|13,2026-07-20
남양주시|별내동|15500|0|12,2026-07-20
남양주시|별내동|20000|0|21,2026-07-20
남양주시|별내동|21000|0|22,2026-07-20
남양주시|다산동|13800|0|20,2026-07-20
남양주시|다산동|9000|0|10,2026-07-20
남양주시|별내동|19500|0|10,2026-07-20
남양주시|별내동|37000|0|37,2026-07-20
남양주시|별내동|30000|0|28,2026-07-20
남양주시|별내동|31000|0|30,2026-07-20
남양주시|다산동|14735|0|11,2026-07-20
남양주시|별내동|6100|0|7,2026-07-20
남양주시|다산동|8500|0|5,2026-07-20
남양주시|화도읍 마석우리|348360|264|85,2026-07-20
남양주시|다산동|9138|0|5,2026-07-20
남양주시|별내동|40000|0|13,2026-07-20
남양주시|다산동|15465|0|8,2026-07-20
남양주시|진건읍 진관리|536000|499|489,2026-07-20
남양주시|다산동|9900|0|6,2026-07-20
남양주시|별내동|16000|0|18,2026-07-20
남양주시|별내동|13500|0|15,2026-07-20
남양주시|별내동|14000|0|16,2026-07-20
남양주시|별내동|12000|0|14,2026-07-20
남양주시|별내동|14700|0|16,2026-07-20
남양주시|다산동|20000|0|16,2026-07-20
남양주시|다산동|8500|0|6,2026-07-20
남양주시|별내동|16000|0|15,2026-07-20
남양주시|다산동|22000|0|16,2026-07-20
남양주시|다산동|10000|0|5,2026-07-20
남양주시|다산동|22200|0|20,2026-07-20
남양주시|다산동|19500|0|15,2026-07-20
남양주시|다산동|28900|0|20,2026-07-20
남양주시|다산동|10200|0|8,2026-07-20
오산시|세교동|15000|0|10,2026-07-20
오산시|가수동|20657|0|18,2026-07-20
오산시|세교동|48000|0|35,2026-07-20
오산시|세교동|40000|0|26,2026-07-20
오산시|가수동|16500|0|14,2026-07-20
오산시|가수동|18000|0|15,2026-07-20
오산시|가수동|15500|0|14,2026-07-20
오산시|세교동|18500|0|12,2026-07-20
오산시|세교동|19500|0|13,2026-07-20
오산시|세교동|53000|0|44,2026-07-20
오산시|지곶동|498810|988|825,2026-07-20
오산시|가수동|46200|0|36,2026-07-20
오산시|가수동|11000|0|14,2026-07-20
오산시|가수동|32241|0|31,2026-07-20
오산시|가수동|23520|0|22,2026-07-20
오산시|가수동|13874|0|14,2026-07-20
오산시|가수동|40433|0|38,2026-07-20
오산시|가수동|26691|0|27,2026-07-20
오산시|가수동|28541|0|27,2026-07-20
오산시|가수동|38681|0|15,2026-07-20
오산시|가수동|146273|0|15,2026-07-20
오산시|가수동|18763|0|18,2026-07-20
오산시|가수동|11948|0|5,2026-07-20
오산시|가수동|11890|0|5,2026-07-20
오산시|세교동|15633|0|14,2026-07-20
오산시|가수동|30000|0|29,2026-07-20
오산시|양산동|930544|640|255,2026-07-20
오산시|양산동|225520|150|22,2026-07-20
오산시|세교동|62500|113|81,2026-07-20
오산시|가수동|8500|0|5,2026-07-20
시흥시|정왕동|375000|502|302,2026-07-20
시흥시|정왕동|200000|246|149,2026-07-20
시흥시|정왕동|445000|500|383,2026-07-20
시흥시|정왕동|1850000|2224|1657,2026-07-20
시흥시|정왕동|348000|502|310,2026-07-20
시흥시|정왕동|580000|508|772,2026-07-20
시흥시|도창동|387600|422|485,2026-07-20
시흥시|신천동|35000|0|80,2026-07-20
시흥시|광석동|16829|0|10,2026-07-20
시흥시|정왕동|171652|0|144,2026-07-20
시흥시|정왕동|18348|0|15,2026-07-20
시흥시|배곧동|35000|0|44,2026-07-20
시흥시|정왕동|747000|900|982,2026-07-20
시흥시|정왕동|498000|615|740,2026-07-20
시흥시|정왕동|336000|500|266,2026-07-20
시흥시|정왕동|72000|0|79,2026-07-20
시흥시|정왕동|30000|0|37,2026-07-20
시흥시|정왕동|36000|0|42,2026-07-20
시흥시|매화동|43000|0|37,2026-07-20
시흥시|도창동|640000|438|360,2026-07-20
시흥시|정왕동|508000|511|958,2026-07-20
시흥시|신천동|11000|0|9,2026-07-20
시흥시|배곧동|38000|0|36,2026-07-20
시흥시|정왕동|1924000|2960|397,2026-07-20
시흥시|정왕동|520000|604|290,2026-07-20
시흥시|정왕동|350000|502|372,2026-07-20
시흥시|매화동|202555|0|196,2026-07-20
시흥시|매화동|196180|0|206,2026-07-20
시흥시|매화동|37315|0|37,2026-07-20
시흥시|매화동|21590|0|21,2026-07-20
시흥시|정왕동|431740|550|136,2026-07-20
시흥시|정왕동|1505000|1526|4064,2026-07-20
시흥시|능곡동|24564|0|11,2026-07-20
시흥시|능곡동|22489|0|9,2026-07-20
시흥시|정왕동|664000|991|518,2026-07-20
시흥시|정왕동|155000|181|117,2026-07-20
시흥시|능곡동|65220|0|27,2026-07-20
시흥시|정왕동|203000|300|242,2026-07-20
시흥시|능곡동|22887|0|10,2026-07-20
시흥시|정왕동|155000|0|150,2026-07-20
시흥시|정왕동|55000|0|128,2026-07-20
시흥시|정왕동|17800|0|36,2026-07-20
시흥시|정왕동|375000|521|392,2026-07-20
시흥시|은행동|35000|0|39,2026-07-20
시흥시|광석동|34982|0|22,2026-07-20
시흥시|정왕동|46675|0|36,2026-07-20
시흥시|정왕동|19800|0|36,2026-07-20
시흥시|배곧동|12000|0|12,2026-07-20
시흥시|정왕동|25000|0|34,2026-07-20
시흥시|배곧동|34000|0|30,2026-07-20
시흥시|정왕동|521800|638|448,2026-07-20
시흥시|은행동|66000|0|78,2026-07-20
시흥시|정왕동|27700|0|21,2026-07-20
시흥시|정왕동|162500|160|228,2026-07-20
시흥시|대야동|183200|151|249,2026-07-20
시흥시|정왕동|485000|565|368,2026-07-20
시흥시|정왕동|448000|505|379,2026-07-20
시흥시|배곧동|42500|0|40,2026-07-20
시흥시|정왕동|515000|684|520,2026-07-20
시흥시|조남동|33000|0|30,2026-07-20
시흥시|정왕동|61500|0|43,2026-07-20
시흥시|정왕동|2600000|3052|4064,2026-07-20
시흥시|정왕동|7000|0|9,2026-07-20
시흥시|능곡동|22726|0|9,2026-07-20
시흥시|능곡동|25843|0|11,2026-07-20
시흥시|정왕동|35500|0|39,2026-07-20
시흥시|정왕동|34800|0|37,2026-07-20
시흥시|정왕동|8083|0|9,2026-07-20
시흥시|정왕동|7714|0|9,2026-07-20
시흥시|매화동|38000|0|33,2026-07-20
시흥시|정왕동|215833|0|164,2026-07-20
시흥시|정왕동|43167|0|33,2026-07-20
시흥시|대야동|280000|170|392,2026-07-20
시흥시|정왕동|143000|150|117,2026-07-20
시흥시|매화동|41000|0|36,2026-07-20
시흥시|정왕동|600000|565|847,2026-07-20
시흥시|정왕동|140000|171|138,2026-07-20
시흥시|정왕동|25000|0|44,2026-07-20
시흥시|광석동|13000|0|11,2026-07-20
시흥시|정왕동|235800|0|190,2026-07-20
시흥시|정왕동|26200|0|21,2026-07-20
시흥시|정왕동|182000|0|108,2026-07-20
시흥시|정왕동|3000|0|11,2026-07-20
시흥시|정왕동|835000|1193|1097,2026-07-20
시흥시|정왕동|185000|0|120,2026-07-20
시흥시|정왕동|530000|621|894,2026-07-20
시흥시|배곧동|27000|0|36,2026-07-20
시흥시|배곧동|37000|0|36,2026-07-20
시흥시|은행동|39042|0|39,2026-07-20
시흥시|정왕동|26000|0|37,2026-07-20
시흥시|정왕동|25000|0|37,2026-07-20
시흥시|배곧동|10000|0|11,2026-07-20
시흥시|정왕동|155000|160|228,2026-07-20
시흥시|정왕동|49000|0|63,2026-07-20
시흥시|매화동|29900|0|25,2026-07-20
시흥시|매화동|34600|0|29,2026-07-20
시흥시|정왕동|34000|0|45,2026-07-20
시흥시|매화동|30500|0|26,2026-07-20
시흥시|신천동|36000|0|80,2026-07-20
시흥시|정왕동|86500|111|68,2026-07-20
시흥시|정왕동|1150000|1495|794,2026-07-20
시흥시|정왕동|242200|346|196,2026-07-20
시흥시|배곧동|19000|0|32,2026-07-20
시흥시|정왕동|234500|237|209,2026-07-20
시흥시|조남동|63589|100|106,2026-07-20
시흥시|정왕동|82000|0|85,2026-07-20
시흥시|정왕동|938000|1013|880,2026-07-20
시흥시|대야동|230000|143|240,2026-07-20
시흥시|배곧동|15000|0|14,2026-07-20
시흥시|정왕동|6330|0|8,2026-07-20
시흥시|정왕동|6493|0|8,2026-07-20
시흥시|논곡동|98400|107|53,2026-07-20
시흥시|배곧동|38000|0|33,2026-07-20
시흥시|정왕동|234000|230|192,2026-07-20
시흥시|배곧동|16510|0|12,2026-07-20
시흥시|정왕동|648000|503|1559,2026-07-20
시흥시|조남동|9000|0|8,2026-07-20
시흥시|은행동|34500|0|35,2026-07-20
시흥시|정왕동|17500|0|42,2026-07-20
시흥시|정왕동|232540|510|260,2026-07-20
시흥시|정왕동|62000|0|67,2026-07-20
시흥시|정왕동|172000|200|173,2026-07-20
시흥시|매화동|23000|0|19,2026-07-20
시흥시|정왕동|49500|0|51,2026-07-20
시흥시|정왕동|3400|0|7,2026-07-20
시흥시|정왕동|1050000|1501|952,2026-07-20
시흥시|배곧동|12600|0|14,2026-07-20
시흥시|정왕동|390910|519|202,2026-07-20
시흥시|정왕동|385490|502|202,2026-07-20
시흥시|능곡동|25929|0|11,2026-07-20
시흥시|광석동|50500|0|39,2026-07-20
시흥시|광석동|30000|0|26,2026-07-20
시흥시|정왕동|377000|500|370,2026-07-20
시흥시|정왕동|24000|0|54,2026-07-20
시흥시|정왕동|120000|1025|80,2026-07-20
시흥시|정왕동|460000|1025|310,2026-07-20
시흥시|정왕동|320000|1025|215,2026-07-20
시흥시|정왕동|22000|0|58,2026-07-20
시흥시|대야동|11300|0|7,2026-07-20
시흥시|대야동|57500|0|46,2026-07-20
시흥시|대야동|16950|0|13,2026-07-20
시흥시|대야동|13350|0|10,2026-07-20
시흥시|대야동|16550|0|13,2026-07-20
시흥시|대야동|14850|0|11,2026-07-20
시흥시|대야동|19450|0|15,2026-07-20
시흥시|대야동|16750|0|13,2026-07-20
시흥시|대야동|13200|0|10,2026-07-20
시흥시|대야동|16350|0|13,2026-07-20
시흥시|대야동|14700|0|11,2026-07-20
시흥시|대야동|19250|0|15,2026-07-20
시흥시|대야동|16600|0|13,2026-07-20
시흥시|대야동|13050|0|10,2026-07-20
시흥시|대야동|16150|0|13,2026-07-20
시흥시|대야동|14500|0|11,2026-07-20
시흥시|대야동|16200|0|13,2026-07-20
시흥시|대야동|19050|0|15,2026-07-20
시흥시|대야동|54000|0|51,2026-07-20
시흥시|대야동|32200|0|29,2026-07-20
시흥시|정왕동|28000|0|46,2026-07-20
시흥시|배곧동|33000|0|39,2026-07-20
시흥시|배곧동|34000|0|41,2026-07-20
시흥시|배곧동|22771|0|10,2026-07-20
시흥시|정왕동|17400|0|20,2026-07-20
시흥시|정왕동|360000|505|301,2026-07-20
시흥시|정왕동|490000|500|437,2026-07-20
시흥시|정왕동|212500|249|223,2026-07-20
시흥시|배곧동|15000|0|10,2026-07-20
시흥시|배곧동|16700|0|11,2026-07-20
시흥시|조남동|17000|0|23,2026-07-20
시흥시|정왕동|44000|0|47,2026-07-20
시흥시|정왕동|92000|103|75,2026-07-20
시흥시|정왕동|8000|0|9,2026-07-20
시흥시|정왕동|75000|0|79,2026-07-20
시흥시|정왕동|395000|500|418,2026-07-20
시흥시|배곧동|17000|0|35,2026-07-20
시흥시|정왕동|162000|0|144,2026-07-20
시흥시|정왕동|23000|0|20,2026-07-20
시흥시|정왕동|820000|1158|1124,2026-07-20
시흥시|은행동|34500|0|39,2026-07-20
군포시|당정동|49000|0|43,2026-07-20
군포시|당정동|36000|0|32,2026-07-20
군포시|당정동|59000|0|54,2026-07-20
군포시|당정동|15500|0|19,2026-07-20
군포시|당정동|12000|0|8,2026-07-20
군포시|부곡동|1140000|986|803,2026-07-20
군포시|당정동|411991|280|469,2026-07-20
군포시|당정동|45700|0|50,2026-07-20
군포시|당정동|60000|0|49,2026-07-20
군포시|당정동|35000|0|68,2026-07-20
군포시|부곡동|13647|0|10,2026-07-20
군포시|당정동|14900|0|12,2026-07-20
군포시|당정동|41500|0|36,2026-07-20
군포시|당정동|38500|0|39,2026-07-20
군포시|당동|43000|0|66,2026-07-20
군포시|당정동|1389925|380|1759,2026-07-20
군포시|당정동|70000|0|116,2026-07-20
군포시|당정동|1370613|380|1759,2026-07-20
군포시|당정동|33250|0|68,2026-07-20
군포시|당정동|46500|0|49,2026-07-20
군포시|당정동|32000|0|37,2026-07-20
군포시|당정동|525000|350|221,2026-07-20
군포시|당정동|49000|0|42,2026-07-20
군포시|당정동|32000|0|63,2026-07-20
군포시|당정동|91800|0|149,2026-07-20
군포시|금정동|85000|0|92,2026-07-20
군포시|당정동|43500|0|50,2026-07-20
군포시|당정동|71500|0|132,2026-07-20
군포시|당정동|15000|0|18,2026-07-20
군포시|금정동|85000|0|89,2026-07-20
군포시|금정동|30000|0|43,2026-07-20
군포시|금정동|85000|0|91,2026-07-20
군포시|금정동|47000|0|49,2026-07-20
군포시|부곡동|11300|0|10,2026-07-20
군포시|부곡동|12700|0|11,2026-07-20
군포시|당정동|24200|0|24,2026-07-20
군포시|당정동|60300|0|50,2026-07-20
군포시|당정동|89000|0|100,2026-07-20
군포시|금정동|44000|0|44,2026-07-20
군포시|당정동|60000|0|71,2026-07-20
군포시|당정동|30000|0|34,2026-07-20
군포시|당정동|103000|0|100,2026-07-20
군포시|금정동|3000|0|9,2026-07-20
군포시|당정동|39000|0|68,2026-07-20
군포시|당정동|26000|0|17,2026-07-20
군포시|당정동|57190|0|37,2026-07-20
군포시|당정동|30650|0|25,2026-07-20
군포시|당정동|28160|0|24,2026-07-20
군포시|당정동|64500|0|54,2026-07-20
군포시|금정동|450000|152|489,2026-07-20
군포시|당정동|39000|0|46,2026-07-20
군포시|금정동|225000|100|205,2026-07-20
군포시|당정동|34500|0|39,2026-07-20
군포시|당정동|45000|0|53,2026-07-20
군포시|당정동|52000|0|46,2026-07-20
군포시|금정동|82000|0|131,2026-07-20
군포시|금정동|133000|0|137,2026-07-20
군포시|당정동|97000|0|86,2026-07-20
군포시|당정동|65000|0|100,2026-07-20
군포시|당정동|33700|0|39,2026-07-20
군포시|당정동|34800|0|39,2026-07-20
군포시|금정동|390000|220|469,2026-07-20
군포시|산본동|285000|222|88,2026-07-20
군포시|당정동|87500|0|100,2026-07-20
군포시|당정동|33500|0|23,2026-07-20
군포시|당정동|45000|0|49,2026-07-20
군포시|당정동|37000|0|38,2026-07-20
군포시|산본동|850000|303|903,2026-07-20
군포시|당정동|90000|0|100,2026-07-20
군포시|금정동|450000|195|513,2026-07-20
의왕시|오전동|182878|145|286,2026-07-20
의왕시|왕곡동|649100|835|139,2026-07-20
의왕시|오전동|184000|149|286,2026-07-20
의왕시|삼동|49000|0|43,2026-07-20
의왕시|이동|49000|0|38,2026-07-20
의왕시|포일동|46600|0|35,2026-07-20
의왕시|포일동|17500|0|14,2026-07-20
의왕시|삼동|22000|0|18,2026-07-20
의왕시|고천동|1010000|641|635,2026-07-20
의왕시|포일동|50000|0|34,2026-07-20
의왕시|오전동|83200|0|89,2026-07-20
의왕시|포일동|39000|0|33,2026-07-20
의왕시|삼동|13950|0|12,2026-07-20
의왕시|초평동|38916|0|21,2026-07-20
의왕시|초평동|37730|0|21,2026-07-20
의왕시|초평동|62297|0|39,2026-07-20
의왕시|초평동|62093|0|36,2026-07-20
의왕시|포일동|38000|0|33,2026-07-20
의왕시|포일동|17500|0|11,2026-07-20
의왕시|고천동|50000|0|36,2026-07-20
의왕시|포일동|35000|0|28,2026-07-20
의왕시|삼동|13500|0|12,2026-07-20
의왕시|고천동|48000|0|39,2026-07-20
의왕시|이동|36000|0|36,2026-07-20
의왕시|이동|24000|0|25,2026-07-20
의왕시|포일동|40000|0|33,2026-07-20
의왕시|고천동|248454|173|208,2026-07-20
의왕시|삼동|29000|0|24,2026-07-20
의왕시|포일동|41000|0|35,2026-07-20
의왕시|초평동|58428|0|26,2026-07-20
의왕시|이동|38500|0|34,2026-07-20
의왕시|오전동|25000|0|42,2026-07-20
의왕시|포일동|66780|0|58,2026-07-20
의왕시|포일동|32500|0|28,2026-07-20
의왕시|초평동|52800|0|29,2026-07-20
의왕시|포일동|16900|0|9,2026-07-20
의왕시|고천동|671768|509|408,2026-07-20
의왕시|고천동|100000|0|74,2026-07-20
의왕시|포일동|135000|0|104,2026-07-20
의왕시|포일동|45000|0|34,2026-07-20
의왕시|오전동|40850|0|39,2026-07-20
의왕시|이동|28450|0|50,2026-07-20
의왕시|이동|52000|0|93,2026-07-20
의왕시|포일동|41000|0|33,2026-07-20
의왕시|고천동|45000|0|39,2026-07-20
의왕시|오전동|34000|0|72,2026-07-20
의왕시|초평동|68600|0|42,2026-07-20
의왕시|오전동|38000|0|39,2026-07-20
의왕시|포일동|39500|0|33,2026-07-20
의왕시|포일동|53000|0|39,2026-07-20
의왕시|포일동|52000|0|39,2026-07-20
의왕시|초평동|45000|0|24,2026-07-20
하남시|망월동|33000|0|22,2026-07-20
하남시|풍산동|19500|0|12,2026-07-20
하남시|풍산동|50000|0|44,2026-07-20
하남시|망월동|15000|0|12,2026-07-20
하남시|망월동|115616|0|30,2026-07-20
하남시|망월동|129586|0|29,2026-07-20
하남시|망월동|17271|0|15,2026-07-20
하남시|풍산동|52000|0|32,2026-07-20
하남시|풍산동|14000|0|11,2026-07-20
하남시|덕풍동|6000|0|7,2026-07-20
하남시|망월동|14000|0|12,2026-07-20
하남시|풍산동|9600|0|9,2026-07-20
하남시|풍산동|54668|0|43,2026-07-20
하남시|풍산동|51763|0|41,2026-07-20
하남시|풍산동|44055|0|28,2026-07-20
하남시|풍산동|45429|0|28,2026-07-20
하남시|풍산동|10000|0|7,2026-07-20
하남시|덕풍동|49700|0|46,2026-07-20
하남시|풍산동|15000|0|13,2026-07-20
하남시|망월동|65000|0|24,2026-07-20
하남시|덕풍동|62000|0|32,2026-07-20
하남시|망월동|76500|0|41,2026-07-20
하남시|덕풍동|10600|0|13,2026-07-20
하남시|덕풍동|10800|0|11,2026-07-20
하남시|풍산동|25500|0|12,2026-07-20
하남시|덕풍동|10000|0|7,2026-07-20
하남시|망월동|236195|0|66,2026-07-20
하남시|덕풍동|36650|0|12,2026-07-20
하남시|덕풍동|6800|0|8,2026-07-20
하남시|풍산동|3500|0|8,2026-07-20
하남시|풍산동|29000|0|22,2026-07-20
하남시|덕풍동|34800|0|23,2026-07-20
하남시|덕풍동|11600|0|8,2026-07-20
하남시|덕풍동|11400|0|7,2026-07-20
하남시|풍산동|30000|0|15,2026-07-20
하남시|망월동|26000|0|17,2026-07-20
하남시|덕풍동|50000|0|46,2026-07-20
하남시|덕풍동|50000|0|48,2026-07-20
하남시|덕풍동|9300|0|6,2026-07-20
하남시|덕풍동|26000|0|25,2026-07-20
하남시|풍산동|13450|0|8,2026-07-20
하남시|망월동|12000|0|13,2026-07-20
하남시|덕풍동|11000|0|7,2026-07-20
하남시|덕풍동|10000|0|6,2026-07-20
하남시|풍산동|53700|0|33,2026-07-20
하남시|풍산동|50000|0|30,2026-07-20
하남시|광암동|348000|181|125,2026-07-20
하남시|덕풍동|38958|0|11,2026-07-20
하남시|덕풍동|59500|0|57,2026-07-20
하남시|덕풍동|85930|0|13,2026-07-20
하남시|풍산동|36300|0|31,2026-07-20
하남시|풍산동|37000|0|31,2026-07-20
하남시|풍산동|40200|0|33,2026-07-20
하남시|풍산동|41200|0|15,2026-07-20
하남시|풍산동|11000|0|11,2026-07-20
하남시|풍산동|31649|0|30,2026-07-20
하남시|풍산동|33352|0|31,2026-07-20
하남시|덕풍동|6700|0|8,2026-07-20
하남시|덕풍동|69500|0|64,2026-07-20
하남시|풍산동|15000|0|24,2026-07-20
하남시|풍산동|13300|0|8,2026-07-20
하남시|풍산동|36000|0|23,2026-07-20
하남시|덕풍동|12600|0|8,2026-07-20
하남시|풍산동|43285|0|32,2026-07-20
하남시|풍산동|44499|0|32,2026-07-20
하남시|풍산동|44499|0|33,2026-07-20
하남시|풍산동|40756|0|32,2026-07-20
하남시|풍산동|41899|0|33,2026-07-20
하남시|망월동|57700|0|26,2026-07-20
하남시|망월동|72900|0|26,2026-07-20
하남시|망월동|69400|0|26,2026-07-20
하남시|덕풍동|9500|0|6,2026-07-20
하남시|망월동|23000|0|17,2026-07-20
하남시|풍산동|11000|0|7,2026-07-20
하남시|풍산동|49000|0|28,2026-07-20
하남시|풍산동|36500|0|30,2026-07-20
하남시|풍산동|34000|0|30,2026-07-20
하남시|망월동|14000|0|10,2026-07-20
하남시|덕풍동|52834|0|35,2026-07-20
하남시|덕풍동|11300|0|8,2026-07-20
하남시|풍산동|29500|0|26,2026-07-20
하남시|풍산동|47000|0|31,2026-07-20
하남시|덕풍동|30000|0|30,2026-07-20
하남시|풍산동|52000|0|33,2026-07-20
하남시|풍산동|9700|0|6,2026-07-20
하남시|풍산동|17840|0|11,2026-07-20
하남시|풍산동|21862|0|17,2026-07-20
하남시|덕풍동|5500|0|7,2026-07-20
하남시|풍산동|7700000|891|6171,2026-07-20
하남시|풍산동|35000|0|30,2026-07-20
하남시|풍산동|34800|0|30,2026-07-20
하남시|풍산동|10000|0|11,2026-07-20
하남시|풍산동|17800|0|28,2026-07-20
하남시|덕풍동|21000|0|11,2026-07-20
하남시|망월동|8500|0|6,2026-07-20
하남시|풍산동|31700|0|30,2026-07-20
하남시|풍산동|38500|0|31,2026-07-20
하남시|풍산동|40000|0|18,2026-07-20
하남시|풍산동|29700|0|26,2026-07-20
하남시|덕풍동|51000|0|46,2026-07-20
하남시|풍산동|42000|0|31,2026-07-20
하남시|망월동|60000|0|27,2026-07-20
하남시|덕풍동|10800|0|7,2026-07-20
하남시|풍산동|57700|0|37,2026-07-20
하남시|감이동|80000|0|27,2026-07-20
하남시|풍산동|41000|0|30,2026-07-20
하남시|풍산동|3500|0|6,2026-07-20
하남시|풍산동|5700|0|12,2026-07-20
하남시|망월동|58000|0|40,2026-07-20
하남시|풍산동|10600|0|10,2026-07-20
하남시|풍산동|22000|0|24,2026-07-20
하남시|풍산동|15500|0|12,2026-07-20
하남시|덕풍동|14600|0|12,2026-07-20
하남시|풍산동|23000|0|45,2026-07-20
하남시|풍산동|43292|0|27,2026-07-20
하남시|덕풍동|15500|0|16,2026-07-20
하남시|풍산동|9500|0|6,2026-07-20
하남시|풍산동|9550|0|6,2026-07-20
하남시|풍산동|9400|0|6,2026-07-20
하남시|풍산동|38000|0|26,2026-07-20
하남시|망월동|40000|0|35,2026-07-20
하남시|풍산동|68500|0|41,2026-07-20
하남시|망월동|24000|0|23,2026-07-20
하남시|망월동|9000|0|7,2026-07-20
하남시|망월동|10000|0|7,2026-07-20
하남시|풍산동|25000|0|21,2026-07-20
하남시|풍산동|60799|0|37,2026-07-20
하남시|풍산동|69589|0|43,2026-07-20
하남시|풍산동|65917|0|41,2026-07-20
하남시|풍산동|68542|0|42,2026-07-20
하남시|풍산동|58354|0|36,2026-07-20
하남시|광암동|610000|300|418,2026-07-20
하남시|풍산동|9300|0|6,2026-07-20
하남시|풍산동|13500|0|6,2026-07-20
하남시|풍산동|7100|0|12,2026-07-20
하남시|덕풍동|59500|0|55,2026-07-20
하남시|덕풍동|111500|0|103,2026-07-20
하남시|풍산동|21700|0|23,2026-07-20
하남시|망월동|28000|0|18,2026-07-20
하남시|풍산동|7200|0|12,2026-07-20
하남시|초이동|1414723|640|247,2026-07-20
하남시|광암동|410000|181|274,2026-07-20
하남시|풍산동|14000|0|13,2026-07-20
하남시|덕풍동|19000|0|18,2026-07-20
하남시|망월동|8200|0|6,2026-07-20
하남시|망월동|164387|0|39,2026-07-20
하남시|풍산동|52000|0|46,2026-07-20
하남시|풍산동|31000|0|27,2026-07-20
하남시|풍산동|19500|0|35,2026-07-20
하남시|풍산동|60000|0|41,2026-07-20
하남시|덕풍동|9000|0|6,2026-07-20
하남시|초이동|420000|136|491,2026-07-20
하남시|덕풍동|11000|0|11,2026-07-20
하남시|덕풍동|28000|0|30,2026-07-20
하남시|덕풍동|58000|0|38,2026-07-20
하남시|덕풍동|91000|0|89,2026-07-20
하남시|덕풍동|44000|0|41,2026-07-20
하남시|덕풍동|101000|0|96,2026-07-20
하남시|풍산동|14000|0|10,2026-07-20
하남시|덕풍동|12000|0|11,2026-07-20
하남시|망월동|10650|0|8,2026-07-20
하남시|풍산동|47180|0|40,2026-07-20
하남시|풍산동|19167|0|13,2026-07-20
하남시|풍산동|37700|0|32,2026-07-20
하남시|풍산동|47700|0|29,2026-07-20
하남시|망월동|18500|0|18,2026-07-20
하남시|풍산동|10000|0|6,2026-07-20
하남시|풍산동|57500|0|39,2026-07-20
하남시|광암동|380000|201|170,2026-07-20
하남시|덕풍동|22000|0|21,2026-07-20
하남시|덕풍동|105500|0|103,2026-07-20
하남시|망월동|30000|0|29,2026-07-20
하남시|풍산동|66000|0|40,2026-07-20
하남시|덕풍동|15000|0|9,2026-07-20
하남시|풍산동|63000|0|49,2026-07-20
하남시|망월동|94800|0|15,2026-07-20
하남시|망월동|42262|0|16,2026-07-20
하남시|덕풍동|47000|0|35,2026-07-20
하남시|풍산동|46000|0|31,2026-07-20
하남시|풍산동|49500|0|34,2026-07-20
하남시|망월동|15000|0|15,2026-07-20
하남시|망월동|11000|0|6,2026-07-20
하남시|풍산동|16200|0|13,2026-07-20
하남시|망월동|10300|0|6,2026-07-20
하남시|풍산동|36800|0|32,2026-07-20
하남시|덕풍동|55800|0|55,2026-07-20
하남시|망월동|20000|0|14,2026-07-20
하남시|망월동|30000|0|23,2026-07-20
하남시|풍산동|9000|0|7,2026-07-20
하남시|풍산동|27300|0|22,2026-07-20
하남시|풍산동|28300|0|23,2026-07-20
하남시|망월동|27000|0|14,2026-07-20
하남시|덕풍동|43000|0|48,2026-07-20
하남시|초이동|4467900|4662|1355,2026-07-20
하남시|망월동|135590|0|37,2026-07-20
하남시|덕풍동|8950|0|6,2026-07-20
하남시|덕풍동|10500|0|6,2026-07-20
하남시|덕풍동|5000|0|8,2026-07-20
하남시|풍산동|41440|0|33,2026-07-20
하남시|풍산동|48920|0|31,2026-07-20
하남시|풍산동|51980|0|34,2026-07-20
하남시|풍산동|54190|0|35,2026-07-20
하남시|풍산동|67230|0|48,2026-07-20
하남시|풍산동|47680|0|30,2026-07-20
하남시|덕풍동|7500|0|8,2026-07-20
하남시|망월동|19000|0|13,2026-07-20
하남시|덕풍동|63000|0|38,2026-07-20
하남시|덕풍동|69000|0|41,2026-07-20
하남시|망월동|55000|0|40,2026-07-20
하남시|망월동|43000|0|40,2026-07-20
하남시|풍산동|17250|0|16,2026-07-20
하남시|망월동|9100|0|6,2026-07-20
하남시|덕풍동|12500|0|11,2026-07-20
하남시|풍산동|44000|0|32,2026-07-20
하남시|풍산동|39000|0|32,2026-07-20
하남시|망월동|9300|0|6,2026-07-20
하남시|풍산동|17593|0|17,2026-07-20
용인시|이동읍 덕성리|1110000|2002|727,2026-07-20
용인시|모현읍 일산리|82300|359|119,2026-07-20
용인시|유방동|1637840|2360|1411,2026-07-20
용인시|모현읍 초부리|139870|324|129,2026-07-20
용인시|모현읍 매산리|160000|280|150,2026-07-20
용인시|양지읍 남곡리|49396|326|124,2026-07-20
용인시|백암면 고안리|1120000|2685|901,2026-07-20
용인시|남사읍 완장리|31815|143|20,2026-07-20
용인시|이동읍 덕성리|1080000|2002|727,2026-07-20
용인시|양지읍 주북리|160000|378|169,2026-07-20
용인시|이동읍 덕성리|273000|440|309,2026-07-20
용인시|모현읍 오산리|57605|168|94,2026-07-20
용인시|양지읍 남곡리|2148996|4054|1123,2026-07-20
용인시|이동읍 천리|440000|927|106,2026-07-20
용인시|모현읍 초부리|1096695|3481|2579,2026-07-20
용인시|모현읍 매산리|160000|348|69,2026-07-20
용인시|이동읍 덕성리|695000|1097|610,2026-07-20
용인시|양지읍 주북리|497350|2149|393,2026-07-20
용인시|양지읍 주북리|370362|1533|300,2026-07-20
용인시|양지읍 주북리|218316|2149|393,2026-07-20
용인시|양지읍 주북리|157324|1533|300,2026-07-20
용인시|모현읍 매산리|166000|348|69,2026-07-20
용인시|모현읍 매산리|140850|459|114,2026-07-20
용인시|이동읍 어비리|19500|159|29,2026-07-20
용인시|원삼면 맹리|8268007|10816|16634,2026-07-20
용인시|모현읍 오산리|112013|262|239,2026-07-20
용인시|모현읍 오산리|57987|107|39,2026-07-20
용인시|포곡읍 마성리|545472|700|209,2026-07-20
용인시|중동|66000|0|83,2026-07-20
용인시|중동|62500|0|83,2026-07-20
용인시|중동|33000|0|40,2026-07-20
용인시|영덕동|45000|0|24,2026-07-20
용인시|영덕동|18400|0|15,2026-07-20
용인시|청덕동|32000|0|26,2026-07-20
용인시|영덕동|25000|0|30,2026-07-20
용인시|영덕동|19500|0|13,2026-07-20
용인시|농서동|13570|0|10,2026-07-20
용인시|청덕동|46500|0|35,2026-07-20
용인시|청덕동|30000|0|21,2026-07-20
용인시|영덕동|145000|0|70,2026-07-20
용인시|구갈동|51000|0|30,2026-07-20
용인시|영덕동|32000|0|33,2026-07-20
용인시|영덕동|29000|0|28,2026-07-20
용인시|청덕동|30850|0|26,2026-07-20
용인시|구갈동|58500|0|51,2026-07-20
용인시|구갈동|31000|0|27,2026-07-20
용인시|구갈동|67000|0|37,2026-07-20
용인시|영덕동|41000|0|28,2026-07-20
용인시|구갈동|38500|0|37,2026-07-20
용인시|구갈동|54500|0|37,2026-07-20
용인시|구갈동|56000|0|37,2026-07-20
용인시|영덕동|12350|0|10,2026-07-20
용인시|영덕동|41500|0|34,2026-07-20
용인시|농서동|5000|0|6,2026-07-20
용인시|청덕동|40500|0|35,2026-07-20
용인시|중동|17400|0|26,2026-07-20
용인시|중동|17300|0|25,2026-07-20
용인시|영덕동|13400|0|13,2026-07-20
용인시|청덕동|26000|0|20,2026-07-20
용인시|구갈동|38500|0|30,2026-07-20
용인시|구갈동|57500|0|33,2026-07-20
용인시|중동|24000|0|25,2026-07-20
용인시|공세동|285995|353|448,2026-07-20
용인시|공세동|344005|318|743,2026-07-20
용인시|청덕동|31900|0|28,2026-07-20
용인시|영덕동|42000|0|26,2026-07-20
용인시|영덕동|39000|0|27,2026-07-20
용인시|영덕동|13000|0|13,2026-07-20
용인시|영덕동|48000|0|27,2026-07-20
용인시|영덕동|13200|0|11,2026-07-20
용인시|영덕동|14000|0|10,2026-07-20
용인시|영덕동|117000|0|62,2026-07-20
용인시|영덕동|15000|0|14,2026-07-20
용인시|청덕동|28418|0|25,2026-07-20
용인시|청덕동|33118|0|29,2026-07-20
용인시|청덕동|29889|0|26,2026-07-20
용인시|청덕동|31647|0|28,2026-07-20
용인시|청덕동|22417|0|20,2026-07-20
용인시|청덕동|42205|0|38,2026-07-20
용인시|청덕동|9800|0|10,2026-07-20
용인시|농서동|40000|0|26,2026-07-20
용인시|영덕동|12700|0|10,2026-07-20
용인시|영덕동|43000|0|27,2026-07-20
용인시|농서동|20940|0|14,2026-07-20
용인시|농서동|25840|0|17,2026-07-20
용인시|농서동|7220|0|8,2026-07-20
용인시|중동|18000|0|18,2026-07-20
용인시|중동|24500|0|25,2026-07-20
용인시|영덕동|31000|0|30,2026-07-20
용인시|영덕동|30000|0|28,2026-07-20
용인시|영덕동|33000|0|33,2026-07-20
용인시|구갈동|56387|0|37,2026-07-20
용인시|구갈동|64110|0|38,2026-07-20
용인시|구갈동|51788|0|32,2026-07-20
용인시|영덕동|29000|0|24,2026-07-20
용인시|농서동|44000|0|41,2026-07-20
용인시|영덕동|42000|0|27,2026-07-20
용인시|영덕동|41700|0|26,2026-07-20
용인시|영덕동|38000|0|36,2026-07-20
용인시|영덕동|47300|0|36,2026-07-20
용인시|농서동|8000|0|7,2026-07-20
용인시|구갈동|94825|0|55,2026-07-20
용인시|영덕동|35000|0|28,2026-07-20
용인시|구갈동|52012|0|33,2026-07-20
용인시|구갈동|59491|0|37,2026-07-20
용인시|농서동|22000|0|11,2026-07-20
용인시|청덕동|32000|0|30,2026-07-20
용인시|구갈동|59300|0|33,2026-07-20
용인시|영덕동|15000|0|17,2026-07-20
용인시|중동|23000|0|25,2026-07-20
용인시|중동|24000|0|26,2026-07-20
용인시|중동|45000|0|33,2026-07-20
용인시|농서동|11700|0|15,2026-07-20
용인시|농서동|11700|0|14,2026-07-20
용인시|영덕동|14000|0|15,2026-07-20
용인시|영덕동|105000|0|102,2026-07-20
용인시|농서동|24590|0|30,2026-07-20
용인시|농서동|6500|0|7,2026-07-20
용인시|농서동|8500|0|8,2026-07-20
용인시|구갈동|72500|0|44,2026-07-20
용인시|영덕동|33000|0|30,2026-07-20
용인시|영덕동|39300|0|30,2026-07-20
용인시|영덕동|38000|0|27,2026-07-20
용인시|청덕동|29800|0|25,2026-07-20
용인시|청덕동|29800|0|26,2026-07-20
용인시|청덕동|33000|0|26,2026-07-20
용인시|청덕동|34000|0|28,2026-07-20
용인시|농서동|3800|0|5,2026-07-20
용인시|농서동|7700|0|7,2026-07-20
용인시|상하동|105000|146|164,2026-07-20
용인시|농서동|7800|0|8,2026-07-20
용인시|청덕동|32000|0|28,2026-07-20
용인시|청덕동|31500|0|26,2026-07-20
용인시|영덕동|32000|0|28,2026-07-20
용인시|영덕동|36000|0|33,2026-07-20
용인시|영덕동|32000|0|30,2026-07-20
용인시|청덕동|32200|0|25,2026-07-20
용인시|영덕동|61000|0|52,2026-07-20
용인시|영덕동|38260|0|27,2026-07-20
용인시|농서동|9000|0|10,2026-07-20
용인시|중동|34000|0|51,2026-07-20
용인시|상현동|60000|0|24,2026-07-20
용인시|상현동|90400|0|34,2026-07-20
용인시|상현동|85400|0|32,2026-07-20
용인시|상현동|81200|0|30,2026-07-20
용인시|상현동|28250|0|11,2026-07-20
용인시|상현동|257000|0|97,2026-07-20
용인시|동천동|86000|0|31,2026-07-20
용인시|동천동|87000|0|31,2026-07-20
용인시|상현동|25000|0|11,2026-07-20
용인시|동천동|97000|0|32,2026-07-20
용인시|상현동|23700|0|11,2026-07-20
용인시|상현동|24000|0|9,2026-07-20
용인시|고기동|268108|348|230,2026-07-20
용인시|상현동|18900|0|10,2026-07-20
용인시|상현동|66600|0|27,2026-07-20
용인시|상현동|61900|0|26,2026-07-20
용인시|동천동|98580|0|31,2026-07-20
용인시|동천동|198000|0|72,2026-07-20
용인시|상현동|75000|0|30,2026-07-20
용인시|성복동|440829|490|204,2026-07-20
용인시|동천동|10220936|2974|1511,2026-07-20
용인시|동천동|1689860|496|304,2026-07-20
용인시|동천동|360000|0|128,2026-07-20
용인시|동천동|105000|0|34,2026-07-20
용인시|상현동|98000|0|41,2026-07-20
용인시|상현동|52000|0|21,2026-07-20
용인시|상현동|26530|0|13,2026-07-20
용인시|상현동|51470|0|26,2026-07-20
파주시|연다산동|261000|507|167,2026-07-20
파주시|법원읍 금곡리|613500|4448|1044,2026-07-20
파주시|조리읍 능안리|25616|134|48,2026-07-20
파주시|와동동|12000|0|13,2026-07-20
파주시|탄현면 축현리|521700|1209|711,2026-07-20
파주시|조리읍 뇌조리|284480|1066|413,2026-07-20
파주시|문발동|750000|982|1755,2026-07-20
파주시|맥금동|706727|1099|1099,2026-07-20
파주시|파주읍 부곡리|91000|485|199,2026-07-20
파주시|연다산동|64100|178|25,2026-07-20
파주시|탄현면 오금리|140000|719|261,2026-07-20
파주시|연다산동|299000|699|236,2026-07-20
파주시|탄현면 축현리|349000|954|281,2026-07-20
파주시|법원읍 대능리|22000|196|63,2026-07-20
파주시|월롱면 영태리|89800|334|114,2026-07-20
파주시|탄현면 금승리|418000|1448|533,2026-07-20
파주시|맥금동|623600|1943|771,2026-07-20
파주시|파주읍 백석리|121900|470|186,2026-07-20
파주시|송촌동|243700|468|243,2026-07-20
파주시|파평면 눌노리|70000|461|100,2026-07-20
파주시|조리읍 오산리|150000|359|494,2026-07-20
파주시|월롱면 덕은리|46454|269|84,2026-07-20
파주시|연다산동|283200|671|320,2026-07-20
파주시|탄현면 성동리|156000|478|263,2026-07-20
파주시|법원읍 웅담리|298630|1938|385,2026-07-20
파주시|탄현면 성동리|97500|323|222,2026-07-20
파주시|조리읍 오산리|179800|1067|401,2026-07-20
파주시|파평면 금파리|159600|1196|762,2026-07-20
파주시|파주읍 부곡리|63250|431|138,2026-07-20
파주시|광탄면 창만리|157700|802|196,2026-07-20
파주시|광탄면 창만리|230300|1015|458,2026-07-20
파주시|법원읍 웅담리|120000|1606|425,2026-07-20
파주시|동패동|148000|389|190,2026-07-20
파주시|맥금동|39700|242|94,2026-07-20
파주시|광탄면 창만리|74300|427|173,2026-07-20
파주시|파주읍 부곡리|58000|270|117,2026-07-20
파주시|광탄면 용미리|210900|741|274,2026-07-20
파주시|금촌동|6000|0|17,2026-07-20
파주시|법원읍 삼방리|40585|358|133,2026-07-20
파주시|법원읍 삼방리|16305|145|40,2026-07-20
파주시|문산읍 선유리|782000|1452|1744,2026-07-20
파주시|월롱면 영태리|29709|108|49,2026-07-20
파주시|와동동|16830|0|11,2026-07-20
파주시|와동동|19135|0|13,2026-07-20
파주시|와동동|23120|0|16,2026-07-20
파주시|와동동|17855|0|12,2026-07-20
파주시|와동동|19173|0|13,2026-07-20
파주시|법원읍 삼방리|54047|358|133,2026-07-20
파주시|법원읍 삼방리|21874|145|40,2026-07-20
파주시|탄현면 갈현리|320000|648|398,2026-07-20
파주시|적성면 가월리|175045|696|518,2026-07-20
파주시|파주읍 부곡리|75000|340|136,2026-07-20
파주시|탄현면 성동리|179250|478|282,2026-07-20
파주시|조리읍 뇌조리|135905|582|227,2026-07-20
파주시|검산동|186444|562|426,2026-07-20
파주시|야당동|100|0|2,2026-07-20
파주시|상지석동|162629|310|120,2026-07-20
파주시|문발동|12000|0|17,2026-07-20
파주시|광탄면 분수리|92000|427|169,2026-07-20
파주시|와동동|15700|0|11,2026-07-20
파주시|법원읍 가야리|123000|867|240,2026-07-20
파주시|상지석동|236736|388|302,2026-07-20
파주시|탄현면 법흥리|264800|1111|503,2026-07-20
파주시|월롱면 영태리|170700|860|267,2026-07-20
파주시|파평면 금파리|64000|513|161,2026-07-20
파주시|조리읍 봉일천리|312000|1306|533,2026-07-20
파주시|광탄면 마장리|145000|1098|287,2026-07-20
파주시|송촌동|62774|146|58,2026-07-20
파주시|송촌동|80991|198|59,2026-07-20
파주시|와동동|13000|0|12,2026-07-20
파주시|조리읍 봉일천리|146400|665|271,2026-07-20
파주시|월롱면 덕은리|475267|1661|1317,2026-07-20
파주시|월롱면 영태리|104000|297|284,2026-07-20
파주시|법원읍 법원리|294369|1292|567,2026-07-20
파주시|광탄면 분수리|53321|458|85,2026-07-20
파주시|연다산동|190356|388|169,2026-07-20
파주시|광탄면 분수리|187468|712|453,2026-07-20
파주시|광탄면 영장리|190000|1049|448,2026-07-20
파주시|광탄면 영장리|188698|2639|448,2026-07-20
파주시|광탄면 마장리|27500|167|59,2026-07-20
파주시|신촌동|373247|782|353,2026-07-20
파주시|신촌동|65500|164|59,2026-07-20
파주시|조리읍 대원리|128669|476|387,2026-07-20
파주시|월롱면 덕은리|100340|780|51,2026-07-20
파주시|광탄면 분수리|50000|187|57,2026-07-20
파주시|광탄면 분수리|228431|913|221,2026-07-20
파주시|상지석동|159146|456|277,2026-07-20
파주시|상지석동|385900|927|428,2026-07-20
파주시|야당동|100|0|3,2026-07-20
파주시|조리읍 오산리|169143|911|226,2026-07-20
파주시|탄현면 금산리|202020|592|285,2026-07-20
파주시|신촌동|396737|845|374,2026-07-20
파주시|문발동|17000|0|17,2026-07-20
파주시|광탄면 마장리|68028|397|131,2026-07-20
파주시|법원읍 대능리|119853|700|149,2026-07-20
파주시|오도동|22300|115|19,2026-07-20
파주시|월롱면 영태리|80035|391|196,2026-07-20
파주시|광탄면 분수리|90000|536|197,2026-07-20
파주시|신촌동|260000|654|448,2026-07-20
파주시|신촌동|145333|339|129,2026-07-20
파주시|조리읍 장곡리|80000|248|105,2026-07-20
파주시|광탄면 영장리|46710|307|59,2026-07-20
파주시|문발동|28557|0|22,2026-07-20
파주시|문발동|9073|0|7,2026-07-20
파주시|문발동|13390|0|10,2026-07-20
파주시|문발동|24950|0|19,2026-07-20
파주시|문발동|89324|0|77,2026-07-20
파주시|문발동|24329|0|23,2026-07-20
파주시|문발동|83738|0|82,2026-07-20
파주시|상지석동|251228|635|234,2026-07-20
파주시|문발동|375000|500|584,2026-07-20
파주시|와동동|18000|0|13,2026-07-20
파주시|와동동|16000|0|11,2026-07-20
파주시|야당동|6500|0|21,2026-07-20
이천시|장호원읍 장호원리|40500|299|58,2026-07-20
이천시|단월동|23000|213|20,2026-07-20
이천시|갈산동|35000|199|72,2026-07-20
이천시|모가면 진가리|5500|153|50,2026-07-20
이천시|설성면 암산리|275601|890|657,2026-07-20
이천시|설성면 암산리|318314|1009|754,2026-07-20
이천시|모가면 송곡리|75000|406|201,2026-07-20
이천시|호법면 안평리|888450|2226|998,2026-07-20
이천시|부발읍 죽당리|97286|505|205,2026-07-20
이천시|호법면 후안리|23500|169|58,2026-07-20
이천시|호법면 후안리|28350|169|58,2026-07-20
이천시|백사면 조읍리|62500|236|115,2026-07-20
이천시|백사면 내촌리|8136000|9071|13560,2026-07-20
이천시|부발읍 수정리|7210000|8906|11949,2026-07-20
이천시|백사면 조읍리|310000|965|332,2026-07-20
이천시|백사면 도지리|116551|457|149,2026-07-20
이천시|율면 산양리|73000|561|236,2026-07-20
이천시|송정동|77800|349|91,2026-07-20
이천시|장호원읍 대서리|31800|471|25,2026-07-20
이천시|신둔면 인후리|830000|2636|1572,2026-07-20
이천시|신둔면 인후리|71000|428|125,2026-07-20
이천시|장호원읍 대서리|29630|471|25,2026-07-20
이천시|호법면 안평리|7855821|9030|14979,2026-07-20
이천시|마장면 이치리|139000|568|226,2026-07-20
이천시|백사면 모전리|263057|912|365,2026-07-20
이천시|호법면 매곡리|219594|1891|374,2026-07-20
이천시|호법면 유산리|90000|199|22,2026-07-20
이천시|단월동|264000|1356|479,2026-07-20
이천시|마장면 표교리|49370|192|59,2026-07-20
이천시|장호원읍 선읍리|172000|1037|295,2026-07-20
이천시|설성면 대죽리|55300|437|79,2026-07-20
이천시|설성면 상봉리|6987870|8818|13249,2026-07-20
이천시|신둔면 도암리|65000|297|118,2026-07-20
이천시|마장면 장암리|848782|7450|1573,2026-07-20
이천시|설성면 대죽리|129715|1591|54,2026-07-20
이천시|율면 고당리|39750|423|111,2026-07-20
이천시|부발읍 응암리|130000|499|178,2026-07-20
안성시|보개면 북좌리|780000|3471|1589,2026-07-20
안성시|삼죽면 용월리|160200|1014|302,2026-07-20
안성시|삼죽면 용월리|157600|1014|299,2026-07-20
안성시|죽산면 칠장리|180000|1220|145,2026-07-20
안성시|보개면 기좌리|216880|1582|281,2026-07-20
안성시|삼죽면 용월리|147333|776|150,2026-07-20
안성시|원곡면 칠곡리|205900|751|439,2026-07-20
안성시|원곡면 칠곡리|155000|752|189,2026-07-20
안성시|일죽면 능국리|45000|560|225,2026-07-20
안성시|공도읍 용두리|100000|599|218,2026-07-20
안성시|미양면 양변리|380000|961|433,2026-07-20
안성시|원곡면 성은리|230000|611|347,2026-07-20
안성시|원곡면 지문리|255000|1145|597,2026-07-20
안성시|공도읍 진사리|44500|151|59,2026-07-20
안성시|양성면 노곡리|188384|591|224,2026-07-20
안성시|대덕면 진현리|107000|735|291,2026-07-20
안성시|대덕면 진현리|63000|317|226,2026-07-20
안성시|삼죽면 미장리|9950|133|55,2026-07-20
안성시|대덕면 소내리|101000|834|301,2026-07-20
안성시|대덕면 소내리|39000|834|117,2026-07-20
안성시|신소현동|502585|1032|1239,2026-07-20
안성시|대덕면 진현리|111000|735|291,2026-07-20
안성시|대덕면 진현리|62700|317|226,2026-07-20
안성시|삼죽면 내강리|128000|1370|135,2026-07-20
안성시|양성면 이현리|510000|1576|806,2026-07-20
안성시|대덕면 무능리|230000|1083|271,2026-07-20
안성시|대덕면 진현리|226600|599|590,2026-07-20
안성시|양성면 덕봉리|300000|1695|355,2026-07-20
안성시|양성면 명목리|118518|811|87,2026-07-20
안성시|원곡면 성은리|175421|1488|60,2026-07-20
안성시|서운면 신능리|8837|141|20,2026-07-20
안성시|고삼면 가유리|60000|255|59,2026-07-20
안성시|보개면 기좌리|266000|1394|362,2026-07-20
안성시|미양면 양변리|55838|255|99,2026-07-20
안성시|미양면 신계리|38000|203|78,2026-07-20
안성시|고삼면 가유리|49750|150|59,2026-07-20
안성시|서운면 오촌리|240000|1299|325,2026-07-20
안성시|대덕면 신령리|280000|2247|441,2026-07-20
안성시|서운면 신능리|630000|1988|1539,2026-07-20
안성시|대덕면 무능리|225000|1359|219,2026-07-20
안성시|죽산면 매산리|7000|191|29,2026-07-20
안성시|양성면 노곡리|213000|751|267,2026-07-20
안성시|미양면 계륵리|350600|499|305,2026-07-20
안성시|양성면 석화리|510810|1789|969,2026-07-20
안성시|일죽면 화봉리|35000|299|59,2026-07-20
안성시|원곡면 성은리|20500114|13607|35019,2026-07-20
안성시|공도읍 용두리|290000|1206|477,2026-07-20
안성시|양성면 이현리|176500|886|181,2026-07-20
안성시|서운면 현매리|110106|500|164,2026-07-20
김포시|통진읍 마송리|144000|496|196,2026-07-20
김포시|양촌읍 학운리|30000|0|60,2026-07-20
김포시|대곶면 초원지리|49667|283|61,2026-07-20
김포시|대곶면 석정리|146272|599|192,2026-07-20
김포시|하성면 석탄리|350000|465|1100,2026-07-20
김포시|구래동|30500|0|26,2026-07-20
김포시|월곶면 고막리|149000|514|200,2026-07-20
김포시|양촌읍 학운리|12000|0|14,2026-07-20
김포시|구래동|8000|0|7,2026-07-20
김포시|대곶면 쇄암리|83320|295|60,2026-07-20
김포시|대곶면 쇄암리|77360|274|60,2026-07-20
김포시|대곶면 석정리|212400|500|220,2026-07-20
김포시|대곶면 대명리|306340|1140|221,2026-07-20
김포시|대곶면 송마리|36405|126|49,2026-07-20
김포시|대곶면 쇄암리|251600|885|182,2026-07-20
김포시|장기동|9700|0|12,2026-07-20
김포시|대곶면 쇄암리|263816|1144|344,2026-07-20
김포시|대곶면 석정리|187072|600|194,2026-07-20
김포시|하성면 석탄리|243663|585|312,2026-07-20
김포시|하성면 석탄리|96337|311|102,2026-07-20
김포시|대곶면 초원지리|87000|393|143,2026-07-20
김포시|양촌읍 학운리|238000|328|222,2026-07-20
김포시|대곶면 대명리|67370|225|114,2026-07-20
김포시|대곶면 쇄암리|86400|399|177,2026-07-20
김포시|통진읍 귀전리|52000|100|69,2026-07-20
김포시|대곶면 약암리|106000|374|121,2026-07-20
김포시|대곶면 약암리|58500|289|114,2026-07-20
김포시|양촌읍 유현리|430000|997|374,2026-07-20
김포시|양촌읍 구래리|287950|910|232,2026-07-20
김포시|통진읍 귀전리|394080|1437|299,2026-07-20
김포시|대곶면 쇄암리|30730|198|97,2026-07-20
김포시|월곶면 갈산리|65980|282|56,2026-07-20
김포시|양촌읍 학운리|4000|0|7,2026-07-20
김포시|양촌읍 학운리|535000|998|493,2026-07-20
김포시|양촌읍 학운리|108000|491|157,2026-07-20
김포시|대곶면 석정리|126670|466|264,2026-07-20
김포시|양촌읍 학운리|26500|0|63,2026-07-20
김포시|대곶면 송마리|48716|161|50,2026-07-20
김포시|양촌읍 유현리|145000|454|148,2026-07-20
김포시|구래동|28909|0|25,2026-07-20
김포시|대곶면 대명리|60000|284|120,2026-07-20
김포시|월곶면 갈산리|60000|399|86,2026-07-20
김포시|양촌읍 학운리|520000|808|617,2026-07-20
김포시|양촌읍 학운리|420000|751|566,2026-07-20
김포시|대곶면 석정리|314511|1352|407,2026-07-20
김포시|대곶면 대벽리|325000|981|432,2026-07-20
김포시|북변동|100000|242|29,2026-07-20
김포시|양촌읍 학운리|247000|337|286,2026-07-20
김포시|통진읍 옹정리|140654|474|175,2026-07-20
김포시|대곶면 대명리|87000|347|87,2026-07-20
김포시|통진읍 가현리|282185|1058|423,2026-07-20
김포시|양촌읍 누산리|175300|382|205,2026-07-20
김포시|장기동|13000|0|15,2026-07-20
김포시|대곶면 대명리|77000|300|59,2026-07-20
김포시|양촌읍 학운리|3770|0|10,2026-07-20
김포시|통진읍 가현리|464000|1573|278,2026-07-20
김포시|양촌읍 학운리|47477|0|64,2026-07-20
김포시|대곶면 쇄암리|99200|728|333,2026-07-20
김포시|양촌읍 학운리|25000|0|52,2026-07-20
김포시|양촌읍 학운리|24500|0|50,2026-07-20
김포시|풍무동|331974|460|254,2026-07-20
김포시|양촌읍 학운리|31000|0|62,2026-07-20
김포시|대곶면 초원지리|67500|449|149,2026-07-20
김포시|대곶면 대벽리|255400|904|310,2026-07-20
김포시|양촌읍 학운리|147000|396|151,2026-07-20
김포시|하성면 원산리|119389|457|409,2026-07-20
김포시|대곶면 대벽리|339848|587|528,2026-07-20
김포시|대곶면 쇄암리|28250|147|29,2026-07-20
김포시|대곶면 초원지리|73765|241|67,2026-07-20
김포시|통진읍 가현리|204522|883|211,2026-07-20
김포시|대곶면 초원지리|76218|265|33,2026-07-20
김포시|풍무동|155000|369|112,2026-07-20
김포시|장기동|13100|0|16,2026-07-20
김포시|대곶면 율생리|183200|498|232,2026-07-20
김포시|통진읍 옹정리|39437|177|70,2026-07-20
김포시|구래동|7500|0|11,2026-07-20
김포시|월곶면 갈산리|126974|868|145,2026-07-20
김포시|고촌읍 전호리|8880000|4656|13232,2026-07-20
김포시|대곶면 석정리|155475|690|196,2026-07-20
김포시|통진읍 가현리|85600|356|119,2026-07-20
김포시|양촌읍 학운리|800000|999|1472,2026-07-20
김포시|대곶면 거물대리|151400|588|179,2026-07-20
김포시|양촌읍 학운리|600000|999|757,2026-07-20
김포시|장기동|10000|0|16,2026-07-20
김포시|장기동|10000|0|15,2026-07-20
김포시|통진읍 옹정리|154971|453|101,2026-07-20
김포시|통진읍 옹정리|154538|453|89,2026-07-20
김포시|양촌읍 학운리|27750|0|60,2026-07-20
김포시|양촌읍 학운리|28000|0|60,2026-07-20
김포시|양촌읍 학운리|330000|554|417,2026-07-20
김포시|양촌읍 학운리|520000|809|974,2026-07-20
김포시|통진읍 귀전리|73330|500|98,2026-07-20
김포시|구래동|30700|0|26,2026-07-20
김포시|구래동|20000|0|28,2026-07-20
김포시|대곶면 송마리|46500|150|72,2026-07-20
김포시|대곶면 석정리|111000|499|151,2026-07-20
김포시|양촌읍 학운리|5000|0|10,2026-07-20
김포시|양촌읍 학운리|280000|595|470,2026-07-20
김포시|구래동|12000|0|7,2026-07-20
김포시|양촌읍 학운리|3200|0|10,2026-07-20
김포시|하성면 양택리|108796|500|98,2026-07-20
김포시|구래동|21276|0|15,2026-07-20
김포시|통진읍 귀전리|306770|1507|596,2026-07-20
김포시|구래동|30000|0|21,2026-07-20
김포시|월곶면 갈산리|320600|1108|267,2026-07-20
김포시|양촌읍 학운리|620000|537|1357,2026-07-20
김포시|통진읍 서암리|290500|1084|380,2026-07-20
김포시|통진읍 가현리|202700|666|197,2026-07-20
김포시|양촌읍 학운리|490000|785|1413,2026-07-20
김포시|대곶면 약암리|317680|934|471,2026-07-20
김포시|장기동|16500|0|16,2026-07-20
김포시|통진읍 가현리|139845|529|154,2026-07-20
김포시|통진읍 가현리|169100|722|257,2026-07-20
김포시|대곶면 상마리|113305|464|165,2026-07-20
김포시|양촌읍 학운리|355000|538|449,2026-07-20
김포시|풍무동|150400|430|170,2026-07-20
김포시|통진읍 귀전리|142785|500|159,2026-07-20
김포시|양촌읍 학운리|452868|892|403,2026-07-20
김포시|구래동|7000|0|13,2026-07-20
김포시|대곶면 석정리|56000|256|59,2026-07-20
김포시|양촌읍 유현리|456000|1340|346,2026-07-20
김포시|통진읍 옹정리|211350|901|236,2026-07-20
김포시|월곶면 갈산리|117000|502|151,2026-07-20
김포시|대곶면 대능리|94000|477|123,2026-07-20
김포시|대곶면 송마리|70024|313|93,2026-07-20
김포시|대곶면 율생리|90000|455|147,2026-07-20
김포시|대곶면 송마리|240000|890|413,2026-07-20
김포시|장기동|12000|0|10,2026-07-20
김포시|대곶면 송마리|70024|313|48,2026-07-20
김포시|통진읍 옹정리|39183|198|126,2026-07-20
김포시|대곶면 약암리|39000|173|84,2026-07-20
김포시|통진읍 가현리|239424|1030|319,2026-07-20
김포시|월곶면 고양리|138000|579|213,2026-07-20
김포시|양촌읍 학운리|265000|366|302,2026-07-20
김포시|하성면 전류리|28600|199|59,2026-07-20
김포시|양촌읍 학운리|650000|917|549,2026-07-20
김포시|양촌읍 대포리|157500|374|146,2026-07-20
김포시|하성면 원산리|363884|1059|557,2026-07-20
김포시|양촌읍 학운리|23250|0|55,2026-07-20
김포시|대곶면 송마리|58000|243|119,2026-07-20
김포시|통진읍 가현리|162100|722|257,2026-07-20
김포시|구래동|4800|0|10,2026-07-20
김포시|구래동|9159|0|14,2026-07-20
김포시|대곶면 거물대리|367022|1385|429,2026-07-20
김포시|하성면 석탄리|93500|337|52,2026-07-20
김포시|통진읍 서암리|481400|1409|341,2026-07-20
김포시|양촌읍 학운리|130000|320|119,2026-07-20
김포시|양촌읍 학운리|610000|1057|605,2026-07-20
김포시|양촌읍 학운리|415000|653|388,2026-07-20
김포시|대곶면 대명리|43340|151|60,2026-07-20
김포시|대곶면 대명리|85670|308|118,2026-07-20
김포시|양촌읍 학운리|4500|0|10,2026-07-20
김포시|장기동|8800|0|15,2026-07-20
김포시|구래동|15000|0|11,2026-07-20
김포시|대곶면 상마리|243700|582|255,2026-07-20
김포시|월곶면 고막리|50224|232|75,2026-07-20
김포시|양촌읍 누산리|379000|2289|559,2026-07-20
김포시|구래동|8500|0|15,2026-07-20
김포시|구래동|8000|0|13,2026-07-20
김포시|하성면 원산리|109329|445|189,2026-07-20
김포시|장기동|8800|0|10,2026-07-20
김포시|대곶면 대능리|206000|612|331,2026-07-20
김포시|대곶면 약암리|90570|232|83,2026-07-20
김포시|대곶면 석정리|146750|500|147,2026-07-20
김포시|양촌읍 학운리|380000|599|431,2026-07-20
김포시|하성면 원산리|68050|376|145,2026-07-20
김포시|대곶면 대벽리|282000|801|148,2026-07-20
김포시|통진읍 가현리|79000|220|62,2026-07-20
김포시|양촌읍 학운리|6500|0|14,2026-07-20
김포시|대곶면 율생리|155090|513|84,2026-07-20
김포시|양촌읍 학운리|1182940|2150|1719,2026-07-20
김포시|대곶면 율생리|60000|271|111,2026-07-20
김포시|통진읍 귀전리|137000|549|145,2026-07-20
김포시|장기동|30000|0|30,2026-07-20
김포시|양촌읍 학운리|500000|606|750,2026-07-20
김포시|양촌읍 학운리|4800|0|10,2026-07-20
김포시|통진읍 마송리|211500|800|729,2026-07-20
김포시|통진읍 마송리|228678|1209|371,2026-07-20
김포시|대곶면 송마리|155249|600|206,2026-07-20
김포시|대곶면 석정리|610000|2503|845,2026-07-20
김포시|양촌읍 학운리|595000|914|618,2026-07-20
김포시|대곶면 대능리|162740|478|185,2026-07-20
김포시|대곶면 대능리|68100|453|119,2026-07-20
김포시|양촌읍 학운리|365000|412|600,2026-07-20
김포시|대곶면 석정리|196319|739|261,2026-07-20
김포시|양촌읍 학운리|407600|560|734,2026-07-20
김포시|장기동|7500|0|13,2026-07-20
김포시|양촌읍 학운리|5000|0|9,2026-07-20
김포시|대곶면 대벽리|320000|1600|971,2026-07-20
화성시|남양읍 북양리|286500|671|384,2026-07-20
화성시|팔탄면 덕우리|162143|398|314,2026-07-20
화성시|향남읍 구문천리|28240|0|46,2026-07-20
화성시|향남읍 구문천리|14120|0|22,2026-07-20
화성시|남양읍 북양리|269704|671|384,2026-07-20
화성시|향남읍 갈천리|81637|281|112,2026-07-20
화성시|팔탄면 노하리|320000|999|483,2026-07-20
화성시|서신면 전곡리|594000|1799|559,2026-07-20
화성시|서신면 전곡리|574880|1796|101,2026-07-20
화성시|장안면 수촌리|330000|1450|560,2026-07-20
화성시|우정읍 주곡리|124993|487|179,2026-07-20
화성시|서신면 장외리|415000|871|307,2026-07-20
화성시|서신면 전곡리|345000|859|298,2026-07-20
화성시|우정읍 주곡리|606749|1692|997,2026-07-20
화성시|향남읍 화리현리|429975|1492|727,2026-07-20
화성시|장안면 석포리|141230|520|205,2026-07-20
화성시|향남읍 화리현리|465000|1670|727,2026-07-20
화성시|송산면 지화리|220000|535|264,2026-07-20
화성시|우정읍 화산리|207860|1181|158,2026-07-20
화성시|팔탄면 해창리|107000|349|60,2026-07-20
화성시|팔탄면 덕우리|161905|501|196,2026-07-20
화성시|팔탄면 노하리|95000|441|87,2026-07-20
화성시|팔탄면 고주리|174000|667|245,2026-07-20
화성시|남양읍 장덕리|82973|389|104,2026-07-20
화성시|향남읍 길성리|170000|498|193,2026-07-20
화성시|장안면 어은리|89169|317|181,2026-07-20
화성시|향남읍 길성리|223600|797|163,2026-07-20
화성시|우정읍 매향리|223211|968|337,2026-07-20
화성시|향남읍 길성리|276641|1393|99,2026-07-20
화성시|장안면 어은리|57800|438|118,2026-07-20
화성시|향남읍 길성리|246000|907|163,2026-07-20
화성시|마도면 쌍송리|294159|997|371,2026-07-20
화성시|양감면 요당리|162550|638|235,2026-07-20
화성시|향남읍 동오리|314500|899|356,2026-07-20
화성시|장안면 석포리|186806|602|188,2026-07-20
화성시|마도면 쌍송리|119503|474|182,2026-07-20
화성시|양감면 대양리|295000|1043|333,2026-07-20
화성시|팔탄면 율암리|1080000|3451|2556,2026-07-20
화성시|우정읍 매향리|233055|919|337,2026-07-20
화성시|향남읍 동오리|234481|665|266,2026-07-20
화성시|남양읍 북양리|255052|664|262,2026-07-20
화성시|양감면 사창리|462100|1189|559,2026-07-20
화성시|마도면 청원리|820000|1496|1171,2026-07-20
화성시|팔탄면 율암리|1520000|5500|2748,2026-07-20
화성시|향남읍 하길리|250000|550|401,2026-07-20
화성시|팔탄면 율암리|147000|432|169,2026-07-20
화성시|양감면 송산리|190656|546|240,2026-07-20
화성시|장안면 독정리|305800|975|335,2026-07-20
화성시|송산면 지화리|333500|1000|414,2026-07-20
화성시|송산면 지화리|337000|1000|414,2026-07-20
화성시|향남읍 동오리|429651|1948|136,2026-07-20
화성시|팔탄면 하저리|195000|582|254,2026-07-20
화성시|향남읍 동오리|428553|1948|136,2026-07-20
화성시|향남읍 수직리|598059|1513|586,2026-07-20
화성시|향남읍 구문천리|425000|853|449,2026-07-20
화성시|우정읍 화수리|38827|210|135,2026-07-20
화성시|우정읍 화수리|8667|210|30,2026-07-20
화성시|우정읍 화수리|12506|210|43,2026-07-20
화성시|장안면 석포리|180500|727|172,2026-07-20
화성시|장안면 수촌리|238680|526|148,2026-07-20
화성시|향남읍 동오리|655019|1948|981,2026-07-20
화성시|팔탄면 창곡리|404337|1014|789,2026-07-20
화성시|장안면 석포리|130000|500|181,2026-07-20
화성시|향남읍 요리|148830|459|237,2026-07-20
화성시|팔탄면 하저리|107000|290|229,2026-07-20
화성시|마도면 쌍송리|418900|970|808,2026-07-20
화성시|향남읍 백토리|258600|918|265,2026-07-20
화성시|서신면 전곡리|1104200|3424|447,2026-07-20
화성시|서신면 전곡리|58000|3424|208,2026-07-20
화성시|우정읍 매향리|193565|755|153,2026-07-20
화성시|장안면 독정리|65390|337|83,2026-07-20
화성시|장안면 금의리|209698|537|230,2026-07-20
화성시|팔탄면 덕우리|229560|641|207,2026-07-20
화성시|양감면 요당리|100960|427|169,2026-07-20
화성시|마도면 청원리|361000|604|348,2026-07-20
화성시|팔탄면 율암리|360000|1328|352,2026-07-20
화성시|남양읍 안석리|406000|1905|148,2026-07-20
화성시|남양읍 안석리|420000|1972|148,2026-07-20
화성시|팔탄면 율암리|249770|735|327,2026-07-20
화성시|향남읍 화리현리|184530|333|127,2026-07-20
화성시|팔탄면 창곡리|481600|1498|797,2026-07-20
화성시|송산면 지화리|53868|338|22,2026-07-20
화성시|향남읍 백토리|70576|261|103,2026-07-20
화성시|장안면 수촌리|100000|306|291,2026-07-20
화성시|향남읍 증거리|130787|343|166,2026-07-20
화성시|장안면 수촌리|129708|681|193,2026-07-20
화성시|양감면 대양리|96794|455|302,2026-07-20
화성시|우정읍 조암리|140000|465|258,2026-07-20
화성시|송산면 봉가리|35000|199|79,2026-07-20
화성시|서신면 송교리|593960|2570|625,2026-07-20
화성시|팔탄면 율암리|178949|506|216,2026-07-20
화성시|장안면 석포리|218554|553|221,2026-07-20
화성시|팔탄면 하저리|100000|300|117,2026-07-20
화성시|남양읍 북양리|651543|1694|216,2026-07-20
화성시|향남읍 구문천리|45000|727|223,2026-07-20
화성시|향남읍 구문천리|55000|727|232,2026-07-20
화성시|양감면 신왕리|75475|370|148,2026-07-20
화성시|우정읍 화수리|153510|284|300,2026-07-20
화성시|팔탄면 율암리|145977|396|150,2026-07-20
화성시|향남읍 구문천리|470000|950|659,2026-07-20
화성시|송산면 지화리|310000|1269|296,2026-07-20
화성시|마도면 송정리|708800|2544|49,2026-07-20
화성시|양감면 신왕리|238445|901|422,2026-07-20
화성시|향남읍 길성리|188904|484|181,2026-07-20
화성시|우정읍 매향리|150217|804|188,2026-07-20
화성시|양감면 송산리|221959|534|185,2026-07-20
화성시|장안면 수촌리|211500|730|176,2026-07-20
화성시|서신면 매화리|330000|1998|290,2026-07-20
화성시|마도면 청원리|120000|464|122,2026-07-20
화성시|남양읍 온석리|79785|177|198,2026-07-20
화성시|마도면 청원리|975000|1654|1331,2026-07-20
화성시|우정읍 화수리|141100|284|300,2026-07-20
화성시|팔탄면 서근리|220533|605|307,2026-07-20
화성시|팔탄면 구장리|111000|499|150,2026-07-20
화성시|우정읍 주곡리|221498|741|366,2026-07-20
화성시|팔탄면 구장리|2386404|5576|1011,2026-07-20
화성시|장안면 노진리|485201|2400|593,2026-07-20
화성시|남양읍 온석리|71227|297|99,2026-07-20
화성시|향남읍 증거리|329850|728|659,2026-07-20
화성시|양감면 사창리|357400|1805|570,2026-07-20
화성시|장안면 석포리|349760|856|256,2026-07-20
화성시|팔탄면 하저리|111887|405|284,2026-07-20
화성시|장안면 금의리|150000|498|149,2026-07-20
화성시|장안면 수촌리|250000|910|377,2026-07-20
화성시|남양읍 북양리|87100|236|168,2026-07-20
화성시|서신면 상안리|304940|904|434,2026-07-20
화성시|향남읍 백토리|215000|807|342,2026-07-20
화성시|우정읍 이화리|116450|403|183,2026-07-20
화성시|팔탄면 구장리|110000|499|150,2026-07-20
화성시|향남읍 동오리|319000|932|455,2026-07-20
화성시|장안면 금의리|36400|395|99,2026-07-20
화성시|남양읍 신남리|293500|946|586,2026-07-20
화성시|향남읍 구문천리|540000|800|809,2026-07-20
화성시|양감면 용소리|102700|446|146,2026-07-20
화성시|우정읍 이화리|130000|427|184,2026-07-20
화성시|양감면 요당리|1544962|4500|3843,2026-07-20
화성시|팔탄면 구장리|392823|709|679,2026-07-20
화성시|팔탄면 율암리|43840|124|73,2026-07-20
화성시|팔탄면 율암리|64080|160|98,2026-07-20
화성시|향남읍 관리|1002751|3295|286,2026-07-20
화성시|서신면 광평리|263700|979|298,2026-07-20
화성시|양감면 정문리|440458|1408|5,2026-07-20
화성시|양감면 정문리|722192|1808|441,2026-07-20
화성시|양감면 신왕리|138180|657|271,2026-07-20
화성시|양감면 정문리|426917|1408|5,2026-07-20
화성시|양감면 정문리|710798|1808|441,2026-07-20
화성시|남양읍 신남리|287500|946|586,2026-07-20
화성시|마도면 청원리|98380|302|122,2026-07-20
화성시|팔탄면 서근리|393279|1141|710,2026-07-20
화성시|향남읍 동오리|132541|579|121,2026-07-20
화성시|마도면 청원리|420000|849|646,2026-07-20
화성시|서신면 상안리|178500|785|176,2026-07-20
화성시|향남읍 송곡리|507500|1105|617,2026-07-20
화성시|장안면 수촌리|198500|467|194,2026-07-20
화성시|팔탄면 서근리|80000|912|390,2026-07-20
화성시|우정읍 화산리|372523|1473|431,2026-07-20
화성시|우정읍 매향리|185891|865|222,2026-07-20
화성시|장안면 독정리|135161|432|148,2026-07-20
화성시|우정읍 운평리|136000|660|174,2026-07-20
화성시|서신면 상안리|180000|785|176,2026-07-20
화성시|양감면 요당리|198420|808|383,2026-07-20
화성시|장안면 수촌리|74000|199|79,2026-07-20
화성시|팔탄면 하저리|398000|998|399,2026-07-20
화성시|송산면 사강리|98730|228|110,2026-07-20
화성시|팔탄면 하저리|418000|998|263,2026-07-20
화성시|서신면 전곡리|284760|836|366,2026-07-20
화성시|향남읍 수직리|685931|2020|517,2026-07-20
화성시|장안면 금의리|101000|675|299,2026-07-20
화성시|팔탄면 하저리|156300|564|244,2026-07-20
화성시|마도면 청원리|540000|1018|753,2026-07-20
화성시|남양읍 북양리|232000|536|403,2026-07-20
화성시|팔탄면 구장리|243335|611|240,2026-07-20
화성시|향남읍 수직리|114369|2020|327,2026-07-20
화성시|향남읍 수직리|74900|2020|214,2026-07-20
화성시|양감면 요당리|634812|1126|748,2026-07-20
화성시|장안면 석포리|340000|981|696,2026-07-20
화성시|마도면 청원리|560000|1016|620,2026-07-20
화성시|팔탄면 고주리|400672|1000|618,2026-07-20
화성시|마도면 석교리|139830|359|146,2026-07-20
화성시|마도면 석교리|139830|359|123,2026-07-20
화성시|장안면 금의리|71000|419|251,2026-07-20
화성시|장안면 금의리|75000|474|175,2026-07-20
화성시|장안면 수촌리|133000|377|145,2026-07-20
화성시|송산면 고포리|139250|349|237,2026-07-20
화성시|향남읍 길성리|228779|743|157,2026-07-20
화성시|향남읍 증거리|141218|374|139,2026-07-20
화성시|마도면 쌍송리|343111|1069|451,2026-07-20
화성시|마도면 고모리|270000|1709|340,2026-07-20
화성시|향남읍 백토리|208990|657|207,2026-07-20
화성시|남양읍 활초리|146880|405|149,2026-07-20
화성시|마도면 쌍송리|845000|1770|1114,2026-07-20
화성시|향남읍 구문천리|240000|500|419,2026-07-20
화성시|향남읍 상두리|158000|437|149,2026-07-20
화성시|서신면 전곡리|261357|590|479,2026-07-20
화성시|팔탄면 해창리|8184235|10498|16606,2026-07-20
화성시|향남읍 갈천리|233581|486|322,2026-07-20
화성시|장안면 수촌리|243223|721|299,2026-07-20
화성시|팔탄면 화당리|143788|788|206,2026-07-20
화성시|우정읍 이화리|127838|426|202,2026-07-20
화성시|향남읍 구문천리|103924|0|58,2026-07-20
화성시|팔탄면 창곡리|147200|545|289,2026-07-20
화성시|팔탄면 창곡리|162300|601|229,2026-07-20
화성시|마도면 송정리|154999|401|188,2026-07-20
화성시|팔탄면 덕우리|123438|348|128,2026-07-20
화성시|장안면 독정리|93149|382|149,2026-07-20
화성시|정남면 고지리|55691|150|50,2026-07-20
화성시|봉담읍 상기리|564895|2117|1134,2026-07-20
화성시|정남면 귀래리|214260|657|291,2026-07-20
화성시|정남면 수면리|237870|755|299,2026-07-20
화성시|정남면 수면리|198760|705|140,2026-07-20
화성시|봉담읍 수영리|440000|1148|1096,2026-07-20
화성시|봉담읍 덕우리|151400|481|210,2026-07-20
화성시|정남면 음양리|790000|853|1087,2026-07-20
화성시|봉담읍 왕림리|57000|200|144,2026-07-20
화성시|봉담읍 분천리|120000|383|225,2026-07-20
화성시|봉담읍 분천리|146800|421|154,2026-07-20
화성시|정남면 문학리|66631|172|60,2026-07-20
화성시|봉담읍 상기리|182620|702|140,2026-07-20
화성시|정남면 금복리|106114|753|147,2026-07-20
화성시|봉담읍 당하리|180000|467|217,2026-07-20
화성시|배양동|65000|176|58,2026-07-20
화성시|정남면 금복리|91850|753|147,2026-07-20
화성시|정남면 금복리|28610|753|46,2026-07-20
화성시|정남면 금복리|30120|753|48,2026-07-20
화성시|봉담읍 덕우리|569700|1800|812,2026-07-20
화성시|봉담읍 동화리|197479|441|342,2026-07-20
화성시|비봉면 양노리|220000|559|360,2026-07-20
화성시|비봉면 양노리|79500|209|81,2026-07-20
화성시|정남면 괘랑리|100000|351|134,2026-07-20
화성시|비봉면 삼화리|300000|343|338,2026-07-20
화성시|정남면 음양리|380000|500|298,2026-07-20
화성시|정남면 음양리|880000|1298|799,2026-07-20
화성시|비봉면 청요리|247070|1027|302,2026-07-20
화성시|봉담읍 덕우리|127755|378|422,2026-07-20
화성시|정남면 제기리|417315|872|539,2026-07-20
화성시|봉담읍 마하리|83758|266|119,2026-07-20
화성시|정남면 문학리|48120|231|125,2026-07-20
화성시|봉담읍 당하리|155000|538|294,2026-07-20
화성시|정남면 귀래리|175627|567|130,2026-07-20
화성시|비봉면 양노리|439563|948|465,2026-07-20
화성시|정남면 망월리|150000|398|302,2026-07-20
화성시|정남면 망월리|80483|250|147,2026-07-20
화성시|기안동|113500|199|29,2026-07-20
화성시|정남면 귀래리|195000|470|225,2026-07-20
화성시|봉담읍 덕우리|401800|1684|653,2026-07-20
화성시|반정동|127500|187|73,2026-07-20
화성시|반월동|20836|0|9,2026-07-20
화성시|안녕동|42300|458|246,2026-07-20
화성시|안녕동|187505|339|197,2026-07-20
화성시|반월동|11233|0|9,2026-07-20
화성시|기산동|70000|151|59,2026-07-20
화성시|반월동|19097|0|9,2026-07-20
화성시|안녕동|236500|427|431,2026-07-20
화성시|반월동|4000|0|8,2026-07-20
화성시|방교동|1340000|1029|769,2026-07-20
화성시|영천동|40000|0|22,2026-07-20
화성시|영천동|24000|0|13,2026-07-20
화성시|영천동|40000|0|19,2026-07-20
화성시|영천동|15047|0|15,2026-07-20
화성시|영천동|18000|0|18,2026-07-20
화성시|영천동|10600|0|13,2026-07-20
화성시|영천동|10800|0|13,2026-07-20
화성시|영천동|58000|0|32,2026-07-20
화성시|영천동|35100|0|19,2026-07-20
화성시|영천동|32700|0|18,2026-07-20
화성시|영천동|32800|0|18,2026-07-20
화성시|영천동|10900|0|5,2026-07-20
화성시|영천동|47512|0|24,2026-07-20
화성시|영천동|54777|0|28,2026-07-20
화성시|방교동|1000000|1024|411,2026-07-20
화성시|영천동|20497|0|10,2026-07-20
화성시|영천동|43151|0|22,2026-07-20
화성시|영천동|43151|0|21,2026-07-20
화성시|영천동|45309|0|22,2026-07-20
화성시|영천동|38928|0|24,2026-07-20
화성시|영천동|22808|0|14,2026-07-20
화성시|영천동|33960|0|21,2026-07-20
화성시|영천동|19621|0|12,2026-07-20
화성시|영천동|39627|0|24,2026-07-20
화성시|영천동|20000|0|13,2026-07-20
화성시|영천동|20971|0|8,2026-07-20
화성시|영천동|12000|0|11,2026-07-20
화성시|영천동|11500|0|6,2026-07-20
화성시|영천동|43000|0|37,2026-07-20
화성시|영천동|11000|0|5,2026-07-20
화성시|영천동|88000|0|54,2026-07-20
화성시|영천동|44500|0|31,2026-07-20
화성시|영천동|15665|0|11,2026-07-20
화성시|영천동|10000|0|14,2026-07-20
화성시|영천동|29000|0|22,2026-07-20
화성시|영천동|19750|0|12,2026-07-20
화성시|영천동|64000|0|55,2026-07-20
화성시|영천동|21237|0|8,2026-07-20
화성시|영천동|56000|0|28,2026-07-20
화성시|영천동|48000|0|24,2026-07-20
화성시|영천동|43000|0|31,2026-07-20
화성시|영천동|16000|0|18,2026-07-20
화성시|영천동|51000|0|26,2026-07-20
화성시|영천동|11800|0|7,2026-07-20
화성시|영천동|6128|0|12,2026-07-20
화성시|영천동|2650|0|10,2026-07-20
화성시|영천동|16500|0|12,2026-07-20
화성시|영천동|21364|0|10,2026-07-20
화성시|영천동|32714|0|21,2026-07-20
화성시|영천동|22000|0|12,2026-07-20
화성시|영천동|18500|0|10,2026-07-20
화성시|영천동|22500|0|22,2026-07-20
화성시|영천동|20000|0|17,2026-07-20
화성시|영천동|40700|0|22,2026-07-20
화성시|영천동|39400|0|22,2026-07-20
화성시|영천동|45500|0|25,2026-07-20
화성시|영천동|31500|0|18,2026-07-20
화성시|영천동|22100|0|13,2026-07-20
화성시|영천동|33600|0|20,2026-07-20
화성시|영천동|24000|0|14,2026-07-20
화성시|영천동|26700|0|15,2026-07-20
화성시|영천동|43200|0|25,2026-07-20
화성시|영천동|45800|0|24,2026-07-20
화성시|영천동|42100|0|24,2026-07-20
화성시|영천동|38000|0|21,2026-07-20
화성시|영천동|46800|0|25,2026-07-20
화성시|영천동|45100|0|24,2026-07-20
화성시|영천동|49900|0|27,2026-07-20
화성시|영천동|57600|0|29,2026-07-20
화성시|영천동|57600|0|30,2026-07-20
화성시|영천동|56900|0|29,2026-07-20
화성시|영천동|59700|0|30,2026-07-20
화성시|영천동|38000|0|24,2026-07-20
화성시|영천동|27500|0|24,2026-07-20
화성시|영천동|31000|0|28,2026-07-20
화성시|영천동|28600|0|14,2026-07-20
화성시|영천동|25300|0|13,2026-07-20
화성시|영천동|24200|0|13,2026-07-20
화성시|영천동|31900|0|15,2026-07-20
화성시|영천동|20000|0|26,2026-07-20
화성시|영천동|20000|0|25,2026-07-20
화성시|영천동|42600|0|30,2026-07-20
화성시|영천동|28400|0|20,2026-07-20
화성시|영천동|10500|0|5,2026-07-20
화성시|영천동|19200|0|15,2026-07-20
화성시|영천동|28500|0|23,2026-07-20
화성시|영천동|38000|0|29,2026-07-20
화성시|영천동|72700|0|44,2026-07-20
화성시|영천동|37600|0|35,2026-07-20
화성시|영천동|50400|0|47,2026-07-20
화성시|금곡동|87000|187|59,2026-07-20
화성시|영천동|11700|0|7,2026-07-20
화성시|영천동|17300|0|23,2026-07-20
화성시|방교동|558000|556|87,2026-07-20
화성시|영천동|34100|0|50,2026-07-20
화성시|영천동|32500|0|21,2026-07-20
화성시|영천동|46000|0|21,2026-07-20
화성시|영천동|30500|0|19,2026-07-20
화성시|영천동|44900|0|25,2026-07-20
화성시|영천동|20000|0|12,2026-07-20
화성시|영천동|74100|0|28,2026-07-20
화성시|영천동|45900|0|24,2026-07-20
화성시|영천동|47000|0|24,2026-07-20
화성시|영천동|18000|0|13,2026-07-20
화성시|영천동|53500|0|34,2026-07-20
화성시|방교동|635000|517|624,2026-07-20
화성시|영천동|7000|0|10,2026-07-20
화성시|영천동|12100|0|12,2026-07-20
화성시|영천동|17000|0|12,2026-07-20
화성시|영천동|21000|0|14,2026-07-20
화성시|영천동|26400|0|15,2026-07-20
화성시|영천동|24200|0|18,2026-07-20
화성시|장지동|74000|294|58,2026-07-20
화성시|영천동|2750|0|10,2026-07-20
화성시|영천동|19000|0|12,2026-07-20
화성시|영천동|64000|0|42,2026-07-20
화성시|영천동|69000|0|41,2026-07-20
화성시|영천동|3400|0|4,2026-07-20
화성시|영천동|4000|0|6,2026-07-20
화성시|영천동|4500|0|8,2026-07-20
화성시|방교동|1530000|1147|1508,2026-07-20
화성시|방교동|900000|776|1083,2026-07-20
화성시|영천동|33000|0|27,2026-07-20
화성시|영천동|11000|0|6,2026-07-20
화성시|영천동|35000|0|24,2026-07-20
화성시|영천동|39000|0|27,2026-07-20
화성시|영천동|41000|0|27,2026-07-20
화성시|영천동|7900|0|11,2026-07-20
화성시|영천동|5000|0|4,2026-07-20
화성시|영천동|8936|0|15,2026-07-20
화성시|방교동|3709100|2721|4339,2026-07-20
화성시|영천동|462000|937|1945,2026-07-20
화성시|영천동|20700|0|13,2026-07-20
화성시|영천동|34000|0|30,2026-07-20
화성시|영천동|36000|0|24,2026-07-20
화성시|영천동|16429|0|7,2026-07-20
화성시|방교동|750000|515|951,2026-07-20
화성시|영천동|15000|0|9,2026-07-20
화성시|영천동|18900|0|11,2026-07-20
화성시|영천동|5300|0|8,2026-07-20
화성시|영천동|55018|0|32,2026-07-20
화성시|영천동|41331|0|22,2026-07-20
화성시|영천동|34466|0|19,2026-07-20
화성시|영천동|24203|0|13,2026-07-20
화성시|영천동|14000|0|7,2026-07-20
화성시|방교동|850000|723|580,2026-07-20
화성시|영천동|55500|0|24,2026-07-20
화성시|영천동|33200|0|23,2026-07-20
화성시|영천동|38643|0|24,2026-07-20
화성시|영천동|33711|0|21,2026-07-20
화성시|영천동|22646|0|14,2026-07-20
화성시|영천동|95000|0|106,2026-07-20
화성시|영천동|13000|0|11,2026-07-20
화성시|영천동|9300|0|7,2026-07-20
화성시|영천동|10000|0|7,2026-07-20
화성시|영천동|40869|0|23,2026-07-20
화성시|영천동|39690|0|22,2026-07-20
화성시|영천동|36828|0|20,2026-07-20
화성시|영천동|32788|0|58,2026-07-20
화성시|영천동|5000|0|6,2026-07-20
화성시|영천동|27300|0|12,2026-07-20
화성시|영천동|18200|0|13,2026-07-20
화성시|영천동|15900|0|11,2026-07-20
화성시|영천동|17400|0|23,2026-07-20
화성시|영천동|4700|0|6,2026-07-20
화성시|영천동|2700|0|9,2026-07-20
화성시|영천동|33500|0|33,2026-07-20
화성시|영천동|10000|0|5,2026-07-20
화성시|영천동|22000|0|15,2026-07-20
화성시|영천동|35000|0|34,2026-07-20
화성시|영천동|36473|0|14,2026-07-20
화성시|영천동|21059|0|8,2026-07-20
화성시|영천동|25600|0|23,2026-07-20
화성시|영천동|26400|0|24,2026-07-20
화성시|영천동|17500|0|12,2026-07-20
화성시|영천동|107800|0|89,2026-07-20
화성시|영천동|20000|0|14,2026-07-20
화성시|영천동|26549|0|24,2026-07-20
화성시|영천동|25817|0|23,2026-07-20
화성시|영천동|4500|0|5,2026-07-20
화성시|영천동|29000|0|31,2026-07-20
화성시|영천동|4100|0|4,2026-07-20
화성시|영천동|40000|0|21,2026-07-20
화성시|영천동|44000|0|24,2026-07-20
화성시|영천동|39500|0|21,2026-07-20
화성시|영천동|15700|0|10,2026-07-20
화성시|영천동|15300|0|10,2026-07-20
화성시|영천동|16100|0|10,2026-07-20
화성시|영천동|26500|0|17,2026-07-20
화성시|영천동|23100|0|15,2026-07-20
화성시|영천동|17800|0|11,2026-07-20
화성시|영천동|40000|0|35,2026-07-20
화성시|영천동|36655|0|30,2026-07-20
화성시|영천동|35346|0|29,2026-07-20
화성시|영천동|10000|0|13,2026-07-20
화성시|영천동|11500|0|7,2026-07-20
화성시|영천동|16000|0|13,2026-07-20
화성시|영천동|21500|0|15,2026-07-20
화성시|영천동|39000|0|24,2026-07-20
화성시|영천동|11000|0|11,2026-07-20
화성시|영천동|47000|0|34,2026-07-20
화성시|영천동|21490|0|14,2026-07-20
화성시|영천동|21510|0|14,2026-07-20
화성시|영천동|32000|0|24,2026-07-20
화성시|영천동|35000|0|29,2026-07-20
화성시|영천동|38032|0|23,2026-07-20
화성시|영천동|40662|0|23,2026-07-20
화성시|영천동|39338|0|22,2026-07-20
화성시|영천동|80000|0|45,2026-07-20
화성시|영천동|6000|0|11,2026-07-20
화성시|영천동|4750|0|6,2026-07-20
화성시|영천동|45000|0|29,2026-07-20
화성시|영천동|31349|0|21,2026-07-20
화성시|영천동|32379|0|21,2026-07-20
화성시|영천동|35321|0|23,2026-07-20
화성시|영천동|41101|0|27,2026-07-20
화성시|영천동|37425|0|25,2026-07-20
화성시|영천동|6520|0|10,2026-07-20
화성시|영천동|6000|0|10,2026-07-20
화성시|영천동|54000|0|54,2026-07-20
화성시|영천동|30320|0|22,2026-07-20
화성시|영천동|25364|0|19,2026-07-20
화성시|영천동|17816|0|13,2026-07-20
화성시|영천동|25000|0|23,2026-07-20
화성시|방교동|5950000|3952|5056,2026-07-20
화성시|영천동|10800|0|7,2026-07-20
화성시|영천동|10500|0|7,2026-07-20
화성시|영천동|4450|0|6,2026-07-20
화성시|영천동|16000|0|12,2026-07-20
화성시|영천동|22250|0|12,2026-07-20
화성시|영천동|10400|0|7,2026-07-20
화성시|영천동|12000|0|12,2026-07-20
화성시|영천동|39320|0|28,2026-07-20
화성시|영천동|34110|0|24,2026-07-20
화성시|영천동|27240|0|19,2026-07-20
화성시|영천동|29330|0|21,2026-07-20
화성시|영천동|35000|0|28,2026-07-20
화성시|영천동|31500|0|24,2026-07-20
화성시|영천동|9000|0|10,2026-07-20
화성시|영천동|40302|0|24,2026-07-20
화성시|방교동|380000|373|404,2026-07-20
화성시|방교동|200000|186|202,2026-07-20
광주시|초월읍 선동리|1214964|2694|2288,2026-07-20
광주시|도척면 방도리|310449|758|253,2026-07-20
광주시|매산동|174000|518|242,2026-07-20
광주시|도척면 진우리|32000|111|58,2026-07-20
광주시|추자동|154000|440|180,2026-07-20
광주시|초월읍 학동리|171860|437|278,2026-07-20
광주시|초월읍 학동리|277640|941|299,2026-07-20
광주시|초월읍 쌍동리|221150|465|241,2026-07-20
광주시|초월읍 학동리|164499|437|278,2026-07-20
광주시|초월읍 학동리|282709|941|299,2026-07-20
광주시|회덕동|131570|301|119,2026-07-20
광주시|문형동|276000|602|448,2026-07-20
광주시|곤지암읍 부항리|285000|1176|292,2026-07-20
광주시|초월읍 지월리|77000|271|145,2026-07-20
광주시|초월읍 학동리|214462|665|151,2026-07-20
광주시|추자동|295000|747|171,2026-07-20
광주시|초월읍 선동리|57100|144|54,2026-07-20
광주시|초월읍 학동리|325776|959|248,2026-07-20
광주시|능평동|58000|253|99,2026-07-20
광주시|도척면 진우리|207716|1622|225,2026-07-20
광주시|도척면 노곡리|244986|578|320,2026-07-20
광주시|초월읍 신월리|130000|349|120,2026-07-20
광주시|목동|275525|738|232,2026-07-20
광주시|곤지암읍 만선리|132600|493|299,2026-07-20
광주시|초월읍 지월리|414500|901|99,2026-07-20
광주시|도척면 추곡리|98000|400|193,2026-07-20
광주시|곤지암읍 만선리|132800|493|299,2026-07-20
광주시|곤지암읍 부항리|59000|269|89,2026-07-20
광주시|초월읍 신월리|138249|392|89,2026-07-20
광주시|초월읍 신월리|128676|385|142,2026-07-20
광주시|도척면 노곡리|9983869|8756|16257,2026-07-20
광주시|초월읍 신월리|200000|497|268,2026-07-20
광주시|양벌동|239725|994|582,2026-07-20
광주시|직동|200500|303|169,2026-07-20
광주시|도척면 진우리|114800|497|192,2026-07-20
광주시|도척면 진우리|83200|388|151,2026-07-20
광주시|추자동|108897|329|120,2026-07-20
광주시|추자동|136627|462|43,2026-07-20
광주시|문형동|135000|239|185,2026-07-20
광주시|매산동|530000|1629|487,2026-07-20
광주시|매산동|238500|493|223,2026-07-20
광주시|초월읍 학동리|91000|382|164,2026-07-20
광주시|초월읍 신월리|98264|269|168,2026-07-20
광주시|초월읍 신월리|129472|432|119,2026-07-20
광주시|곤지암읍 수양리|136000|561|186,2026-07-20
광주시|삼동|165000|250|228,2026-07-20
광주시|초월읍 무갑리|141360|293|123,2026-07-20
광주시|문형동|225242|458|365,2026-07-20
광주시|퇴촌면 도마리|45000|364|91,2026-07-20
광주시|고산동|354628|354|147,2026-07-20
광주시|초월읍 지월리|208100|532|233,2026-07-20
광주시|초월읍 지월리|226900|449|203,2026-07-20
광주시|곤지암읍 열미리|157000|462|175,2026-07-20
광주시|곤지암읍 만선리|53453|425|163,2026-07-20
광주시|곤지암읍 부항리|195612|616|116,2026-07-20
광주시|곤지암읍 열미리|334000|1008|311,2026-07-20
광주시|초월읍 용수리|179550|398|235,2026-07-20
광주시|초월읍 무갑리|332285|866|527,2026-07-20
광주시|도척면 진우리|295000|934|289,2026-07-20
광주시|곤지암읍 열미리|212137|742|140,2026-07-20
광주시|곤지암읍 오향리|188000|523|304,2026-07-20
광주시|초월읍 학동리|140000|372|119,2026-07-20
광주시|문형동|148000|400|160,2026-07-20
광주시|초월읍 신월리|230549|508|237,2026-07-20
광주시|곤지암읍 곤지암리|248990|818|303,2026-07-20
양주시|은현면 운암리|61200|414|146,2026-07-20
양주시|남면 상수리|230000|699|1131,2026-07-20
양주시|은현면 운암리|61500|414|146,2026-07-20
양주시|회암동|150000|596|368,2026-07-20
양주시|옥정동|48334|0|37,2026-07-20
양주시|광적면 우고리|205000|1098|631,2026-07-20
양주시|회암동|162500|412|238,2026-07-20
양주시|남면 경신리|16500|795|53,2026-07-20
양주시|남면 경신리|16500|795|58,2026-07-20
양주시|남면 경신리|15000|795|51,2026-07-20
양주시|남면 경신리|15000|795|52,2026-07-20
양주시|은현면 선암리|27701|748|216,2026-07-20
양주시|봉양동|50000|199|128,2026-07-20
양주시|고읍동|21800|183|36,2026-07-20
양주시|광적면 가납리|146910|498|287,2026-07-20
양주시|광적면 가납리|14160|498|28,2026-07-20
양주시|은현면 하패리|75000|520|182,2026-07-20
양주시|광적면 가납리|100000|498|287,2026-07-20
양주시|광적면 가납리|95432|536|739,2026-07-20
양주시|은현면 용암리|58000|199|118,2026-07-20
양주시|회암동|161600|525|196,2026-07-20
양주시|만송동|31000|115|29,2026-07-20
양주시|광적면 덕도리|22000|228|92,2026-07-20
양주시|회암동|60000|349|140,2026-07-20
양주시|광적면 덕도리|1183320|7256|2180,2026-07-20
양주시|광적면 가납리|155828|982|381,2026-07-20
양주시|남면 상수리|123000|437|820,2026-07-20
양주시|은현면 운암리|450000|2423|1018,2026-07-20
양주시|은현면 하패리|123100|711|235,2026-07-20
양주시|남면 상수리|125000|437|820,2026-07-20
양주시|남면 상수리|78000|437|820,2026-07-20
양주시|삼숭동|184421|600|130,2026-07-20
양주시|삼숭동|200000|600|230,2026-07-20
양주시|은현면 용암리|84600|459|120,2026-07-20
양주시|은현면 용암리|42100|153|75,2026-07-20
양주시|광적면 석우리|24860|225|98,2026-07-20
양주시|백석읍 홍죽리|1720000|4998|2601,2026-07-20
양주시|남면 입암리|209960|1088|401,2026-07-20
양주시|봉양동|38000|205|304,2026-07-20
양주시|남면 한산리|284000|1168|937,2026-07-20
양주시|장흥면 일영리|43000|291|108,2026-07-20
양주시|남면 경신리|30000|436|181,2026-07-20
양주시|백석읍 가업리|55000|220|139,2026-07-20
양주시|백석읍 홍죽리|66000|482|135,2026-07-20
양주시|옥정동|25466|0|23,2026-07-20
양주시|옥정동|21746|0|19,2026-07-20
양주시|옥정동|29520|0|30,2026-07-20
양주시|옥정동|24101|0|22,2026-07-20
양주시|남면 상수리|150000|594|332,2026-07-20
양주시|옥정동|31599|0|25,2026-07-20
양주시|옥정동|27124|0|22,2026-07-20
양주시|옥정동|36006|0|28,2026-07-20
양주시|옥정동|31500|0|23,2026-07-20
양주시|덕정동|44000|248|130,2026-07-20
양주시|은현면 운암리|82000|689|236,2026-07-20
양주시|은현면 봉암리|112200|801|293,2026-07-20
양주시|옥정동|22816|0|17,2026-07-20
양주시|옥정동|24620|0|19,2026-07-20
양주시|은현면 용암리|138000|736|255,2026-07-20
양주시|옥정동|42193|0|39,2026-07-20
양주시|옥정동|26984|0|24,2026-07-20
양주시|옥정동|27720|0|25,2026-07-20
양주시|옥정동|23794|0|22,2026-07-20
양주시|옥정동|28428|0|26,2026-07-20
양주시|옥정동|21491|0|24,2026-07-20
양주시|옥정동|22852|0|27,2026-07-20
양주시|남면 경신리|98020|461|149,2026-07-20
양주시|고읍동|71122|299|59,2026-07-20
양주시|남면 경신리|100199|461|149,2026-07-20
양주시|옥정동|42736|0|39,2026-07-20
양주시|옥정동|27330|0|24,2026-07-20
양주시|고암동|91600|229|119,2026-07-20
양주시|남면 상수리|70000|300|236,2026-07-20
양주시|남면 상수리|60000|251|59,2026-07-20
양주시|남면 경신리|496280|2385|949,2026-07-20
양주시|남면 상수리|130000|914|311,2026-07-20
양주시|은현면 도하리|23400|150|49,2026-07-20
포천시|동교동|127200|353|120,2026-07-20
포천시|내촌면 마명리|71800|284|109,2026-07-20
포천시|창수면 가양리|101055|699|108,2026-07-20
포천시|관인면 초과리|6084|151|32,2026-07-20
포천시|군내면 직두리|51800|362|153,2026-07-20
포천시|신북면 만세교리|174460|925|302,2026-07-20
포천시|군내면 좌의리|149501|1036|390,2026-07-20
포천시|신북면 심곡리|82000|791|263,2026-07-20
포천시|가산면 가산리|235000|992|427,2026-07-20
포천시|가산면 감암리|40000|284|59,2026-07-20
포천시|내촌면 내리|233000|989|190,2026-07-20
포천시|신북면 기지리|217000|860|436,2026-07-20
포천시|소흘읍 초가팔리|405000|1175|419,2026-07-20
포천시|소흘읍 이동교리|180000|585|113,2026-07-20
포천시|이동면 노곡리|12000|165|53,2026-07-20
포천시|가산면 가산리|103230|437|148,2026-07-20
포천시|내촌면 마명리|143400|487|79,2026-07-20
포천시|가산면 정교리|185000|484|240,2026-07-20
포천시|가산면 정교리|150000|750|303,2026-07-20
포천시|가산면 마산리|60000|265|127,2026-07-20
포천시|소흘읍 이동교리|193700|843|142,2026-07-20
포천시|화현면 화현리|92670|1018|181,2026-07-20
포천시|소흘읍 고모리|75000|401|133,2026-07-20
포천시|가산면 정교리|103924|439|156,2026-07-20
포천시|신북면 신평리|127310|1057|469,2026-07-20
포천시|가산면 금현리|102191|335|139,2026-07-20
포천시|선단동|280000|1897|854,2026-07-20
포천시|내촌면 음현리|144000|438|341,2026-07-20
포천시|가산면 방축리|78860|277|205,2026-07-20
포천시|내촌면 소학리|57600|422|195,2026-07-20
포천시|내촌면 소학리|14400|117|56,2026-07-20
포천시|소흘읍 무봉리|69000|237|99,2026-07-20
포천시|소흘읍 고모리|62500|250|99,2026-07-20
포천시|일동면 수입리|74300|1447|60,2026-07-20
포천시|소흘읍 무봉리|73500|307|121,2026-07-20
포천시|신북면 신평리|137960|1020|234,2026-07-20
포천시|창수면 오가리|128600|1510|252,2026-07-20
포천시|내촌면 진목리|97000|1170|181,2026-07-20
포천시|가산면 정교리|122994|523|179,2026-07-20
포천시|가산면 가산리|109600|554|198,2026-07-20
포천시|가산면 정교리|48000|242|110,2026-07-20
포천시|신북면 만세교리|49500|480|191,2026-07-20
포천시|가산면 감암리|55000|415|237,2026-07-20
포천시|군내면 좌의리|93490|522|165,2026-07-20
포천시|가산면 금현리|210000|831|328,2026-07-20
포천시|가산면 가산리|119209|786|296,2026-07-20
포천시|소흘읍 이가팔리|22000|100|59,2026-07-20
포천시|가산면 정교리|19000|166|58,2026-07-20
포천시|소흘읍 무봉리|120000|596|114,2026-07-20
포천시|신북면 만세교리|118000|950|297,2026-07-20
포천시|신북면 만세교리|120000|950|297,2026-07-20
포천시|소흘읍 고모리|129800|322|128,2026-07-20
포천시|가산면 방축리|119000|752|360,2026-07-20
포천시|군내면 유교리|350000|1037|534,2026-07-20
포천시|선단동|217553|899|179,2026-07-20
포천시|군내면 유교리|158444|753|179,2026-07-20
포천시|가산면 금현리|25000|196|90,2026-07-20
포천시|가산면 마전리|161800|829|179,2026-07-20
포천시|신북면 계류리|115000|2340|476,2026-07-20
포천시|동교동|200000|1178|455,2026-07-20
포천시|동교동|12500|187|108,2026-07-20
포천시|가산면 우금리|142203|500|260,2026-07-20
포천시|가산면 금현리|220000|724|275,2026-07-20
포천시|가산면 가산리|65065|415|158,2026-07-20
포천시|가산면 가산리|20182|415|158,2026-07-20
포천시|가산면 금현리|114500|489|182,2026-07-20
포천시|동교동|108700|487|202,2026-07-20
포천시|가산면 가산리|173324|877|317,2026-07-20
포천시|소흘읍 이동교리|118240|739|128,2026-07-20
포천시|군내면 상성북리|97900|607|213,2026-07-20
포천시|창수면 오가리|98000|981|443,2026-07-20
여주시|북내면 장암리|14000|323|24,2026-07-20
여주시|천송동|159000|448|116,2026-07-20
여주시|점동면 사곡리|2000|121|11,2026-07-20
여주시|금사면 금사리|8815|136|27,2026-07-20
여주시|북내면 중암리|19534|162|101,2026-07-20
여주시|북내면 중암리|20000|162|101,2026-07-20
여주시|삼교동|18972481|18665|39624,2026-07-20
여주시|점봉동|21611402|15170|36949,2026-07-20
여주시|흥천면 신근리|1225000|3023|2039,2026-07-20
여주시|대신면 후포리|6190|130|59,2026-07-20
여주시|천송동|241479|935|724,2026-07-20
여주시|점동면 덕평리|154010|1324|297,2026-07-20
여주시|점동면 덕평리|154010|1324|400,2026-07-20
여주시|대신면 초현리|400000|5205|1023,2026-07-20
여주시|가남읍 본두리|140000|1359|90,2026-07-20
여주시|대신면 후포리|18500|308|59,2026-07-20
여주시|천송동|72000|405|220,2026-07-20
여주시|오금동|32000|300|113,2026-07-20
여주시|북내면 지내리|28000|148|63,2026-07-20
연천군|청산면 초성리|9900|199|27,2026-07-20
연천군|전곡읍 늘목리|26500|854|59,2026-07-20
연천군|전곡읍 늘목리|30000|854|59,2026-07-20
연천군|백학면 통구리|74258|585|182,2026-07-20
연천군|청산면 초성리|12385|143|11,2026-07-20
연천군|미산면 우정리|19800|318|51,2026-07-20
연천군|전곡읍 간파리|12894|472|78,2026-07-20
가평군|조종면 대보리|23000|207|59,2026-07-20
가평군|상면 율길리|300000|1460|209,2026-07-20
가평군|가평읍 달전리|32000|167|26,2026-07-20
가평군|청평면 상천리|20000|337|39,2026-07-20
가평군|상면 원흥리|41700|536|151,2026-07-20
가평군|조종면 상판리|4500|121|20,2026-07-20
양평군|강하면 동오리|20000|183|9,2026-07-20
양평군|용문면 삼성리|10000|191|27,2026-07-20
양평군|용문면 중원리|15500|102|5,2026-07-20
양평군|개군면 하자포리|184483|1769|484,2026-07-20
양평군|서종면 문호리|52375|205|6,2026-07-20
양평군|강하면 왕창리|18735|153|5,2026-07-20
양평군|양평읍 회현리|14000|183|65,2026-07-20
양평군|양동면 계정리|4410|249|50,2026-07-20
양평군|용문면 다문리|8713|134|18,2026-07-20
양평군|강하면 전수리|16450|162|16,2026-07-20
양평군|양평읍 회현리|22200|336|5,2026-07-20
양평군|지평면 망미리|5500|271|5,2026-07-20
양평군|양동면 석곡리|9120|199|29,2026-07-20
양평군|서종면 문호리|28900|229|39,2026-07-20
양평군|강하면 성덕리|14500|136|5,2026-07-20
양평군|용문면 덕촌리|33000|413|23,2026-07-20
안양시|관양동|64000|0|59,2026-07-21
부천시|도당동|300000|230|93,2026-07-21
남양주시|다산동|14000|0|9,2026-07-21
하남시|망월동|80000|0|9,2026-07-21
하남시|풍산동|14380|0|11,2026-07-21
파주시|조리읍 능안리|210000|453|213,2026-07-21
