권역,시군,읍면동,주용도,용도지역,건물유형,건축년도,규모,건폐율(%),거래유형,매도자,매수자,대지(평),연면적(평),거래금액(만원),대지평단가(만원),연면적평단가(만원),거래월,신규
남부,수원시,이목동,공장,일반공업,집합,2023,소형(~500평),0,중개거래,개인,개인,0,11.5,17200,0,1492.0,2025-11,
남부,수원시,이목동,공장,일반공업,집합,2023,소형(~500평),0,중개거래,개인,개인,0,7.6,6100,0,801.5,2025-11,
남부,수원시,이목동,공장,일반공업,집합,2023,소형(~500평),0,중개거래,개인,개인,0,11.5,16500,0,1431.3,2025-11,
남부,수원시,이목동,공장,일반공업,집합,2023,소형(~500평),0,중개거래,개인,개인,0,6.3,4600,0,727.2,2026-05,
남부,수원시,고색동,공장,일반공업,집합,2010,소형(~500평),0,중개거래,법인,법인,0,38.0,33000,0,869.3,2025-07,
남부,수원시,고색동,공장,일반공업,집합,2010,소형(~500평),0,중개거래,법인,법인,0,36.1,32000,0,885.4,2025-07,
남부,수원시,고색동,공장,일반공업,집합,,소형(~500평),0,중개거래,법인,법인,0,74.1,65000,0,877.2,2025-07,
남부,수원시,호매실동,공장,근린상업,집합,2021,소형(~500평),0,중개거래,개인,법인,0,18.5,18325,0,992.6,2025-07,
남부,수원시,고색동,공장,일반공업,집합,2017,소형(~500평),0,직거래,개인,법인,0,37.8,31991,0,845.6,2025-08,
남부,수원시,고색동,공장,일반공업,집합,2010,소형(~500평),0,중개거래,개인,법인,0,43.3,34500,0,796.3,2025-08,
남부,수원시,고색동,공장,일반공업,집합,2008,소형(~500평),0,중개거래,법인,법인,0,41.8,29000,0,693.6,2025-09,
남부,수원시,고색동,공장,일반공업,집합,2010,소형(~500평),0,중개거래,개인,법인,0,40.9,30000,0,733.4,2026-04,
남부,수원시,고색동,공장,일반공업,집합,2022,소형(~500평),0,직거래,개인,법인,0,30.5,46000,0,1508.6,2025-10,
남부,수원시,호매실동,창고시설,일반상업,집합,2021,소형(~500평),0,중개거래,법인,개인,0,13.6,2500,0,183.5,2025-10,
남부,수원시,고색동,공장,일반공업,집합,2017,소형(~500평),0,중개거래,개인,법인,0,37.6,38800,0,1031.7,2025-11,
남부,수원시,고색동,공장,일반공업,집합,2017,소형(~500평),0,중개거래,개인,법인,0,33.6,34900,0,1037.8,2025-11,
남부,수원시,고색동,공장,일반공업,집합,2010,소형(~500평),0,중개거래,개인,개인,0,39.9,31500,0,788.9,2025-11,
남부,수원시,세류동,공장,준주거,일반,1951,소형(~500평),22.9,중개거래,개인,법인,254.4,58.3,337150,1325.3,5782.0,2025-11,
남부,수원시,호매실동,공장,근린상업,집합,2021,소형(~500평),0,중개거래,개인,개인,0,19.7,27000,0,1367.9,2025-12,
남부,수원시,고색동,공장,일반공업,집합,2017,소형(~500평),0,중개거래,법인,법인,0,35.5,50500,0,1421.4,2025-12,
남부,수원시,고색동,공장,일반공업,집합,2022,소형(~500평),0,중개거래,법인,법인,0,44.6,60900,0,1365.6,2026-01,
남부,수원시,고색동,창고시설,제1종일반주거,일반,2005,소형(~500평),3.6,직거래,개인,법인,225.4,8.0,160300,711.3,19981.8,2026-01,
남부,수원시,고색동,공장,일반공업,집합,2010,소형(~500평),0,직거래,법인,개인,0,43.1,31000,0,719.0,2026-02,
남부,수원시,호매실동,공장,근린상업,집합,2021,소형(~500평),0,직거래,개인,개인,0,11.6,16000,0,1377.8,2026-02,
남부,수원시,고색동,공장,일반공업,일반,2006,중형(500~2천평),120.3,직거래,법인,법인,701.4,843.5,900000,1283.2,1067.0,2026-03,
남부,수원시,고색동,공장,일반공업,일반,2013,중형(500~2천평),112.7,직거래,법인,법인,1301.0,1466.5,1400000,1076.1,954.7,2026-03,
남부,수원시,고색동,공장,일반공업,집합,2017,소형(~500평),0,중개거래,법인,법인,0,33.6,32300,0,960.5,2026-03,
남부,수원시,고색동,공장,일반공업,집합,2017,소형(~500평),0,직거래,개인,법인,0,19.8,27000,0,1363.9,2026-05,
남부,수원시,고색동,공장,일반공업,집합,2010,소형(~500평),0,중개거래,법인,개인,0,42.8,30500,0,712.7,2026-06,
남부,수원시,고색동,공장,일반공업,집합,2017,소형(~500평),0,중개거래,개인,법인,0,38.2,37000,0,967.4,2026-06,
남부,수원시,고색동,공장,일반공업,집합,2010,소형(~500평),0,중개거래,법인,법인,0,86.8,77400,0,891.6,2026-06,
남부,수원시,고색동,공장,일반공업,집합,2010,소형(~500평),0,중개거래,법인,법인,0,39.9,35600,0,891.7,2026-06,
남부,수원시,고색동,공장,일반공업,일반,,대형(2천평~),180.2,직거래,법인,법인,4844.2,8728.4,5600000,1156.0,641.6,2026-06,
남부,수원시,우만동,공장,제2종일반주거,집합,1994,소형(~500평),0,직거래,법인,법인,0,86.5,35383,0,409.2,2025-10,
남부,수원시,우만동,공장,제2종일반주거,집합,1994,소형(~500평),0,직거래,법인,법인,0,17.9,9617,0,537.2,2025-10,
남부,수원시,우만동,공장,제2종일반주거,집합,1994,소형(~500평),0,중개거래,개인,법인,0,86.5,33529,0,387.8,2025-11,
남부,수원시,우만동,창고시설,제2종일반주거,집합,1994,소형(~500평),0,중개거래,개인,법인,0,15.6,5736,0,367.5,2025-11,
남부,수원시,우만동,공장,제2종일반주거,집합,1994,소형(~500평),0,직거래,개인,개인,0,62.9,35000,0,556.0,2026-02,
남부,수원시,이의동,공장,준주거,집합,,소형(~500평),0,중개거래,개인,법인,0,30.3,59000,0,1944.8,2025-07,
남부,수원시,이의동,공장,준주거,집합,2016,소형(~500평),0,중개거래,개인,법인,0,25.6,70000,0,2733.7,2025-07,
남부,수원시,원천동,공장,일반공업,집합,2022,소형(~500평),0,중개거래,개인,법인,0,13.7,25500,0,1854.7,2025-07,
남부,수원시,이의동,공장,준주거,집합,2018,소형(~500평),0,중개거래,개인,개인,0,25.9,50000,0,1928.2,2025-07,
남부,수원시,이의동,공장,준주거,집합,2018,소형(~500평),0,중개거래,법인,개인,0,24.9,20000,0,802.4,2025-07,
남부,수원시,신동,공장,일반공업,집합,2019,소형(~500평),0,중개거래,법인,개인,0,10.9,3276,0,299.9,2025-07,
남부,수원시,이의동,공장,준주거,집합,2016,소형(~500평),0,중개거래,개인,법인,0,25.6,49000,0,1913.6,2025-08,
남부,수원시,원천동,공장,일반공업,집합,2022,소형(~500평),0,중개거래,개인,개인,0,6.9,9500,0,1372.0,2025-09,
남부,수원시,영통동,공장,준주거,집합,2006,소형(~500평),0,중개거래,개인,법인,0,52.9,58000,0,1097.4,2025-12,
남부,수원시,이의동,공장,준주거,집합,2018,소형(~500평),0,중개거래,개인,개인,0,9.8,5200,0,533.0,2025-08,
남부,수원시,이의동,공장,준주거,집합,2018,소형(~500평),0,중개거래,개인,개인,0,9.4,18000,0,1916.4,2025-08,
남부,수원시,원천동,공장,일반공업,집합,,소형(~500평),0,중개거래,법인,법인,0,11.2,16200,0,1452.9,2025-08,
남부,수원시,원천동,공장,일반공업,집합,2009,소형(~500평),0,직거래,기타,개인,0,29.0,15000,0,517.6,2025-08,
남부,수원시,영통동,공장,준주거,집합,2006,소형(~500평),0,직거래,개인,법인,0,52.9,57000,0,1078.5,2026-05,
남부,수원시,망포동,공장,일반공업,집합,2002,소형(~500평),0,중개거래,개인,법인,0,97.3,61500,0,632.0,2025-09,
남부,수원시,원천동,공장,일반공업,집합,2024,소형(~500평),0,중개거래,개인,법인,0,28.9,51500,0,1780.1,2025-09,
남부,수원시,원천동,공장,일반공업,집합,2021,소형(~500평),0,직거래,개인,기타,0,10.7,8000,0,750.5,2025-09,
남부,수원시,신동,공장,일반공업,집합,2008,소형(~500평),0,중개거래,개인,법인,0,45.0,41500,0,921.7,2025-09,
남부,수원시,원천동,공장,일반공업,집합,2024,소형(~500평),0,중개거래,개인,법인,0,29.3,53300,0,1816.7,2025-09,
남부,수원시,원천동,공장,일반공업,집합,2024,소형(~500평),0,중개거래,법인,법인,0,21.7,29925,0,1379.9,2025-09,
남부,수원시,원천동,공장,일반공업,집합,2009,소형(~500평),0,중개거래,개인,개인,0,7.2,500,0,69.9,2025-09,
남부,수원시,원천동,공장,일반공업,집합,2022,소형(~500평),0,직거래,개인,개인,0,20.0,29000,0,1451.4,2025-09,
남부,수원시,신동,공장,일반공업,집합,2008,소형(~500평),0,중개거래,법인,법인,0,45.0,44000,0,977.3,2025-09,
남부,수원시,신동,공장,일반공업,집합,2008,소형(~500평),0,중개거래,법인,법인,0,44.9,44000,0,980.2,2025-09,
남부,수원시,영통동,공장,준주거,집합,,소형(~500평),0,중개거래,법인,법인,0,57.3,64700,0,1128.4,2025-09,
남부,수원시,영통동,공장,준주거,집합,2006,소형(~500평),0,중개거래,법인,법인,0,54.9,61900,0,1127.8,2025-09,
남부,수원시,영통동,공장,준주거,집합,2006,소형(~500평),0,중개거래,법인,법인,0,95.1,107400,0,1129.7,2025-09,
남부,수원시,영통동,공장,준주거,집합,2006,소형(~500평),0,중개거래,법인,법인,0,54.9,58000,0,1056.7,2025-09,
남부,수원시,원천동,공장,일반공업,집합,2022,소형(~500평),0,중개거래,개인,법인,0,16.3,26000,0,1593.4,2025-10,
남부,수원시,매탄동,공장,일반공업,일반,1988,소형(~500평),143.5,중개거래,개인,법인,229.3,329.0,322000,1404.3,978.6,2025-10,
남부,수원시,신동,공장,일반공업,집합,2008,소형(~500평),0,중개거래,개인,법인,0,31.8,21500,0,676.3,2025-10,
남부,수원시,원천동,공장,일반공업,집합,2022,소형(~500평),0,직거래,개인,개인,0,16.7,19728,0,1177.8,2025-11,
남부,수원시,원천동,공장,일반공업,집합,2023,소형(~500평),0,직거래,개인,개인,0,34.9,40000,0,1144.9,2025-11,
남부,수원시,이의동,공장,준주거,집합,2018,소형(~500평),0,중개거래,개인,법인,0,27.9,57440,0,2058.6,2025-11,
남부,수원시,원천동,공장,일반공업,집합,2024,소형(~500평),0,중개거래,개인,개인,0,11.9,19000,0,1602.3,2025-12,
남부,수원시,신동,공장,일반공업,집합,2021,소형(~500평),0,직거래,기타,개인,0,28.8,25585,0,887.6,2025-12,
남부,수원시,신동,공장,일반공업,집합,2021,소형(~500평),0,직거래,기타,개인,0,16.2,14365,0,887.6,2025-12,
남부,수원시,신동,공장,일반공업,집합,2021,소형(~500평),0,직거래,기타,개인,0,21.0,16912,0,804.3,2025-12,
남부,수원시,신동,공장,일반공업,집합,2021,소형(~500평),0,직거래,기타,개인,0,40.4,32463,0,804.3,2025-12,
남부,수원시,원천동,공장,일반공업,집합,2009,소형(~500평),0,직거래,개인,기타,0,85.0,67700,0,796.8,2025-12,
남부,수원시,신동,공장,일반공업,집합,2008,소형(~500평),0,중개거래,개인,법인,0,43.1,42500,0,985.3,2025-12,
남부,수원시,신동,공장,일반공업,집합,2008,소형(~500평),0,직거래,개인,기타,0,41.3,41000,0,991.6,2025-12,
남부,수원시,신동,공장,일반공업,집합,2008,소형(~500평),0,중개거래,개인,법인,0,42.8,42000,0,980.9,2025-12,
남부,수원시,원천동,공장,일반공업,집합,2022,소형(~500평),0,직거래,기타,기타,0,17.7,24000,0,1353.9,2025-12,
남부,수원시,원천동,공장,일반공업,집합,2022,소형(~500평),0,중개거래,개인,법인,0,17.7,25000,0,1410.3,2026-01,
남부,수원시,이의동,공장,준주거,집합,2018,소형(~500평),0,중개거래,개인,법인,0,24.9,40000,0,1608.7,2026-01,
남부,수원시,이의동,공장,준주거,집합,2018,소형(~500평),0,중개거래,개인,법인,0,23.5,38500,0,1640.1,2026-01,
남부,수원시,이의동,공장,준주거,집합,2018,소형(~500평),0,중개거래,법인,법인,0,24.9,42000,0,1685.0,2026-01,
남부,수원시,원천동,공장,일반공업,집합,2022,소형(~500평),0,중개거래,개인,법인,0,40.0,55000,0,1376.5,2026-01,
남부,수원시,원천동,공장,일반공업,집합,2022,소형(~500평),0,중개거래,개인,법인,0,15.2,21150,0,1389.7,2026-01,
남부,수원시,영통동,공장,준주거,집합,2006,소형(~500평),0,중개거래,법인,개인,0,52.9,60000,0,1135.2,2026-01,
남부,수원시,신동,공장,일반공업,집합,2021,소형(~500평),0,직거래,개인,개인,0,6.5,16987,0,2599.8,2026-01,
남부,수원시,신동,공장,일반공업,집합,2019,소형(~500평),0,직거래,법인,개인,0,14.3,18588,0,1300.5,2026-02,
남부,수원시,신동,공장,일반공업,집합,2019,소형(~500평),0,직거래,법인,개인,0,12.9,16878,0,1305.1,2026-02,
남부,수원시,이의동,공장,준주거,집합,2018,소형(~500평),0,중개거래,개인,법인,0,24.1,45500,0,1885.1,2026-02,
남부,수원시,신동,공장,일반공업,집합,2021,소형(~500평),0,중개거래,개인,개인,0,14.7,23600,0,1607.9,2026-02,
남부,수원시,신동,공장,일반공업,집합,2008,소형(~500평),0,중개거래,법인,법인,0,44.9,41000,0,912.7,2026-03,
남부,수원시,원천동,공장,제2종일반주거,집합,1993,소형(~500평),0,중개거래,법인,법인,0,55.4,31000,0,559.2,2026-04,
남부,수원시,원천동,공장,제2종일반주거,집합,1993,소형(~500평),0,중개거래,법인,법인,0,54.6,31000,0,568.1,2026-04,
남부,수원시,신동,공장,일반공업,집합,2008,소형(~500평),0,중개거래,개인,법인,0,43.1,41500,0,962.1,2026-04,
남부,수원시,신동,공장,일반공업,집합,2008,소형(~500평),0,중개거래,법인,법인,0,32.6,25000,0,766.0,2026-04,
남부,수원시,신동,공장,일반공업,집합,2008,소형(~500평),0,중개거래,개인,법인,0,43.1,40000,0,927.4,2026-04,
남부,수원시,신동,공장,일반공업,집합,2008,소형(~500평),0,중개거래,법인,법인,0,42.8,44000,0,1027.6,2026-04,
남부,수원시,매탄동,공장,일반공업,일반,1994,중형(500~2천평),34.5,직거래,법인,법인,1182.8,408.1,1848247,1562.6,4528.6,2026-05,
남부,수원시,매탄동,공장,일반공업,일반,1989,소형(~500평),55.7,직거래,법인,법인,268.0,149.4,401753,1499.0,2689.0,2026-05,
남부,수원시,원천동,공장,일반공업,집합,2021,소형(~500평),0,중개거래,법인,개인,0,11.2,12000,0,1076.2,2026-05,
남부,수원시,신동,공장,일반공업,집합,2019,소형(~500평),0,중개거래,개인,법인,0,14.3,15900,0,1112.4,2026-05,
남부,수원시,원천동,공장,일반공업,집합,1989,소형(~500평),0,직거래,개인,개인,0,73.3,30000,0,409.1,2026-05,
남부,수원시,영통동,공장,준주거,집합,2006,소형(~500평),0,직거래,개인,법인,0,54.9,59000,0,1075.0,2026-05,
남부,수원시,원천동,공장,일반공업,집합,2023,소형(~500평),0,직거래,법인,개인,0,15.4,20465,0,1326.8,2026-05,
남부,수원시,이의동,공장,준주거,집합,2018,소형(~500평),0,직거래,개인,법인,0,9.8,10000,0,1016.5,2026-06,
남부,수원시,원천동,공장,일반공업,집합,2009,소형(~500평),0,중개거래,법인,개인,0,24.1,10000,0,414.4,2026-06,
남부,수원시,이의동,공장,준주거,집합,2018,소형(~500평),0,직거래,개인,법인,0,23.9,45000,0,1879.9,2026-06,
남부,수원시,이의동,공장,준주거,집합,2018,소형(~500평),0,중개거래,개인,개인,0,12.1,19500,0,1614.8,2026-06,
남부,성남시,고등동,공장,근린상업,집합,2020,소형(~500평),0,중개거래,개인,개인,0,15.2,27800,0,1833.6,2025-07,
남부,성남시,금토동,공장,용도미지정,집합,2022,소형(~500평),0,중개거래,법인,법인,0,41.0,90518,0,2209.2,2025-07,
남부,성남시,고등동,공장,준주거,집합,2021,소형(~500평),0,중개거래,법인,법인,0,11.1,25000,0,2261.8,2025-08,
남부,성남시,시흥동,공장,준공업,집합,2019,소형(~500평),0,중개거래,법인,법인,0,32.3,75000,0,2324.1,2025-09,
남부,성남시,시흥동,공장,준주거,집합,2023,소형(~500평),0,직거래,법인,법인,0,27.5,65439,0,2380.1,2025-11,
남부,성남시,시흥동,공장,준공업,집합,2019,소형(~500평),0,중개거래,법인,법인,0,30.9,70000,0,2262.9,2026-01,
남부,성남시,시흥동,공장,준공업,집합,,소형(~500평),0,중개거래,법인,법인,0,27.0,69000,0,2554.3,2025-11,
남부,성남시,고등동,공장,준주거,집합,2021,소형(~500평),0,직거래,개인,개인,0,7.1,10500,0,1475.8,2025-12,
남부,성남시,시흥동,공장,준공업,집합,2019,소형(~500평),0,중개거래,법인,법인,0,32.5,70000,0,2156.4,2026-01,
남부,성남시,시흥동,공장,준주거,집합,2023,소형(~500평),0,직거래,법인,법인,0,46.3,154672,0,3339.9,2026-01,
남부,성남시,고등동,창고시설,준주거,집합,2021,소형(~500평),0,중개거래,법인,개인,0,7.4,7000,0,949.9,2026-02,
남부,성남시,시흥동,공장,준주거,집합,2023,소형(~500평),0,직거래,법인,법인,0,41.9,132878,0,3172.7,2026-03,
남부,성남시,고등동,공장,준주거,집합,2021,소형(~500평),0,중개거래,개인,법인,0,14.2,29000,0,2038.0,2026-05,
남부,성남시,고등동,공장,준주거,집합,2021,소형(~500평),0,중개거래,법인,개인,0,32.4,21000,0,647.6,2026-06,
남부,성남시,고등동,공장,준주거,집합,2021,소형(~500평),0,중개거래,법인,개인,0,36.1,70000,0,1940.0,2026-06,
남부,성남시,상대원동,공장,일반공업,집합,2019,소형(~500평),0,중개거래,법인,법인,0,27.5,33000,0,1202.0,2025-07,
남부,성남시,상대원동,공장,일반공업,집합,2019,소형(~500평),0,중개거래,법인,법인,0,32.5,40000,0,1232.0,2025-07,
남부,성남시,상대원동,공장,일반공업,집합,2019,소형(~500평),0,중개거래,법인,개인,0,27.5,37600,0,1368.8,2025-07,
남부,성남시,상대원동,공장,일반공업,집합,2003,소형(~500평),0,직거래,개인,법인,0,43.0,28250,0,656.9,2025-07,
남부,성남시,상대원동,공장,일반공업,집합,2019,소형(~500평),0,중개거래,개인,법인,0,24.6,34400,0,1397.9,2025-07,
남부,성남시,상대원동,공장,일반공업,집합,2002,소형(~500평),0,중개거래,법인,법인,0,86.1,80000,0,928.9,2025-07,
남부,성남시,상대원동,공장,일반공업,집합,2010,소형(~500평),0,중개거래,법인,법인,0,81.8,101000,0,1234.9,2025-07,
남부,성남시,상대원동,공장,일반공업,집합,2013,소형(~500평),0,중개거래,개인,법인,0,38.9,44000,0,1130.1,2025-07,
남부,성남시,상대원동,공장,일반공업,집합,,소형(~500평),0,중개거래,개인,개인,0,26.9,43000,0,1600.8,2025-07,
남부,성남시,상대원동,공장,일반공업,집합,2021,소형(~500평),0,중개거래,개인,개인,0,6.5,12000,0,1842.5,2025-07,
남부,성남시,상대원동,공장,일반공업,집합,2019,소형(~500평),0,중개거래,개인,법인,0,16.0,38000,0,2375.1,2025-07,
남부,성남시,상대원동,공장,일반공업,집합,2019,소형(~500평),0,중개거래,법인,법인,0,27.5,38000,0,1383.3,2025-07,
남부,성남시,상대원동,공장,일반공업,집합,,소형(~500평),0,중개거래,법인,법인,0,36.3,49850,0,1372.0,2025-07,
남부,성남시,상대원동,공장,일반공업,집합,,소형(~500평),0,중개거래,법인,법인,0,34.7,47650,0,1372.1,2025-07,
남부,성남시,상대원동,공장,일반공업,집합,,소형(~500평),0,중개거래,법인,법인,0,34.7,47500,0,1367.8,2025-07,
남부,성남시,상대원동,공장,일반공업,집합,,소형(~500평),0,중개거래,법인,법인,0,48.4,44000,0,908.8,2025-07,
남부,성남시,상대원동,공장,일반공업,집합,2006,소형(~500평),0,중개거래,개인,법인,0,38.8,40000,0,1030.2,2026-06,
남부,성남시,상대원동,공장,제2종일반주거,집합,2004,소형(~500평),0,직거래,법인,법인,0,31.8,31000,0,973.6,2025-08,
남부,성남시,상대원동,공장,일반공업,집합,1998,소형(~500평),0,직거래,법인,법인,0,93.0,77300,0,831.5,2025-08,
남부,성남시,상대원동,공장,일반공업,집합,2008,소형(~500평),0,중개거래,개인,개인,0,12.4,3800,0,307.2,2025-08,
남부,성남시,상대원동,공장,일반공업,집합,2005,소형(~500평),0,중개거래,개인,법인,0,40.5,42500,0,1048.5,2025-08,
남부,성남시,상대원동,공장,제2종일반주거,집합,,소형(~500평),0,중개거래,개인,법인,0,7.2,7500,0,1037.8,2025-08,
남부,성남시,상대원동,공장,일반공업,집합,2008,소형(~500평),0,중개거래,법인,법인,0,61.9,68000,0,1099.0,2025-08,
남부,성남시,상대원동,공장,일반공업,집합,,소형(~500평),0,중개거래,개인,법인,0,33.0,35200,0,1066.8,2025-08,
남부,성남시,상대원동,공장,일반공업,집합,2008,소형(~500평),0,중개거래,개인,개인,0,57.8,59500,0,1028.8,2025-08,
남부,성남시,상대원동,공장,일반공업,집합,2010,소형(~500평),0,중개거래,개인,법인,0,24.6,22000,0,895.7,2025-08,
남부,성남시,상대원동,공장,일반공업,집합,2008,소형(~500평),0,직거래,법인,법인,0,31.3,29500,0,941.3,2026-01,
남부,성남시,상대원동,공장,일반공업,집합,2003,소형(~500평),0,중개거래,법인,법인,0,60.3,65000,0,1077.1,2025-09,
남부,성남시,상대원동,공장,일반공업,집합,2003,소형(~500평),0,중개거래,법인,법인,0,143.7,155000,0,1078.3,2025-09,
남부,성남시,상대원동,공장,일반공업,집합,2019,소형(~500평),0,중개거래,법인,개인,0,6.9,12850,0,1860.7,2025-09,
남부,성남시,상대원동,공장,일반공업,집합,2008,소형(~500평),0,중개거래,개인,개인,0,21.2,21700,0,1024.8,2025-09,
남부,성남시,상대원동,공장,일반공업,집합,2008,소형(~500평),0,중개거래,개인,개인,0,46.6,48300,0,1035.9,2025-09,
남부,성남시,상대원동,공장,일반공업,집합,2010,소형(~500평),0,직거래,법인,법인,0,52.1,62000,0,1190.0,2025-09,
남부,성남시,상대원동,공장,일반공업,집합,,소형(~500평),0,중개거래,개인,법인,0,24.6,22800,0,926.1,2026-05,
남부,성남시,상대원동,공장,일반공업,집합,,소형(~500평),0,중개거래,개인,법인,0,6.4,5500,0,853.6,2025-09,
남부,성남시,상대원동,공장,일반공업,집합,,소형(~500평),0,중개거래,법인,개인,0,47.5,29400,0,619.5,2025-09,
남부,성남시,상대원동,공장,일반공업,집합,2006,소형(~500평),0,중개거래,개인,법인,0,28.7,22000,0,766.2,2025-10,
남부,성남시,상대원동,공장,일반공업,집합,2022,소형(~500평),0,중개거래,법인,법인,0,31.7,63000,0,1984.6,2025-10,
남부,성남시,상대원동,공장,일반공업,집합,2022,소형(~500평),0,중개거래,개인,법인,0,16.5,33000,0,1998.0,2026-01,
남부,성남시,상대원동,공장,일반공업,집합,2022,소형(~500평),0,중개거래,개인,법인,0,29.9,59000,0,1973.1,2026-01,
남부,성남시,상대원동,공장,일반공업,집합,2003,소형(~500평),0,중개거래,법인,법인,0,143.7,157500,0,1095.7,2025-10,
남부,성남시,상대원동,공장,일반공업,집합,2003,소형(~500평),0,중개거래,법인,법인,0,60.3,66000,0,1093.6,2025-10,
남부,성남시,상대원동,공장,일반공업,집합,2003,소형(~500평),0,중개거래,법인,법인,0,60.3,64500,0,1068.8,2025-10,
남부,성남시,상대원동,공장,일반공업,집합,2003,소형(~500평),0,직거래,개인,법인,0,54.0,41000,0,759.0,2025-10,
남부,성남시,상대원동,공장,일반공업,집합,1998,소형(~500평),0,중개거래,개인,법인,0,41.5,38500,0,926.6,2025-10,
남부,성남시,상대원동,공장,일반공업,집합,,소형(~500평),0,중개거래,개인,법인,0,37.1,30000,0,808.7,2026-04,
남부,성남시,상대원동,공장,일반공업,집합,2021,소형(~500평),0,중개거래,개인,개인,0,6.5,11000,0,1689.0,2025-10,
남부,성남시,상대원동,공장,일반공업,집합,2010,소형(~500평),0,중개거래,법인,법인,0,22.0,19800,0,901.7,2025-11,
남부,성남시,상대원동,공장,일반공업,집합,2003,소형(~500평),0,중개거래,법인,법인,0,60.3,67087,0,1111.7,2025-10,
남부,성남시,상대원동,공장,일반공업,집합,2019,소형(~500평),0,중개거래,법인,법인,0,66.0,135000,0,2045.8,2025-10,
남부,성남시,상대원동,공장,제2종일반주거,집합,,소형(~500평),0,중개거래,개인,개인,0,42.0,33000,0,786.2,2025-10,
남부,성남시,상대원동,공장,개발제한구역,집합,2006,소형(~500평),0,직거래,개인,법인,0,25.9,25400,0,982.1,2025-11,
남부,성남시,상대원동,공장,일반공업,집합,2010,소형(~500평),0,중개거래,개인,법인,0,24.6,22400,0,909.6,2025-11,
남부,성남시,상대원동,공장,일반공업,집합,2010,소형(~500평),0,중개거래,개인,법인,0,23.6,22100,0,936.6,2025-11,
남부,성남시,상대원동,공장,일반공업,집합,2019,소형(~500평),0,직거래,법인,법인,0,45.7,65900,0,1442.3,2025-11,
남부,성남시,상대원동,공장,일반공업,집합,2019,소형(~500평),0,직거래,법인,법인,0,58.8,82800,0,1408.0,2025-11,
남부,성남시,상대원동,공장,일반공업,집합,2002,소형(~500평),0,중개거래,개인,개인,0,39.5,36800,0,932.6,2025-11,
남부,성남시,상대원동,공장,일반공업,집합,2019,소형(~500평),0,중개거래,법인,법인,0,26.1,45540,0,1742.4,2025-11,
남부,성남시,상대원동,공장,일반공업,집합,2019,소형(~500평),0,중개거래,법인,법인,0,30.9,53820,0,1742.2,2025-11,
남부,성남시,상대원동,공장,일반공업,집합,2019,소형(~500평),0,중개거래,법인,법인,0,29.2,50940,0,1743.2,2025-11,
남부,성남시,상대원동,공장,일반공업,집합,2010,소형(~500평),0,중개거래,법인,법인,0,35.5,30000,0,846.2,2025-11,
남부,성남시,상대원동,공장,일반공업,집합,2019,소형(~500평),0,중개거래,개인,법인,0,26.9,46800,0,1742.2,2025-11,
남부,성남시,상대원동,공장,일반공업,집합,2019,소형(~500평),0,중개거래,개인,법인,0,25.5,44390,0,1742.0,2025-11,
남부,성남시,상대원동,공장,일반공업,집합,2019,소형(~500평),0,중개거래,개인,법인,0,25.9,45160,0,1742.4,2025-11,
남부,성남시,상대원동,공장,일반공업,집합,2019,소형(~500평),0,중개거래,개인,법인,0,19.1,33350,0,1742.2,2025-11,
남부,성남시,상대원동,공장,일반공업,집합,2010,소형(~500평),0,직거래,법인,개인,0,183.1,130000,0,710.1,2025-11,
남부,성남시,상대원동,공장,일반공업,집합,2003,소형(~500평),0,직거래,개인,개인,0,28.7,25682,0,894.4,2025-11,
남부,성남시,상대원동,공장,일반공업,집합,2003,소형(~500평),0,직거래,개인,개인,0,27.2,24318,0,894.4,2025-11,
남부,성남시,상대원동,공장,일반공업,집합,2001,소형(~500평),0,중개거래,개인,개인,0,47.5,35000,0,737.5,2025-11,
남부,성남시,상대원동,공장,제2종일반주거,집합,,소형(~500평),0,중개거래,개인,법인,0,31.8,31928,0,1002.7,2025-11,
남부,성남시,상대원동,공장,제2종일반주거,집합,,소형(~500평),0,중개거래,개인,법인,0,63.9,64072,0,1002.7,2025-11,
남부,성남시,상대원동,공장,일반공업,집합,2019,소형(~500평),0,직거래,개인,법인,0,32.5,39000,0,1201.2,2025-12,
남부,성남시,상대원동,공장,일반공업,집합,2019,소형(~500평),0,중개거래,개인,법인,0,21.3,28000,0,1313.5,2025-11,
남부,성남시,상대원동,공장,일반공업,집합,2003,소형(~500평),0,중개거래,법인,법인,0,91.7,94000,0,1024.6,2025-11,
남부,성남시,상대원동,공장,일반공업,집합,2008,소형(~500평),0,직거래,법인,법인,0,11.8,12500,0,1056.0,2025-11,
남부,성남시,상대원동,공장,일반공업,집합,1998,소형(~500평),0,중개거래,법인,법인,0,40.9,32600,0,797.5,2025-11,
남부,성남시,상대원동,공장,일반공업,집합,2019,소형(~500평),0,중개거래,법인,법인,0,27.9,40500,0,1453.2,2025-11,
남부,성남시,상대원동,공장,일반공업,집합,2008,소형(~500평),0,중개거래,개인,개인,0,13.3,14000,0,1056.2,2025-11,
남부,성남시,상대원동,공장,일반공업,집합,2010,소형(~500평),0,중개거래,개인,개인,0,27.0,25000,0,926.5,2025-11,
남부,성남시,상대원동,공장,일반공업,집합,2008,소형(~500평),0,중개거래,법인,법인,0,40.7,41600,0,1023.2,2025-12,
남부,성남시,상대원동,공장,일반공업,집합,2008,소형(~500평),0,중개거래,법인,법인,0,40.7,41800,0,1028.1,2025-12,
남부,성남시,상대원동,공장,일반공업,집합,2021,소형(~500평),0,중개거래,개인,개인,0,6.5,10900,0,1673.6,2025-12,
남부,성남시,상대원동,공장,일반공업,집합,1998,소형(~500평),0,중개거래,법인,법인,0,61.7,70000,0,1133.9,2025-12,
남부,성남시,상대원동,공장,일반공업,집합,2022,소형(~500평),0,중개거래,개인,법인,0,30.5,54347,0,1782.3,2025-12,
남부,성남시,상대원동,공장,일반공업,집합,2022,소형(~500평),0,중개거래,개인,법인,0,17.2,30653,0,1782.4,2025-12,
남부,성남시,상대원동,공장,일반공업,집합,2019,소형(~500평),0,직거래,법인,법인,0,30.1,36000,0,1194.5,2025-12,
남부,성남시,상대원동,공장,일반공업,일반,2019,중형(500~2천평),174.4,중개거래,법인,법인,1249.5,2178.8,3150000,2521.0,1445.8,2025-12,
남부,성남시,상대원동,공장,일반공업,집합,2019,소형(~500평),0,중개거래,개인,법인,0,24.9,43500,0,1749.0,2025-12,
남부,성남시,상대원동,공장,일반공업,집합,2003,소형(~500평),0,중개거래,개인,개인,0,49.6,39500,0,795.6,2025-12,
남부,성남시,상대원동,공장,일반공업,집합,2006,소형(~500평),0,직거래,개인,개인,0,22.9,12000,0,524.7,2025-12,
남부,성남시,상대원동,공장,일반공업,집합,2019,소형(~500평),0,중개거래,개인,법인,0,24.0,19465,0,812.5,2025-12,
남부,성남시,상대원동,공장,일반공업,집합,2019,소형(~500평),0,중개거래,개인,법인,0,11.4,18000,0,1580.9,2025-12,
남부,성남시,상대원동,공장,일반공업,집합,2010,소형(~500평),0,중개거래,개인,법인,0,38.7,32000,0,826.4,2025-12,
남부,성남시,상대원동,공장,일반공업,집합,2010,소형(~500평),0,중개거래,개인,개인,0,23.6,19500,0,826.4,2025-12,
남부,성남시,상대원동,공장,일반공업,집합,2019,소형(~500평),0,중개거래,법인,법인,0,6.9,15130,0,2190.8,2026-01,
남부,성남시,상대원동,공장,일반공업,집합,2019,소형(~500평),0,중개거래,법인,법인,0,21.3,26073,0,1223.1,2026-01,
남부,성남시,상대원동,공장,일반공업,집합,2019,소형(~500평),0,중개거래,법인,법인,0,26.7,32699,0,1223.1,2026-01,
남부,성남시,상대원동,공장,일반공업,집합,2019,소형(~500평),0,중개거래,법인,법인,0,37.5,45885,0,1223.1,2026-01,
남부,성남시,상대원동,공장,일반공업,집합,2019,소형(~500평),0,중개거래,법인,법인,0,30.1,36861,0,1223.1,2026-01,
남부,성남시,상대원동,공장,일반공업,집합,2019,소형(~500평),0,중개거래,법인,법인,0,35.7,43687,0,1223.1,2026-01,
남부,성남시,상대원동,공장,일반공업,집합,2019,소형(~500평),0,중개거래,법인,법인,0,24.6,30098,0,1223.1,2026-01,
남부,성남시,상대원동,공장,일반공업,집합,2019,소형(~500평),0,중개거래,법인,법인,0,19.6,24008,0,1223.1,2026-01,
남부,성남시,상대원동,공장,일반공업,집합,2019,소형(~500평),0,중개거래,법인,법인,0,24.6,30091,0,1223.1,2026-01,
남부,성남시,상대원동,공장,일반공업,집합,2019,소형(~500평),0,중개거래,법인,법인,0,27.5,33598,0,1223.1,2026-01,
남부,성남시,상대원동,공장,일반공업,집합,2002,소형(~500평),0,중개거래,개인,법인,0,54.9,45000,0,819.3,2026-01,
남부,성남시,상대원동,공장,일반공업,집합,2003,소형(~500평),0,중개거래,법인,법인,0,78.2,61000,0,780.5,2026-05,
남부,성남시,상대원동,공장,일반공업,집합,2019,소형(~500평),0,직거래,법인,법인,0,30.1,41400,0,1373.7,2026-01,
남부,성남시,상대원동,공장,일반공업,집합,2019,소형(~500평),0,직거래,법인,법인,0,35.7,49100,0,1374.6,2026-01,
남부,성남시,상대원동,공장,일반공업,집합,2019,소형(~500평),0,직거래,법인,법인,0,37.5,51600,0,1375.4,2026-01,
남부,성남시,상대원동,공장,일반공업,집합,2019,소형(~500평),0,직거래,법인,법인,0,27.5,37800,0,1376.0,2026-01,
남부,성남시,상대원동,공장,일반공업,집합,2019,소형(~500평),0,중개거래,개인,개인,0,7.5,12250,0,1629.6,2026-01,
남부,성남시,상대원동,공장,일반공업,집합,2022,소형(~500평),0,중개거래,법인,법인,0,39.0,63800,0,1635.3,2026-01,
남부,성남시,상대원동,공장,일반공업,집합,2019,소형(~500평),0,중개거래,법인,법인,0,41.4,76340,0,1842.7,2026-01,
남부,성남시,상대원동,공장,일반공업,집합,2004,소형(~500평),0,중개거래,법인,법인,0,35.5,34500,0,970.7,2026-01,
남부,성남시,상대원동,공장,일반공업,집합,2008,소형(~500평),0,중개거래,개인,법인,0,77.0,83000,0,1078.5,2026-01,
남부,성남시,상대원동,공장,일반공업,집합,2019,소형(~500평),0,중개거래,개인,법인,0,21.3,35000,0,1641.9,2026-01,
남부,성남시,상대원동,공장,일반공업,집합,2022,소형(~500평),0,직거래,법인,법인,0,31.1,49200,0,1580.6,2026-01,
남부,성남시,상대원동,공장,일반공업,집합,2022,소형(~500평),0,직거래,법인,법인,0,30.5,48200,0,1580.7,2026-01,
남부,성남시,상대원동,공장,일반공업,집합,,소형(~500평),0,중개거래,법인,법인,0,37.0,38000,0,1025.9,2026-06,
남부,성남시,상대원동,공장,일반공업,집합,2006,소형(~500평),0,중개거래,법인,법인,0,48.4,51000,0,1053.4,2026-01,
남부,성남시,상대원동,공장,일반공업,집합,2010,소형(~500평),0,중개거래,법인,개인,0,39.5,36000,0,910.5,2026-02,
남부,성남시,상대원동,공장,일반공업,집합,2006,소형(~500평),0,중개거래,개인,법인,0,45.7,38000,0,830.8,2026-02,
남부,성남시,상대원동,공장,일반공업,집합,2010,소형(~500평),0,중개거래,개인,개인,0,56.9,46500,0,817.7,2026-02,
남부,성남시,상대원동,공장,일반공업,집합,,소형(~500평),0,중개거래,개인,법인,0,13.4,16000,0,1191.3,2026-02,
남부,성남시,상대원동,공장,일반공업,집합,2006,소형(~500평),0,직거래,개인,법인,0,45.7,34500,0,754.3,2026-02,
남부,성남시,상대원동,공장,일반공업,집합,2006,소형(~500평),0,직거래,개인,법인,0,48.4,47000,0,970.8,2026-02,
남부,성남시,상대원동,공장,일반공업,집합,2003,소형(~500평),0,중개거래,법인,법인,0,90.8,100000,0,1101.9,2026-02,
남부,성남시,상대원동,공장,일반공업,집합,2010,소형(~500평),0,중개거래,개인,개인,0,27.0,28000,0,1037.7,2026-02,
남부,성남시,상대원동,공장,일반공업,집합,2010,소형(~500평),0,중개거래,개인,개인,0,27.8,28000,0,1006.3,2026-02,
남부,성남시,상대원동,공장,일반공업,집합,2008,소형(~500평),0,중개거래,법인,법인,0,38.0,19206,0,504.9,2026-02,
남부,성남시,상대원동,공장,일반공업,집합,2008,소형(~500평),0,중개거래,법인,법인,0,40.0,20195,0,504.8,2026-02,
남부,성남시,상대원동,공장,일반공업,집합,2008,소형(~500평),0,중개거래,법인,법인,0,40.9,20660,0,504.8,2026-02,
남부,성남시,상대원동,공장,일반공업,집합,2008,소형(~500평),0,중개거래,법인,법인,0,41.8,21127,0,504.9,2026-02,
남부,성남시,상대원동,공장,일반공업,집합,2008,소형(~500평),0,중개거래,법인,법인,0,41.2,20812,0,504.8,2026-02,
남부,성남시,상대원동,공장,일반공업,집합,2019,소형(~500평),0,중개거래,개인,법인,0,30.1,45000,0,1493.1,2026-02,
남부,성남시,상대원동,공장,일반공업,집합,2006,소형(~500평),0,중개거래,법인,법인,0,45.7,45000,0,983.9,2026-02,
남부,성남시,상대원동,공장,일반공업,집합,2019,소형(~500평),0,중개거래,개인,개인,0,7.6,12500,0,1642.4,2026-06,
남부,성남시,상대원동,공장,일반공업,집합,2010,소형(~500평),0,중개거래,법인,개인,0,24.8,24500,0,986.5,2026-02,
남부,성남시,상대원동,공장,일반공업,집합,2003,소형(~500평),0,중개거래,법인,법인,0,60.3,67910,0,1125.3,2026-02,
남부,성남시,상대원동,공장,일반공업,집합,2003,소형(~500평),0,중개거래,법인,법인,0,143.7,160140,0,1114.0,2026-02,
남부,성남시,상대원동,공장,일반공업,집합,2010,소형(~500평),0,중개거래,개인,법인,0,35.5,36800,0,1038.0,2026-03,
남부,성남시,상대원동,공장,일반공업,집합,2010,소형(~500평),0,중개거래,개인,법인,0,37.2,38500,0,1034.2,2026-03,
남부,성남시,상대원동,공장,일반공업,집합,2022,소형(~500평),0,중개거래,법인,개인,0,16.7,27000,0,1619.3,2026-03,
남부,성남시,상대원동,공장,일반공업,집합,2013,소형(~500평),0,중개거래,법인,법인,0,36.3,33360,0,919.0,2026-03,
남부,성남시,상대원동,공장,일반공업,집합,2019,소형(~500평),0,중개거래,법인,법인,0,9.4,22000,0,2346.8,2026-04,
남부,성남시,상대원동,공장,일반공업,집합,2003,소형(~500평),0,중개거래,법인,법인,0,78.4,89600,0,1142.7,2026-03,
남부,성남시,상대원동,공장,일반공업,집합,1998,소형(~500평),0,중개거래,법인,개인,0,32.9,24800,0,753.1,2026-03,
남부,성남시,상대원동,공장,일반공업,일반,1972,대형(2천평~),72.8,중개거래,법인,법인,2234.9,1626.9,3635000,1626.5,2234.3,2026-03,
남부,성남시,상대원동,공장,일반공업,집합,2019,소형(~500평),0,중개거래,법인,법인,0,38.9,48000,0,1234.7,2026-03,
남부,성남시,상대원동,공장,일반공업,집합,2021,소형(~500평),0,중개거래,개인,개인,0,6.5,10800,0,1658.3,2026-03,
남부,성남시,상대원동,공장,일반공업,집합,2019,소형(~500평),0,중개거래,개인,법인,0,30.1,42000,0,1393.6,2026-03,
남부,성남시,상대원동,공장,일반공업,집합,2002,소형(~500평),0,중개거래,개인,개인,0,47.6,34000,0,714.0,2026-03,
남부,성남시,상대원동,공장,일반공업,집합,2019,소형(~500평),0,중개거래,법인,법인,0,24.9,50000,0,2010.3,2026-03,
남부,성남시,상대원동,공장,일반공업,집합,2003,소형(~500평),0,중개거래,개인,법인,0,60.3,68000,0,1126.8,2026-03,
남부,성남시,상대원동,공장,일반공업,집합,2006,소형(~500평),0,직거래,법인,개인,0,93.0,101400,0,1090.8,2026-04,
남부,성남시,상대원동,공장,일반공업,집합,2006,소형(~500평),0,직거래,법인,개인,0,49.7,54300,0,1092.2,2026-04,
남부,성남시,상대원동,공장,일반공업,집합,,소형(~500평),0,중개거래,개인,개인,0,17.8,15000,0,845.0,2026-04,
남부,성남시,상대원동,공장,일반공업,집합,2022,소형(~500평),0,중개거래,법인,개인,0,27.9,43520,0,1561.6,2026-04,
남부,성남시,상대원동,공장,일반공업,집합,2022,소형(~500평),0,중개거래,법인,개인,0,25.2,38080,0,1512.1,2026-04,
남부,성남시,상대원동,공장,일반공업,집합,2022,소형(~500평),0,중개거래,법인,개인,0,34.9,54400,0,1557.4,2026-04,
남부,성남시,상대원동,공장,일반공업,집합,2022,소형(~500평),0,중개거래,법인,법인,0,27.9,43200,0,1550.1,2026-04,
남부,성남시,상대원동,공장,일반공업,집합,2022,소형(~500평),0,중개거래,법인,법인,0,25.2,37800,0,1501.0,2026-04,
남부,성남시,상대원동,공장,일반공업,집합,2022,소형(~500평),0,중개거래,법인,법인,0,34.9,54000,0,1546.0,2026-04,
남부,성남시,상대원동,공장,일반공업,집합,2006,소형(~500평),0,중개거래,법인,법인,0,54.1,49000,0,906.4,2026-04,
남부,성남시,상대원동,공장,일반공업,집합,2010,소형(~500평),0,중개거래,법인,법인,0,62.5,64560,0,1032.5,2026-04,
남부,성남시,상대원동,공장,일반공업,집합,2010,소형(~500평),0,중개거래,법인,법인,0,62.9,64963,0,1032.5,2026-04,
남부,성남시,상대원동,공장,일반공업,집합,2010,소형(~500평),0,중개거래,법인,법인,0,37.3,38478,0,1032.5,2026-04,
남부,성남시,상대원동,공장,일반공업,집합,2006,소형(~500평),0,중개거래,법인,법인,0,50.5,45000,0,891.0,2026-04,
남부,성남시,상대원동,공장,일반공업,집합,2010,소형(~500평),0,중개거래,개인,개인,0,24.6,20700,0,842.7,2026-04,
남부,성남시,상대원동,공장,일반공업,집합,2003,소형(~500평),0,중개거래,법인,법인,0,143.7,162000,0,1127.0,2026-04,
남부,성남시,상대원동,공장,일반공업,집합,2019,소형(~500평),0,중개거래,법인,법인,0,30.1,44870,0,1488.8,2026-04,
남부,성남시,상대원동,공장,일반공업,집합,2003,소형(~500평),0,중개거래,법인,법인,0,103.5,116000,0,1121.3,2026-04,
남부,성남시,상대원동,공장,일반공업,집합,2010,소형(~500평),0,중개거래,개인,법인,0,29.1,25500,0,876.4,2026-04,
남부,성남시,상대원동,공장,일반공업,집합,2002,소형(~500평),0,직거래,법인,개인,0,40.6,36000,0,887.0,2026-05,
남부,성남시,상대원동,공장,일반공업,집합,2010,소형(~500평),0,중개거래,개인,법인,0,30.8,25680,0,832.6,2026-04,
남부,성남시,상대원동,공장,일반공업,집합,2010,소형(~500평),0,중개거래,개인,법인,0,33.6,27820,0,827.0,2026-04,
남부,성남시,상대원동,공장,일반공업,집합,2008,소형(~500평),0,중개거래,개인,법인,0,42.5,34500,0,811.7,2026-04,
남부,성남시,상대원동,공장,일반공업,집합,2019,소형(~500평),0,직거래,개인,법인,0,26.7,50000,0,1872.1,2026-04,
남부,성남시,상대원동,공장,일반공업,집합,2019,소형(~500평),0,중개거래,개인,법인,0,37.5,56000,0,1492.7,2026-04,
남부,성남시,상대원동,공장,일반공업,집합,2019,소형(~500평),0,중개거래,법인,법인,0,6.9,15300,0,2215.4,2026-05,
남부,성남시,상대원동,공장,제2종일반주거,집합,,소형(~500평),0,중개거래,개인,법인,0,42.0,46200,0,1100.7,2026-04,
남부,성남시,상대원동,공장,제2종일반주거,집합,2004,소형(~500평),0,중개거래,법인,개인,0,31.0,30500,0,982.7,2026-04,
남부,성남시,상대원동,공장,일반공업,집합,2019,소형(~500평),0,중개거래,법인,법인,0,23.4,60000,0,2560.6,2026-04,
남부,성남시,상대원동,공장,일반공업,집합,2019,소형(~500평),0,중개거래,법인,법인,0,26.7,60000,0,2246.5,2026-04,
남부,성남시,상대원동,공장,제2종일반주거,집합,2004,소형(~500평),0,중개거래,개인,개인,0,39.3,30000,0,763.9,2026-05,
남부,성남시,상대원동,공장,제2종일반주거,집합,2004,소형(~500평),0,직거래,개인,개인,0,23.6,33000,0,1397.2,2026-05,
남부,성남시,상대원동,공장,일반공업,집합,2010,소형(~500평),0,중개거래,개인,개인,0,25.5,22000,0,862.2,2026-05,
남부,성남시,상대원동,공장,일반공업,집합,,소형(~500평),0,중개거래,개인,법인,0,37.0,31000,0,837.8,2026-05,
남부,성남시,상대원동,공장,일반공업,집합,2002,소형(~500평),0,직거래,개인,개인,0,39.5,33500,0,849.0,2026-05,
남부,성남시,상대원동,공장,일반공업,집합,2010,소형(~500평),0,중개거래,법인,법인,0,12.4,12700,0,1026.2,2026-05,
남부,성남시,상대원동,공장,일반공업,집합,2003,소형(~500평),0,중개거래,개인,법인,0,60.3,76500,0,1267.6,2026-05,
남부,성남시,상대원동,공장,일반공업,집합,2010,소형(~500평),0,중개거래,개인,개인,0,24.6,21000,0,854.9,2026-05,
남부,성남시,상대원동,공장,일반공업,집합,2010,소형(~500평),0,중개거래,법인,개인,0,17.4,14250,0,817.8,2026-05,
남부,성남시,상대원동,공장,일반공업,집합,2006,소형(~500평),0,중개거래,법인,법인,0,48.4,60000,0,1239.3,2026-05,
남부,성남시,상대원동,공장,일반공업,집합,2006,소형(~500평),0,중개거래,법인,법인,0,45.7,60000,0,1311.8,2026-05,
남부,성남시,상대원동,공장,일반공업,집합,2019,소형(~500평),0,중개거래,법인,법인,0,61.2,117000,0,1911.6,2026-05,
남부,성남시,상대원동,공장,일반공업,집합,2021,소형(~500평),0,중개거래,개인,개인,0,19.9,31000,0,1555.5,2026-06,
남부,성남시,상대원동,공장,일반공업,집합,,소형(~500평),0,중개거래,개인,개인,0,17.3,16300,0,941.4,2026-06,
남부,성남시,상대원동,공장,일반공업,집합,2010,소형(~500평),0,직거래,개인,법인,0,46.8,45500,0,971.3,2026-06,
남부,성남시,상대원동,공장,일반공업,집합,2022,소형(~500평),0,중개거래,법인,법인,0,31.1,56400,0,1811.9,2026-06,
남부,성남시,상대원동,공장,일반공업,집합,2022,소형(~500평),0,중개거래,법인,법인,0,25.7,46600,0,1811.3,2026-06,
남부,성남시,상대원동,공장,일반공업,집합,2022,소형(~500평),0,중개거래,법인,법인,0,37.9,70000,0,1844.7,2026-06,
남부,성남시,상대원동,공장,일반공업,집합,,소형(~500평),0,중개거래,개인,개인,0,38.9,45000,0,1157.5,2026-06,
남부,성남시,상대원동,공장,일반공업,집합,2022,소형(~500평),0,중개거래,법인,법인,0,48.4,88000,0,1818.2,2026-06,
남부,성남시,상대원동,공장,일반공업,집합,2008,소형(~500평),0,중개거래,개인,법인,0,40.7,34500,0,848.6,2026-06,
남부,성남시,상대원동,공장,일반공업,집합,2004,소형(~500평),0,중개거래,개인,법인,0,35.4,34200,0,965.8,2026-06,
남부,성남시,상대원동,공장,일반공업,집합,2010,소형(~500평),0,중개거래,법인,개인,0,10.0,11000,0,1094.6,2026-06,
남부,성남시,상대원동,공장,일반공업,집합,,소형(~500평),0,중개거래,법인,법인,0,34.9,56000,0,1603.2,2026-06,
남부,성남시,상대원동,공장,일반공업,집합,2005,소형(~500평),0,중개거래,개인,법인,0,40.5,39500,0,974.5,2026-06,
남부,성남시,상대원동,공장,일반공업,일반,1994,중형(500~2천평),207.2,직거래,법인,법인,812.0,1682.8,1370000,1687.1,814.1,2026-06,
남부,성남시,상대원동,공장,일반공업,집합,2010,소형(~500평),0,중개거래,법인,법인,0,10.8,11900,0,1103.8,2026-06,
남부,성남시,상대원동,공장,일반공업,집합,2019,소형(~500평),0,중개거래,법인,법인,0,21.9,37400,0,1710.3,2026-06,
남부,성남시,상대원동,공장,일반공업,집합,2019,소형(~500평),0,중개거래,법인,법인,0,24.9,42600,0,1712.8,2026-06,
남부,성남시,야탑동,창고시설,근린상업,집합,,소형(~500평),0,중개거래,개인,개인,0,16.6,12050,0,724.9,2025-07,
남부,성남시,야탑동,공장,근린상업,집합,1994,소형(~500평),0,중개거래,개인,개인,0,45.0,55000,0,1223.5,2025-08,
남부,성남시,야탑동,공장,근린상업,집합,1994,소형(~500평),0,중개거래,법인,법인,0,45.1,48000,0,1064.2,2025-09,
남부,성남시,야탑동,공장,근린상업,집합,1994,소형(~500평),0,중개거래,개인,법인,0,91.3,105000,0,1150.0,2025-08,
남부,성남시,야탑동,창고시설,근린상업,집합,1994,소형(~500평),0,중개거래,법인,개인,0,23.9,12365,0,517.4,2025-10,
남부,성남시,야탑동,창고시설,근린상업,집합,1994,소형(~500평),0,중개거래,개인,개인,0,23.9,14000,0,585.8,2026-01,
남부,성남시,야탑동,창고시설,근린상업,집합,,소형(~500평),0,중개거래,개인,개인,0,16.6,9500,0,571.5,2026-01,
남부,성남시,야탑동,창고시설,근린상업,집합,1994,소형(~500평),0,직거래,개인,개인,0,17.0,10400,0,612.6,2026-02,
남부,성남시,야탑동,공장,근린상업,집합,1994,소형(~500평),0,중개거래,개인,법인,0,44.8,53500,0,1194.1,2026-05,
남부,성남시,야탑동,창고시설,근린상업,집합,1994,소형(~500평),0,중개거래,개인,법인,0,96.1,70600,0,734.9,2026-06,
남부,성남시,야탑동,공장,근린상업,집합,1994,소형(~500평),0,중개거래,개인,개인,0,45.5,50000,0,1099.7,2026-06,
남부,성남시,야탑동,공장,근린상업,집합,1994,소형(~500평),0,중개거래,개인,개인,0,16.6,11000,0,661.8,2026-06,
북부,의정부시,용현동,창고시설,제1종일반주거,일반,2002,소형(~500평),38.0,중개거래,개인,개인,239.6,90.9,18000,75.1,197.9,2025-08,
북부,의정부시,장암동,공장,개발제한구역,일반,2008,중형(500~2천평),8.5,직거래,개인,법인,506.1,43.0,225650,445.9,5253.2,2025-09,
북부,의정부시,민락동,공장,준주거,집합,2022,소형(~500평),0,직거래,법인,법인,0,17.3,13467,0,777.4,2025-12,
북부,의정부시,금오동,창고시설,제2종일반주거,일반,2016,소형(~500평),41.1,중개거래,개인,개인,147.3,60.5,100000,678.8,1652.9,2025-10,
북부,의정부시,민락동,공장,준주거,집합,,소형(~500평),0,직거래,법인,개인,0,26.9,11000,0,409.3,2025-10,
북부,의정부시,민락동,공장,준주거,집합,,소형(~500평),0,직거래,법인,개인,0,15.2,6400,0,421.3,2025-10,
북부,의정부시,용현동,공장,준공업,일반,2003,소형(~500평),78.2,중개거래,개인,법인,482.3,376.9,385000,798.3,1021.4,2025-11,
북부,의정부시,민락동,공장,준주거,집합,2022,소형(~500평),0,직거래,법인,개인,0,17.7,13732,0,775.7,2025-11,
북부,의정부시,민락동,공장,준주거,집합,2022,소형(~500평),0,직거래,법인,개인,0,31.7,24147,0,761.7,2025-11,
북부,의정부시,민락동,공장,준주거,집합,,소형(~500평),0,중개거래,개인,개인,0,17.7,13500,0,762.6,2025-11,
북부,의정부시,용현동,공장,준공업,일반,2013,소형(~500평),247.3,중개거래,법인,법인,399.6,988.1,315000,788.3,318.8,2025-12,
북부,의정부시,고산동,공장,준주거,집합,2022,소형(~500평),0,직거래,개인,법인,0,40.7,52000,0,1278.1,2025-12,
북부,의정부시,민락동,공장,준주거,집합,2022,소형(~500평),0,중개거래,법인,법인,0,33.9,32300,0,952.9,2025-12,
북부,의정부시,고산동,공장,준주거,집합,2022,소형(~500평),0,중개거래,개인,법인,0,26.8,35000,0,1303.8,2026-01,
북부,의정부시,고산동,공장,준주거,집합,2022,소형(~500평),0,직거래,개인,법인,0,31.4,38000,0,1210.7,2026-01,
북부,의정부시,민락동,공장,준주거,집합,2022,소형(~500평),0,직거래,법인,법인,0,27.9,27000,0,966.6,2026-02,
북부,의정부시,고산동,공장,준주거,집합,2022,소형(~500평),0,중개거래,법인,법인,0,35.3,22000,0,622.4,2026-03,
북부,의정부시,민락동,공장,준주거,집합,2022,소형(~500평),0,직거래,개인,법인,0,34.6,37391,0,1080.6,2026-03,
북부,의정부시,용현동,공장,준공업,일반,2002,중형(500~2천평),143.5,중개거래,개인,법인,1003.6,1440.1,1645000,1639.1,1142.3,2026-04,
북부,의정부시,민락동,공장,준주거,집합,2022,소형(~500평),0,중개거래,개인,개인,0,17.7,11500,0,649.6,2026-04,
북부,의정부시,고산동,공장,준주거,집합,2022,소형(~500평),0,중개거래,개인,법인,0,25.2,31000,0,1228.9,2026-05,
남부,안양시,안양동,공장,일반공업,집합,2022,소형(~500평),0,중개거래,개인,개인,0,24.9,27700,0,1110.3,2025-07,
남부,안양시,안양동,공장,일반공업,집합,1992,소형(~500평),0,중개거래,개인,법인,0,49.9,32700,0,655.1,2025-07,
남부,안양시,안양동,공장,일반공업,집합,2021,소형(~500평),0,직거래,법인,개인,0,17.1,26000,0,1517.5,2025-08,
남부,안양시,안양동,공장,일반공업,집합,2022,소형(~500평),0,중개거래,개인,개인,0,6.9,13000,0,1878.3,2026-04,
남부,안양시,안양동,공장,일반공업,집합,2022,소형(~500평),0,중개거래,개인,개인,0,12.2,18250,0,1492.6,2025-08,
남부,안양시,안양동,공장,일반공업,집합,2022,소형(~500평),0,직거래,법인,법인,0,26.0,32446,0,1248.1,2025-09,
남부,안양시,안양동,공장,일반공업,집합,2022,소형(~500평),0,직거래,법인,법인,0,22.3,27859,0,1248.1,2025-09,
남부,안양시,안양동,공장,일반공업,집합,2022,소형(~500평),0,중개거래,법인,법인,0,24.5,41000,0,1676.6,2025-09,
남부,안양시,안양동,공장,일반공업,집합,2022,소형(~500평),0,중개거래,개인,법인,0,16.4,22000,0,1342.3,2025-09,
남부,안양시,안양동,공장,일반공업,집합,,소형(~500평),0,중개거래,개인,개인,0,6.9,12500,0,1806.0,2025-09,
남부,안양시,안양동,공장,일반공업,집합,2022,소형(~500평),0,중개거래,개인,개인,0,24.5,39500,0,1615.3,2025-09,
남부,안양시,안양동,공장,일반공업,집합,2022,소형(~500평),0,중개거래,법인,개인,0,6.9,12700,0,1834.9,2026-02,
남부,안양시,안양동,공장,일반공업,집합,1992,소형(~500평),0,중개거래,개인,개인,0,41.3,20300,0,491.6,2025-10,
남부,안양시,안양동,공장,일반공업,집합,2022,소형(~500평),0,중개거래,개인,법인,0,26.3,41500,0,1579.6,2025-10,
남부,안양시,안양동,공장,일반공업,집합,2022,소형(~500평),0,중개거래,법인,법인,0,21.9,35000,0,1597.0,2025-10,
남부,안양시,안양동,공장,일반공업,집합,2022,소형(~500평),0,중개거래,법인,법인,0,16.4,26000,0,1586.4,2025-10,
남부,안양시,안양동,공장,일반공업,집합,2022,소형(~500평),0,중개거래,법인,법인,0,35.7,58000,0,1622.5,2025-10,
남부,안양시,안양동,공장,일반공업,집합,2022,소형(~500평),0,직거래,개인,법인,0,26.3,40000,0,1522.5,2025-11,
남부,안양시,안양동,공장,일반공업,집합,2003,소형(~500평),0,중개거래,법인,개인,0,59.7,42500,0,711.9,2025-11,
남부,안양시,안양동,공장,일반공업,집합,2022,소형(~500평),0,중개거래,개인,개인,0,16.4,22500,0,1372.8,2025-11,
남부,안양시,안양동,공장,일반공업,집합,2022,소형(~500평),0,중개거래,개인,개인,0,7.6,16000,0,2104.8,2025-11,
남부,안양시,안양동,공장,일반공업,집합,2022,소형(~500평),0,중개거래,법인,법인,0,22.8,24950,0,1095.6,2025-12,
남부,안양시,안양동,공장,일반공업,집합,2021,소형(~500평),0,직거래,개인,개인,0,17.1,27000,0,1575.9,2025-12,
남부,안양시,안양동,공장,일반공업,집합,2022,소형(~500평),0,중개거래,개인,개인,0,6.9,12900,0,1863.8,2026-06,
남부,안양시,안양동,공장,일반공업,집합,2021,소형(~500평),0,중개거래,개인,개인,0,14.6,24700,0,1694.0,2026-01,
남부,안양시,안양동,공장,일반공업,집합,2022,소형(~500평),0,중개거래,개인,법인,0,22.4,16500,0,737.8,2026-01,
남부,안양시,안양동,공장,일반공업,집합,1992,소형(~500평),0,중개거래,개인,개인,0,49.9,30000,0,601.1,2026-01,
남부,안양시,안양동,공장,일반공업,집합,2022,소형(~500평),0,중개거래,개인,개인,0,14.0,20000,0,1433.2,2026-02,
남부,안양시,안양동,공장,일반공업,집합,2022,소형(~500평),0,중개거래,개인,개인,0,6.9,12600,0,1820.5,2026-02,
남부,안양시,안양동,공장,일반공업,집합,,소형(~500평),0,중개거래,개인,법인,0,25.6,40000,0,1562.1,2026-02,
남부,안양시,안양동,공장,일반공업,집합,2022,소형(~500평),0,중개거래,개인,법인,0,24.9,38800,0,1556.8,2026-02,
남부,안양시,안양동,공장,일반공업,집합,2022,소형(~500평),0,중개거래,개인,법인,0,20.6,30000,0,1457.6,2026-02,
남부,안양시,안양동,공장,일반공업,집합,2022,소형(~500평),0,중개거래,개인,법인,0,6.9,12800,0,1868.2,2026-06,
남부,안양시,안양동,공장,일반공업,집합,2022,소형(~500평),0,중개거래,개인,법인,0,19.9,24500,0,1230.9,2026-03,
남부,안양시,안양동,공장,일반공업,집합,,소형(~500평),0,중개거래,법인,개인,0,14.3,20000,0,1401.9,2026-03,
남부,안양시,안양동,공장,일반공업,집합,2022,소형(~500평),0,중개거래,개인,법인,0,26.8,37000,0,1378.5,2026-03,
남부,안양시,안양동,공장,일반공업,집합,2022,소형(~500평),0,중개거래,개인,법인,0,29.2,36500,0,1249.3,2026-03,
남부,안양시,안양동,공장,일반공업,집합,2021,소형(~500평),0,중개거래,개인,개인,0,15.9,28570,0,1794.2,2026-03,
남부,안양시,안양동,공장,일반공업,집합,2022,소형(~500평),0,중개거래,개인,개인,0,7.6,14800,0,1946.9,2026-03,
남부,안양시,안양동,공장,일반공업,집합,2022,소형(~500평),0,중개거래,개인,개인,0,24.5,36000,0,1472.1,2026-03,
남부,안양시,안양동,공장,일반공업,집합,2022,소형(~500평),0,중개거래,개인,법인,0,7.9,15000,0,1903.5,2026-05,
남부,안양시,안양동,공장,일반공업,집합,,소형(~500평),0,중개거래,개인,법인,0,26.8,45000,0,1676.6,2026-03,
남부,안양시,안양동,공장,일반공업,집합,1992,소형(~500평),0,중개거래,개인,개인,0,27.1,10500,0,387.1,2026-03,
남부,안양시,안양동,공장,일반공업,집합,2022,소형(~500평),0,중개거래,법인,법인,0,12.2,18200,0,1488.5,2026-04,
남부,안양시,안양동,공장,일반공업,집합,2022,소형(~500평),0,중개거래,법인,개인,0,12.2,19000,0,1553.9,2026-04,
남부,안양시,안양동,공장,일반공업,집합,2022,소형(~500평),0,중개거래,개인,개인,0,26.8,42200,0,1572.2,2026-04,
남부,안양시,안양동,공장,일반공업,집합,2003,소형(~500평),0,중개거래,법인,법인,0,44.9,33000,0,734.6,2026-05,
남부,안양시,안양동,공장,일반공업,집합,,소형(~500평),0,중개거래,개인,법인,0,24.5,42000,0,1717.5,2026-05,
남부,안양시,안양동,공장,일반공업,집합,2022,소형(~500평),0,중개거래,개인,법인,0,7.9,14500,0,1840.1,2026-05,
남부,안양시,안양동,공장,일반공업,집합,2021,소형(~500평),0,직거래,기타,개인,0,6.9,10005,0,1459.6,2026-06,
남부,안양시,안양동,공장,일반공업,집합,2021,소형(~500평),0,직거래,기타,개인,0,8.2,11674,0,1426.2,2026-06,
남부,안양시,안양동,공장,일반공업,집합,2021,소형(~500평),0,직거래,기타,개인,0,6.9,9855,0,1437.7,2026-06,
남부,안양시,안양동,공장,일반공업,집합,2021,소형(~500평),0,직거래,기타,개인,0,6.9,9962,0,1453.3,2026-06,
남부,안양시,안양동,공장,일반공업,집합,2022,소형(~500평),0,중개거래,개인,개인,0,23.7,25500,0,1074.4,2026-06,
남부,안양시,호계동,공장,준공업,집합,2020,소형(~500평),0,중개거래,개인,법인,0,17.6,29500,0,1677.6,2025-07,
남부,안양시,관양동,공장,일반공업,집합,2003,소형(~500평),0,직거래,법인,법인,0,68.2,88200,0,1292.4,2025-07,
남부,안양시,평촌동,공장,일반공업,집합,2018,소형(~500평),0,중개거래,개인,개인,0,7.3,12500,0,1704.0,2025-07,
남부,안양시,호계동,공장,준공업,집합,2018,소형(~500평),0,중개거래,개인,법인,0,25.3,38000,0,1503.9,2025-07,
남부,안양시,호계동,공장,준공업,집합,2018,소형(~500평),0,중개거래,개인,법인,0,25.3,37500,0,1484.1,2025-07,
남부,안양시,호계동,공장,일반공업,집합,2007,소형(~500평),0,직거래,개인,법인,0,35.8,31000,0,865.2,2025-07,
남부,안양시,호계동,창고시설,준공업,집합,2003,소형(~500평),0,중개거래,개인,개인,0,8.0,9800,0,1222.1,2025-07,
남부,안양시,관양동,공장,일반공업,집합,2018,소형(~500평),0,중개거래,법인,법인,0,13.4,23600,0,1767.1,2025-08,
남부,안양시,관양동,공장,일반공업,집합,2011,소형(~500평),0,중개거래,개인,법인,0,31.0,62000,0,1999.6,2025-08,
남부,안양시,관양동,공장,일반공업,집합,2021,소형(~500평),0,중개거래,법인,법인,0,10.3,20000,0,1948.6,2025-08,
남부,안양시,호계동,공장,준공업,집합,2020,소형(~500평),0,중개거래,개인,법인,0,20.9,37000,0,1771.1,2025-08,
남부,안양시,호계동,공장,준공업,집합,2020,소형(~500평),0,중개거래,개인,법인,0,30.8,55000,0,1786.6,2025-08,
남부,안양시,호계동,공장,준공업,집합,2022,소형(~500평),0,직거래,개인,법인,0,16.7,32000,0,1913.6,2025-08,
남부,안양시,호계동,창고시설,준공업,집합,,소형(~500평),0,중개거래,개인,개인,0,8.0,10000,0,1247.0,2026-01,
남부,안양시,관양동,공장,일반공업,집합,2018,소형(~500평),0,직거래,법인,개인,0,28.1,52900,0,1884.0,2025-08,
남부,안양시,호계동,공장,일반공업,일반,2001,소형(~500평),232.9,직거래,법인,법인,349.5,814.1,337524,965.8,414.6,2025-08,
남부,안양시,호계동,공장,준공업,집합,2024,소형(~500평),0,직거래,개인,법인,0,35.6,90000,0,2529.9,2025-08,
남부,안양시,호계동,공장,일반공업,집합,2021,소형(~500평),0,중개거래,개인,개인,0,11.7,19000,0,1617.6,2025-08,
남부,안양시,호계동,공장,준공업,집합,2018,소형(~500평),0,중개거래,개인,법인,0,23.8,17500,0,734.6,2025-08,
남부,안양시,호계동,공장,준공업,집합,2018,소형(~500평),0,중개거래,개인,법인,0,24.7,18000,0,729.6,2025-08,
남부,안양시,관양동,공장,일반공업,집합,,소형(~500평),0,중개거래,개인,법인,0,38.8,90000,0,2317.0,2025-08,
남부,안양시,관양동,공장,일반공업,집합,2018,소형(~500평),0,중개거래,개인,법인,0,6.9,13000,0,1870.9,2025-08,
남부,안양시,평촌동,공장,일반공업,집합,2018,소형(~500평),0,중개거래,개인,법인,0,21.9,30000,0,1366.8,2025-09,
남부,안양시,관양동,공장,일반공업,집합,2018,소형(~500평),0,직거래,개인,법인,0,23.1,50000,0,2162.3,2025-09,
남부,안양시,관양동,공장,일반공업,집합,2014,소형(~500평),0,중개거래,개인,개인,0,7.5,12000,0,1603.5,2025-10,
남부,안양시,호계동,공장,일반공업,집합,2021,소형(~500평),0,중개거래,개인,개인,0,6.5,10000,0,1547.7,2026-06,
남부,안양시,호계동,창고시설,준공업,집합,2003,소형(~500평),0,직거래,개인,개인,0,8.0,9500,0,1184.6,2026-03,
남부,안양시,호계동,창고시설,준공업,집합,2003,소형(~500평),0,중개거래,개인,개인,0,8.0,9600,0,1197.1,2025-09,
남부,안양시,호계동,공장,준공업,집합,,소형(~500평),0,중개거래,법인,개인,0,23.5,29800,0,1267.7,2025-09,
남부,안양시,호계동,공장,준공업,집합,2005,소형(~500평),0,중개거래,개인,개인,0,46.1,54500,0,1182.5,2025-09,
남부,안양시,호계동,공장,일반공업,일반,2003,소형(~500평),234.2,중개거래,법인,법인,221.0,517.7,527295,2385.9,1018.5,2025-10,
남부,안양시,호계동,창고시설,준공업,집합,,소형(~500평),0,중개거래,개인,개인,0,6.4,8000,0,1243.4,2025-10,
남부,안양시,호계동,공장,준공업,집합,2018,소형(~500평),0,직거래,개인,법인,0,13.0,11000,0,844.1,2025-10,
남부,안양시,관양동,공장,일반공업,집합,2014,소형(~500평),0,중개거래,개인,법인,0,33.2,53000,0,1596.4,2025-10,
남부,안양시,관양동,공장,일반공업,집합,,소형(~500평),0,중개거래,법인,법인,0,38.0,61000,0,1607.3,2025-10,
남부,안양시,평촌동,공장,일반공업,집합,2006,소형(~500평),0,중개거래,개인,개인,0,6.0,3400,0,567.7,2025-10,
남부,안양시,관양동,공장,일반공업,집합,,소형(~500평),0,중개거래,개인,개인,0,20.8,25500,0,1227.0,2025-11,
남부,안양시,호계동,공장,준공업,집합,2020,소형(~500평),0,직거래,법인,법인,0,31.5,52973,0,1679.5,2025-11,
남부,안양시,호계동,공장,준공업,집합,2020,소형(~500평),0,직거래,법인,법인,0,39.9,67056,0,1679.5,2025-11,
남부,안양시,호계동,공장,준공업,집합,2020,소형(~500평),0,직거래,법인,법인,0,30.0,50451,0,1679.6,2025-11,
남부,안양시,호계동,공장,준공업,집합,2020,소형(~500평),0,직거래,법인,법인,0,42.1,70632,0,1679.6,2025-11,
남부,안양시,호계동,공장,준공업,집합,2020,소형(~500평),0,직거래,법인,법인,0,28.5,47925,0,1679.5,2025-11,
남부,안양시,관양동,공장,일반공업,집합,2011,소형(~500평),0,중개거래,개인,개인,0,10.0,7300,0,733.1,2025-11,
남부,안양시,관양동,공장,일반공업,집합,,소형(~500평),0,중개거래,개인,개인,0,34.0,60500,0,1778.7,2025-11,
남부,안양시,관양동,공장,일반공업,집합,,소형(~500평),0,중개거래,개인,법인,0,47.4,85000,0,1793.0,2025-11,
남부,안양시,호계동,공장,준공업,집합,2020,소형(~500평),0,중개거래,개인,법인,0,22.7,38700,0,1704.9,2025-11,
남부,안양시,호계동,공장,준공업,집합,2020,소형(~500평),0,중개거래,개인,법인,0,21.8,37100,0,1705.5,2025-11,
남부,안양시,호계동,공장,준공업,집합,2020,소형(~500평),0,중개거래,개인,법인,0,22.7,38800,0,1705.9,2025-11,
남부,안양시,호계동,공장,준공업,집합,2020,소형(~500평),0,중개거래,개인,법인,0,59.1,101000,0,1708.6,2025-11,
남부,안양시,호계동,공장,준공업,집합,2020,소형(~500평),0,중개거래,개인,법인,0,29.7,50700,0,1704.5,2025-11,
남부,안양시,관양동,공장,일반공업,집합,2018,소형(~500평),0,중개거래,법인,개인,0,28.3,48000,0,1695.5,2025-11,
남부,안양시,평촌동,공장,일반공업,집합,2018,소형(~500평),0,중개거래,법인,법인,0,18.4,23400,0,1270.2,2025-11,
남부,안양시,호계동,공장,준공업,집합,2022,소형(~500평),0,중개거래,개인,법인,0,37.7,78000,0,2067.4,2025-11,
남부,안양시,호계동,공장,일반공업,집합,2009,소형(~500평),0,중개거래,개인,법인,0,32.1,41000,0,1277.3,2025-11,
남부,안양시,호계동,공장,일반공업,집합,2021,소형(~500평),0,중개거래,개인,법인,0,6.5,10500,0,1625.0,2026-03,
남부,안양시,관양동,공장,일반공업,집합,2003,소형(~500평),0,중개거래,법인,개인,0,59.9,41000,0,684.5,2025-12,
남부,안양시,관양동,공장,일반공업,집합,2014,소형(~500평),0,중개거래,개인,법인,0,33.2,60000,0,1807.3,2026-06,
남부,안양시,관양동,공장,일반공업,집합,2014,소형(~500평),0,중개거래,개인,법인,0,19.6,22000,0,1122.3,2025-12,
남부,안양시,관양동,공장,일반공업,집합,2011,소형(~500평),0,중개거래,법인,법인,0,33.2,64000,0,1930.4,2025-12,
남부,안양시,호계동,공장,일반공업,집합,2021,소형(~500평),0,중개거래,개인,개인,0,6.5,12000,0,1857.2,2025-12,
남부,안양시,호계동,공장,준공업,집합,,소형(~500평),0,중개거래,법인,법인,0,45.1,53000,0,1174.1,2025-12,
남부,안양시,호계동,공장,일반공업,집합,2007,소형(~500평),0,중개거래,법인,법인,0,33.8,27685,0,818.8,2025-12,
남부,안양시,호계동,공장,준공업,집합,2020,소형(~500평),0,직거래,법인,법인,0,27.3,49176,0,1799.9,2025-12,
남부,안양시,호계동,공장,준공업,집합,2020,소형(~500평),0,중개거래,개인,법인,0,16.9,27000,0,1595.9,2026-04,
남부,안양시,호계동,공장,일반공업,집합,2009,소형(~500평),0,직거래,법인,법인,0,25.7,40000,0,1555.7,2025-12,
남부,안양시,호계동,공장,준공업,집합,2018,소형(~500평),0,중개거래,개인,개인,0,10.9,15200,0,1391.1,2025-12,
남부,안양시,호계동,창고시설,준공업,집합,,소형(~500평),0,중개거래,개인,개인,0,7.6,9400,0,1234.1,2025-12,
남부,안양시,평촌동,공장,일반공업,집합,2006,소형(~500평),0,직거래,개인,법인,0,81.7,104000,0,1273.6,2025-12,
남부,안양시,호계동,공장,일반공업,집합,2021,소형(~500평),0,중개거래,개인,개인,0,6.5,11000,0,1700.8,2025-12,
남부,안양시,관양동,공장,일반공업,집합,2018,소형(~500평),0,중개거래,개인,개인,0,32.1,29000,0,903.3,2025-12,
남부,안양시,호계동,창고시설,준공업,집합,2003,소형(~500평),0,중개거래,법인,개인,0,8.0,10500,0,1309.3,2026-06,
남부,안양시,관양동,공장,일반공업,집합,2011,소형(~500평),0,중개거래,개인,법인,0,22.6,35000,0,1549.9,2025-12,
남부,안양시,관양동,공장,일반공업,집합,2012,소형(~500평),0,직거래,개인,법인,0,35.8,61500,0,1715.8,2026-01,
남부,안양시,관양동,공장,일반공업,집합,,소형(~500평),0,중개거래,법인,법인,0,33.2,55000,0,1658.9,2026-01,
남부,안양시,관양동,공장,일반공업,집합,,소형(~500평),0,중개거래,법인,법인,0,31.5,56090,0,1780.8,2026-01,
남부,안양시,호계동,공장,준공업,집합,2020,소형(~500평),0,중개거래,개인,법인,0,16.9,28000,0,1660.0,2026-01,
남부,안양시,관양동,공장,일반공업,집합,2018,소형(~500평),0,중개거래,법인,법인,0,19.5,18000,0,921.1,2026-01,
남부,안양시,호계동,공장,일반공업,집합,2021,소형(~500평),0,중개거래,개인,법인,0,26.7,44000,0,1646.5,2026-01,
남부,안양시,호계동,공장,준공업,집합,2019,소형(~500평),0,중개거래,법인,법인,0,13.4,7700,0,575.8,2026-01,
남부,안양시,관양동,공장,일반공업,집합,2010,소형(~500평),0,직거래,법인,개인,0,19.4,30000,0,1545.5,2026-01,
남부,안양시,관양동,공장,일반공업,집합,2011,소형(~500평),0,직거래,개인,개인,0,26.0,32780,0,1258.6,2026-01,
남부,안양시,호계동,창고시설,준공업,집합,2003,소형(~500평),0,중개거래,개인,개인,0,6.4,6600,0,1025.8,2026-01,
남부,안양시,호계동,공장,일반공업,집합,2007,소형(~500평),0,직거래,개인,법인,0,120.4,115000,0,954.8,2026-02,
남부,안양시,호계동,공장,일반공업,집합,,소형(~500평),0,직거래,개인,법인,0,19.1,25000,0,1308.1,2026-02,
남부,안양시,평촌동,공장,일반공업,집합,2006,소형(~500평),0,중개거래,개인,법인,0,40.2,61000,0,1518.5,2026-02,
남부,안양시,평촌동,공장,일반공업,집합,2006,소형(~500평),0,중개거래,개인,법인,0,41.6,40000,0,962.4,2026-02,
남부,안양시,호계동,공장,준공업,집합,2022,소형(~500평),0,중개거래,개인,법인,0,32.3,65500,0,2028.4,2026-02,
남부,안양시,관양동,공장,일반공업,집합,1996,소형(~500평),0,직거래,개인,개인,0,56.0,47000,0,838.7,2026-02,
남부,안양시,호계동,창고시설,준공업,집합,2003,소형(~500평),0,중개거래,개인,개인,0,8.0,9850,0,1228.3,2026-03,
남부,안양시,평촌동,공장,일반공업,집합,2018,소형(~500평),0,중개거래,법인,개인,0,7.3,12900,0,1758.5,2026-03,
남부,안양시,호계동,공장,준공업,집합,2020,소형(~500평),0,중개거래,개인,법인,0,20.2,33700,0,1665.0,2026-03,
남부,안양시,관양동,공장,일반공업,집합,2021,소형(~500평),0,중개거래,개인,개인,0,24.4,27900,0,1142.2,2026-03,
남부,안양시,관양동,공장,일반공업,집합,2014,소형(~500평),0,중개거래,개인,법인,0,31.1,46000,0,1479.2,2026-03,
남부,안양시,관양동,공장,일반공업,집합,2018,소형(~500평),0,중개거래,개인,법인,0,13.4,26700,0,1999.6,2026-03,
남부,안양시,관양동,공장,일반공업,집합,2021,소형(~500평),0,중개거래,개인,법인,0,30.0,52000,0,1735.1,2026-03,
남부,안양시,호계동,공장,준공업,집합,2020,소형(~500평),0,중개거래,개인,법인,0,28.5,24200,0,848.1,2026-03,
남부,안양시,호계동,공장,준공업,집합,2020,소형(~500평),0,중개거래,개인,개인,0,14.5,23300,0,1603.0,2026-03,
남부,안양시,호계동,공장,준공업,집합,2022,소형(~500평),0,직거래,개인,개인,0,9.5,6000,0,631.3,2026-03,
남부,안양시,호계동,창고시설,준공업,집합,2003,소형(~500평),0,중개거래,개인,개인,0,9.8,10200,0,1037.8,2026-03,
남부,안양시,관양동,공장,일반공업,일반,2015,중형(500~2천평),374.3,직거래,법인,법인,599.4,2243.6,2300000,3837.0,1025.1,2026-04,
남부,안양시,관양동,공장,일반공업,집합,2010,소형(~500평),0,중개거래,개인,법인,0,41.7,75000,0,1800.5,2026-04,
남부,안양시,호계동,공장,준공업,집합,2020,소형(~500평),0,중개거래,개인,법인,0,59.1,97000,0,1641.0,2026-04,
남부,안양시,관양동,공장,일반공업,집합,2011,소형(~500평),0,중개거래,개인,개인,0,7.6,2000,0,264.1,2026-04,
남부,안양시,호계동,공장,준공업,집합,2020,소형(~500평),0,중개거래,개인,법인,0,30.8,49000,0,1591.7,2026-04,
남부,안양시,관양동,공장,일반공업,집합,2011,소형(~500평),0,중개거래,개인,개인,0,7.1,1750,0,247.2,2026-04,
남부,안양시,관양동,공장,일반공업,집합,2018,소형(~500평),0,중개거래,법인,법인,0,28.3,49000,0,1730.8,2026-04,
남부,안양시,관양동,공장,일반공업,집합,2023,소형(~500평),0,직거래,법인,법인,0,19.8,32330,0,1632.2,2026-04,
남부,안양시,호계동,공장,준공업,집합,,소형(~500평),0,중개거래,개인,법인,0,16.7,33500,0,2003.3,2026-04,
남부,안양시,관양동,공장,일반공업,집합,2014,소형(~500평),0,중개거래,법인,법인,0,29.9,40000,0,1339.3,2026-04,
남부,안양시,호계동,공장,준공업,집합,,소형(~500평),0,중개거래,개인,법인,0,25.5,47000,0,1840.9,2026-04,
남부,안양시,관양동,공장,일반공업,집합,2018,소형(~500평),0,중개거래,개인,법인,0,23.1,42500,0,1838.0,2026-04,
남부,안양시,평촌동,공장,일반공업,집합,2018,소형(~500평),0,중개거래,개인,개인,0,12.9,16400,0,1273.5,2026-05,
남부,안양시,호계동,공장,준공업,집합,2020,소형(~500평),0,중개거래,개인,개인,0,28.8,46000,0,1594.5,2026-05,
남부,안양시,호계동,공장,준공업,집합,2022,소형(~500평),0,중개거래,개인,법인,0,24.9,49000,0,1964.4,2026-05,
남부,안양시,평촌동,공장,일반공업,집합,2018,소형(~500평),0,중개거래,개인,개인,0,7.3,12200,0,1663.1,2026-05,
남부,안양시,관양동,공장,일반공업,집합,2018,소형(~500평),0,중개거래,개인,법인,0,36.1,57600,0,1597.6,2026-05,
남부,안양시,평촌동,공장,일반공업,집합,2018,소형(~500평),0,중개거래,개인,개인,0,26.0,38500,0,1480.4,2026-05,
남부,안양시,관양동,공장,일반공업,집합,,소형(~500평),0,중개거래,개인,법인,0,30.9,70000,0,2265.8,2026-05,
남부,안양시,호계동,공장,준공업,집합,2018,소형(~500평),0,중개거래,개인,개인,0,34.3,27000,0,786.1,2026-05,
남부,안양시,호계동,공장,준공업,집합,2020,소형(~500평),0,중개거래,개인,법인,0,16.9,25000,0,1477.6,2026-05,
남부,안양시,관양동,공장,일반공업,집합,2010,소형(~500평),0,중개거래,개인,법인,0,38.7,54000,0,1395.9,2026-05,
남부,안양시,관양동,공장,일반공업,집합,2003,소형(~500평),0,직거래,법인,개인,0,59.7,64000,0,1071.3,2026-06,
남부,안양시,호계동,창고시설,준공업,집합,,소형(~500평),0,중개거래,개인,법인,0,8.0,10300,0,1284.4,2026-06,
남부,안양시,관양동,공장,일반공업,집합,2018,소형(~500평),0,직거래,개인,법인,0,23.1,51500,0,2227.2,2026-06,
남부,안양시,호계동,공장,준공업,집합,,소형(~500평),0,중개거래,개인,개인,0,11.0,17000,0,1542.6,2026-06,
남부,안양시,평촌동,공장,일반공업,집합,2025,소형(~500평),0,직거래,법인,개인,0,16.6,66570,0,3999.7,2026-06,
남부,안양시,호계동,공장,일반공업,집합,2021,소형(~500평),0,중개거래,법인,개인,0,22.7,18300,0,805.8,2026-06,
남부,안양시,호계동,공장,일반공업,일반,2008,소형(~500평),386.6,중개거래,법인,법인,498.5,1927.1,1360000,2728.2,705.7,2026-06,
남부,안양시,호계동,공장,준공업,집합,,소형(~500평),0,중개거래,개인,개인,0,32.1,39000,0,1214.7,2026-06,
남부,안양시,호계동,공장,준공업,집합,2019,소형(~500평),0,중개거래,개인,법인,0,14.3,24500,0,1714.1,2026-06,
남부,부천시,춘의동,공장,준공업,집합,2018,소형(~500평),0,중개거래,개인,개인,0,32.5,34000,0,1045.6,2025-07,
남부,부천시,원미동,공장,준공업,집합,2016,소형(~500평),0,중개거래,개인,개인,0,33.1,35900,0,1085.2,2025-07,
남부,부천시,도당동,공장,일반공업,일반,1988,소형(~500평),117.4,중개거래,개인,법인,144.7,169.9,295000,2038.0,1736.5,2025-07,
남부,부천시,약대동,공장,일반공업,집합,2021,소형(~500평),0,중개거래,개인,법인,0,25.9,37200,0,1437.3,2025-07,
남부,부천시,춘의동,공장,준공업,집합,2018,소형(~500평),0,중개거래,개인,법인,0,37.7,51000,0,1351.6,2025-07,
남부,부천시,춘의동,공장,준공업,집합,2018,소형(~500평),0,중개거래,개인,법인,0,25.0,32500,0,1300.4,2025-07,
남부,부천시,역곡동,공장,제2종일반주거,일반,2008,중형(500~2천평),290.4,중개거래,법인,법인,1288.7,3741.7,3400000,2638.4,908.7,2025-08,
남부,부천시,도당동,공장,일반공업,집합,2006,소형(~500평),0,직거래,개인,법인,0,38.0,31000,0,814.8,2025-08,
남부,부천시,도당동,공장,일반공업,일반,2011,소형(~500평),237.8,중개거래,법인,법인,164.4,390.9,429000,2609.8,1097.6,2025-08,
남부,부천시,도당동,공장,일반공업,일반,2014,소형(~500평),226.6,중개거래,법인,개인,200.0,453.2,420000,2099.9,926.8,2025-08,
남부,부천시,도당동,공장,일반공업,집합,2004,소형(~500평),0,직거래,개인,개인,0,38.7,50000,0,1291.3,2025-08,
남부,부천시,원미동,공장,준공업,집합,2021,소형(~500평),0,중개거래,개인,법인,0,28.0,40500,0,1444.7,2025-08,
남부,부천시,도당동,공장,일반공업,일반,2016,소형(~500평),226.5,중개거래,개인,개인,135.0,305.8,300000,2222.1,981.2,2025-08,
남부,부천시,도당동,공장,일반공업,집합,2006,소형(~500평),0,중개거래,개인,법인,0,49.7,44500,0,894.9,2025-08,
남부,부천시,도당동,공장,일반공업,집합,2006,소형(~500평),0,중개거래,개인,개인,0,43.1,43000,0,996.6,2025-09,
남부,부천시,도당동,공장,일반공업,집합,2006,소형(~500평),0,중개거래,개인,개인,0,51.5,36500,0,709.4,2025-09,
남부,부천시,춘의동,공장,준공업,일반,2000,소형(~500평),76.9,중개거래,개인,개인,420.2,323.2,1386759,3300.0,4290.8,2025-09,
남부,부천시,춘의동,공장,준공업,일반,2006,소형(~500평),68.0,중개거래,개인,개인,176.5,120.1,582582,3300.0,4849.6,2025-09,
남부,부천시,춘의동,공장,준공업,집합,2018,소형(~500평),0,중개거래,개인,개인,0,26.1,35500,0,1358.6,2025-09,
남부,부천시,도당동,공장,일반공업,집합,2006,소형(~500평),0,중개거래,법인,법인,0,81.8,64000,0,782.8,2025-09,
남부,부천시,도당동,공장,일반공업,집합,2006,소형(~500평),0,중개거래,개인,법인,0,50.0,37000,0,739.3,2025-09,
남부,부천시,춘의동,공장,준공업,집합,2018,소형(~500평),0,직거래,개인,개인,0,31.3,37000,0,1183.8,2025-09,
남부,부천시,도당동,공장,일반공업,집합,2004,소형(~500평),0,중개거래,개인,법인,0,33.3,13000,0,390.0,2025-09,
남부,부천시,도당동,공장,일반공업,집합,2004,소형(~500평),0,중개거래,개인,법인,0,51.4,24800,0,482.8,2025-09,
남부,부천시,춘의동,공장,준공업,집합,2018,소형(~500평),0,중개거래,개인,개인,0,38.9,51000,0,1311.0,2025-10,
남부,부천시,약대동,공장,근린상업,집합,2004,소형(~500평),0,중개거래,법인,개인,0,50.4,43000,0,853.7,2025-10,
남부,부천시,춘의동,공장,준공업,집합,2016,소형(~500평),0,중개거래,개인,개인,0,58.8,45000,0,765.3,2025-10,
남부,부천시,춘의동,공장,준공업,집합,2016,소형(~500평),0,중개거래,개인,개인,0,41.9,32000,0,763.7,2025-10,
남부,부천시,춘의동,공장,준공업,집합,2016,소형(~500평),0,직거래,법인,법인,0,64.8,75000,0,1156.8,2025-10,
남부,부천시,춘의동,공장,준공업,집합,2018,소형(~500평),0,중개거래,개인,개인,0,38.5,53500,0,1391.4,2025-10,
남부,부천시,원미동,공장,준공업,집합,2021,소형(~500평),0,중개거래,개인,개인,0,26.4,40000,0,1515.0,2025-10,
남부,부천시,춘의동,공장,일반공업,집합,2022,소형(~500평),0,중개거래,개인,법인,0,34.5,38784,0,1124.0,2025-10,
남부,부천시,원미동,공장,준공업,집합,2021,소형(~500평),0,중개거래,법인,법인,0,29.5,39500,0,1340.6,2025-11,
남부,부천시,춘의동,공장,준공업,일반,1981,소형(~500평),72.0,중개거래,개인,법인,199.5,143.6,540000,2706.4,3760.5,2025-11,
남부,부천시,춘의동,공장,일반공업,집합,2022,소형(~500평),0,중개거래,개인,개인,0,13.8,23200,0,1678.9,2025-11,
남부,부천시,춘의동,공장,준공업,일반,1992,소형(~500평),281.4,중개거래,개인,법인,144.8,407.5,320000,2209.8,785.3,2025-11,
남부,부천시,춘의동,공장,준공업,집합,2018,소형(~500평),0,직거래,법인,개인,0,26.2,30000,0,1144.3,2026-01,
남부,부천시,도당동,공장,일반공업,일반,2016,소형(~500평),347.9,중개거래,법인,법인,180.6,628.2,570000,3156.3,907.3,2025-12,
남부,부천시,춘의동,공장,준공업,집합,2006,소형(~500평),0,중개거래,법인,법인,0,42.9,50000,0,1164.3,2025-12,
남부,부천시,춘의동,공장,준공업,집합,2006,소형(~500평),0,중개거래,법인,법인,0,41.3,45000,0,1089.9,2025-12,
남부,부천시,춘의동,공장,준공업,집합,2005,소형(~500평),0,중개거래,법인,개인,0,41.3,39000,0,944.6,2026-05,
남부,부천시,춘의동,공장,준공업,집합,2006,소형(~500평),0,중개거래,법인,개인,0,40.6,41800,0,1030.7,2025-12,
남부,부천시,춘의동,공장,준공업,집합,2006,소형(~500평),0,중개거래,개인,법인,0,40.6,44000,0,1085.0,2025-12,
남부,부천시,춘의동,공장,준공업,집합,2018,소형(~500평),0,중개거래,개인,법인,0,26.2,34000,0,1296.8,2026-01,
남부,부천시,도당동,공장,일반공업,집합,2016,소형(~500평),0,중개거래,개인,법인,0,49.8,31600,0,634.6,2026-01,
남부,부천시,춘의동,공장,일반공업,집합,2022,소형(~500평),0,중개거래,개인,개인,0,7.3,17000,0,2321.3,2026-01,
남부,부천시,춘의동,공장,준공업,집합,2018,소형(~500평),0,직거래,법인,개인,0,62.5,60000,0,960.1,2026-01,
남부,부천시,도당동,공장,일반공업,집합,2006,소형(~500평),0,중개거래,법인,개인,0,51.5,38000,0,738.5,2026-01,
남부,부천시,약대동,공장,일반공업,집합,2021,소형(~500평),0,직거래,개인,법인,0,15.5,23700,0,1531.7,2026-02,
남부,부천시,원미동,공장,준공업,집합,2021,소형(~500평),0,중개거래,개인,법인,0,12.8,17300,0,1350.4,2026-02,
남부,부천시,도당동,공장,일반공업,일반,2014,소형(~500평),259.3,중개거래,개인,법인,283.1,734.1,515000,1818.9,701.5,2026-02,
남부,부천시,약대동,공장,일반공업,집합,2021,소형(~500평),0,중개거래,개인,법인,0,24.0,35000,0,1457.9,2026-02,
남부,부천시,약대동,공장,일반공업,집합,2021,소형(~500평),0,중개거래,개인,법인,0,5.6,9500,0,1688.4,2026-06,
남부,부천시,춘의동,공장,준공업,집합,2018,소형(~500평),0,중개거래,개인,법인,0,52.5,70000,0,1332.4,2026-02,
남부,부천시,춘의동,공장,일반공업,집합,2022,소형(~500평),0,중개거래,개인,법인,0,29.4,33200,0,1129.1,2026-03,
남부,부천시,춘의동,공장,일반공업,집합,2022,소형(~500평),0,중개거래,개인,법인,0,7.3,17900,0,2444.2,2026-03,
남부,부천시,원미동,공장,준공업,일반,1989,소형(~500평),297.3,직거래,개인,법인,101.7,302.5,320000,3145.6,1057.9,2026-03,
남부,부천시,도당동,공장,일반공업,집합,2006,소형(~500평),0,중개거래,개인,개인,0,42.1,30500,0,724.2,2026-03,
남부,부천시,도당동,공장,일반공업,일반,2018,소형(~500평),207.5,중개거래,법인,개인,100.1,207.7,232000,2317.7,1117.2,2026-04,
남부,부천시,원미동,공장,준공업,집합,2021,소형(~500평),0,중개거래,개인,법인,0,43.6,63000,0,1446.3,2026-04,
남부,부천시,도당동,공장,일반공업,집합,2006,소형(~500평),0,중개거래,개인,법인,0,53.2,43500,0,817.4,2026-04,
남부,부천시,춘의동,공장,일반공업,일반,1973,중형(500~2천평),62.6,중개거래,개인,법인,762.0,477.0,1970000,2585.2,4130.0,2026-04,
남부,부천시,도당동,공장,일반공업,일반,1977,중형(500~2천평),102.4,중개거래,개인,법인,862.7,883.5,1290000,1495.3,1460.2,2026-04,
남부,부천시,춘의동,공장,준공업,집합,2018,소형(~500평),0,중개거래,법인,법인,0,38.9,50000,0,1285.3,2026-04,
남부,부천시,춘의동,공장,준공업,집합,2006,소형(~500평),0,중개거래,법인,개인,0,41.3,41000,0,993.0,2026-04,
남부,부천시,원미동,공장,준공업,일반,1989,소형(~500평),182.8,중개거래,개인,법인,203.9,372.8,420000,2059.4,1126.6,2026-04,
남부,부천시,춘의동,공장,준공업,집합,2006,소형(~500평),0,직거래,개인,개인,0,42.2,38322,0,908.6,2026-05,
남부,부천시,춘의동,공장,준공업,집합,2006,소형(~500평),0,직거래,개인,개인,0,40.6,35839,0,883.8,2026-05,
남부,부천시,원미동,공장,준공업,집합,2021,소형(~500평),0,중개거래,개인,개인,0,16.4,19500,0,1191.3,2026-05,
남부,부천시,도당동,공장,일반공업,집합,2006,소형(~500평),0,중개거래,개인,법인,0,51.5,45000,0,874.6,2026-05,
남부,부천시,도당동,공장,일반공업,집합,2006,소형(~500평),0,중개거래,개인,법인,0,52.7,40000,0,758.9,2026-05,
남부,부천시,도당동,공장,일반공업,집합,2006,소형(~500평),0,중개거래,개인,개인,0,44.6,40500,0,907.2,2026-05,
남부,부천시,춘의동,공장,준공업,일반,2020,소형(~500평),64.7,중개거래,개인,개인,259.3,167.7,350000,1349.8,2087.1,2026-05,
남부,부천시,약대동,공장,근린상업,집합,2004,소형(~500평),0,중개거래,법인,법인,0,136.0,115500,0,849.1,2026-05,
남부,부천시,도당동,공장,일반공업,일반,2014,소형(~500평),225.8,중개거래,법인,법인,281.0,634.5,600000,2135.1,945.6,2026-05,
남부,부천시,춘의동,공장,준공업,집합,2005,소형(~500평),0,중개거래,법인,개인,0,43.1,42000,0,975.2,2026-05,
남부,부천시,도당동,공장,일반공업,일반,1980,소형(~500평),40.8,중개거래,개인,법인,230.4,93.9,300000,1302.0,3195.0,2026-06,
남부,부천시,원미동,공장,준공업,집합,2021,소형(~500평),0,중개거래,개인,법인,0,25.4,39500,0,1553.6,2026-06,NEW
남부,부천시,원미동,공장,준공업,집합,2021,소형(~500평),0,중개거래,개인,개인,0,29.5,36000,0,1221.9,2026-06,
남부,부천시,춘의동,공장,준공업,집합,2018,소형(~500평),0,중개거래,개인,법인,0,27.3,34500,0,1262.7,2026-06,
남부,부천시,도당동,공장,일반공업,일반,2012,소형(~500평),271.5,중개거래,법인,법인,431.6,1171.6,1250000,2896.2,1066.9,2026-06,
남부,부천시,춘의동,공장,준공업,집합,2005,소형(~500평),0,중개거래,개인,개인,0,39.3,36000,0,916.0,2026-06,
남부,부천시,도당동,공장,일반공업,집합,2006,소형(~500평),0,중개거래,개인,개인,0,53.2,34000,0,638.9,2026-06,
남부,부천시,춘의동,공장,준공업,집합,2018,소형(~500평),0,직거래,개인,개인,0,36.0,46000,0,1278.5,2026-06,
남부,부천시,옥길동,공장,준주거,집합,2024,소형(~500평),0,중개거래,개인,개인,0,23.9,29300,0,1225.3,2025-07,
남부,부천시,옥길동,공장,준주거,집합,2022,소형(~500평),0,중개거래,개인,개인,0,9.9,10500,0,1062.1,2025-12,
남부,부천시,옥길동,공장,준주거,집합,2022,소형(~500평),0,중개거래,개인,개인,0,7.6,8700,0,1141.3,2025-09,
남부,부천시,옥길동,공장,준주거,집합,2022,소형(~500평),0,중개거래,개인,개인,0,9.9,14000,0,1416.2,2025-09,
남부,부천시,송내동,공장,제2종일반주거,일반,1991,소형(~500평),206.3,중개거래,개인,법인,186.0,383.7,315000,1693.8,821.0,2025-09,
남부,부천시,옥길동,공장,준주거,집합,2020,소형(~500평),0,직거래,개인,법인,0,12.9,15800,0,1224.9,2025-11,
남부,부천시,옥길동,공장,준주거,집합,2020,소형(~500평),0,직거래,개인,법인,0,12.0,14700,0,1229.6,2025-11,
남부,부천시,옥길동,창고시설,준주거,집합,2022,소형(~500평),0,중개거래,개인,개인,0,14.2,9700,0,683.1,2025-11,
남부,부천시,옥길동,공장,준주거,집합,2020,소형(~500평),0,중개거래,개인,개인,0,8.4,3800,0,454.5,2025-12,
남부,부천시,옥길동,공장,준주거,집합,2024,소형(~500평),0,중개거래,개인,개인,0,9.2,17000,0,1855.3,2026-01,
남부,부천시,옥길동,공장,준주거,집합,2022,소형(~500평),0,직거래,법인,개인,0,32.5,35000,0,1076.6,2026-02,
남부,부천시,옥길동,공장,준주거,집합,2020,소형(~500평),0,직거래,개인,개인,0,13.3,29000,0,2184.3,2026-03,
남부,부천시,옥길동,공장,준주거,집합,2020,소형(~500평),0,중개거래,개인,개인,0,11.6,12000,0,1030.9,2026-03,
남부,부천시,옥길동,공장,준주거,집합,2020,소형(~500평),0,중개거래,개인,개인,0,14.4,15000,0,1043.9,2026-03,
남부,부천시,옥길동,공장,준주거,집합,2020,소형(~500평),0,중개거래,개인,개인,0,12.1,12500,0,1035.6,2026-03,
남부,부천시,옥길동,공장,준주거,집합,2024,소형(~500평),0,중개거래,개인,법인,0,9.3,11000,0,1186.0,2026-04,
남부,부천시,옥길동,공장,준주거,집합,2022,소형(~500평),0,직거래,개인,개인,0,5.6,3184,0,564.4,2026-05,
남부,부천시,옥길동,공장,준주거,집합,2022,소형(~500평),0,직거래,개인,개인,0,6.6,3184,0,483.7,2026-05,
남부,부천시,송내동,공장,제3종일반주거,일반,1988,소형(~500평),73.1,직거래,개인,개인,109.9,80.3,70000,637.1,872.1,2026-05,
남부,부천시,옥길동,공장,준주거,집합,2020,소형(~500평),0,중개거래,개인,개인,0,12.9,10900,0,845.1,2026-05,
남부,부천시,옥길동,공장,준주거,집합,2024,소형(~500평),0,중개거래,개인,개인,0,9.2,18500,0,2019.0,2026-05,
남부,부천시,삼정동,공장,일반공업,집합,2007,소형(~500평),0,직거래,개인,법인,0,69.4,41000,0,591.0,2025-07,
남부,부천시,삼정동,공장,일반공업,집합,2022,소형(~500평),0,중개거래,개인,개인,0,32.4,15000,0,463.2,2025-07,
남부,부천시,삼정동,공장,근린상업,집합,2004,소형(~500평),0,직거래,개인,법인,0,50.3,38500,0,766.1,2025-08,
남부,부천시,삼정동,공장,근린상업,집합,2004,소형(~500평),0,중개거래,개인,개인,0,10.4,10800,0,1035.5,2025-08,
남부,부천시,삼정동,공장,근린상업,집합,2004,소형(~500평),0,중개거래,개인,법인,0,10.4,10500,0,1006.7,2025-08,
남부,부천시,삼정동,공장,일반공업,일반,1992,소형(~500평),324.6,직거래,개인,법인,172.1,558.5,312000,1813.0,558.6,2025-08,
남부,부천시,삼정동,공장,일반공업,집합,2007,소형(~500평),0,중개거래,개인,법인,0,50.3,45000,0,894.5,2025-09,
남부,부천시,삼정동,공장,일반공업,일반,2003,소형(~500평),181.1,중개거래,법인,법인,360.0,652.0,550000,1527.8,843.5,2025-09,
남부,부천시,삼정동,공장,일반공업,집합,2007,소형(~500평),0,중개거래,개인,법인,0,50.3,42000,0,834.9,2026-04,
남부,부천시,삼정동,공장,근린상업,집합,2000,소형(~500평),0,중개거래,개인,법인,0,101.9,82000,0,804.5,2025-09,
남부,부천시,내동,공장,일반공업,일반,2012,소형(~500평),203.8,중개거래,개인,개인,155.0,315.8,335000,2161.3,1060.6,2025-09,
남부,부천시,삼정동,공장,근린상업,집합,2004,소형(~500평),0,중개거래,개인,개인,0,50.3,39000,0,776.1,2025-10,
남부,부천시,삼정동,공장,일반공업,집합,2007,소형(~500평),0,중개거래,개인,개인,0,50.7,41000,0,808.7,2026-01,
남부,부천시,삼정동,공장,일반공업,집합,2007,소형(~500평),0,중개거래,개인,법인,0,50.3,44500,0,884.6,2025-10,
남부,부천시,삼정동,공장,근린상업,집합,2004,소형(~500평),0,중개거래,개인,개인,0,52.0,45000,0,865.6,2025-10,
남부,부천시,오정동,공장,일반공업,일반,2022,소형(~500평),210.6,중개거래,개인,개인,109.3,230.1,209000,1912.8,908.1,2025-11,
남부,부천시,오정동,공장,일반공업,일반,2008,소형(~500평),218.2,직거래,개인,법인,229.9,501.7,441000,1918.2,878.9,2025-11,
남부,부천시,삼정동,공장,일반공업,집합,2007,소형(~500평),0,중개거래,법인,개인,0,53.9,42000,0,778.7,2025-11,
남부,부천시,삼정동,공장,일반공업,집합,2007,소형(~500평),0,중개거래,법인,법인,0,46.3,38500,0,831.8,2025-11,
남부,부천시,삼정동,공장,일반공업,집합,2007,소형(~500평),0,중개거래,개인,개인,0,50.3,40000,0,795.1,2025-11,
남부,부천시,삼정동,공장,근린상업,집합,2000,소형(~500평),0,중개거래,법인,개인,0,101.9,83500,0,819.2,2025-11,
남부,부천시,삼정동,공장,일반공업,집합,2007,소형(~500평),0,중개거래,개인,법인,0,50.9,35700,0,700.9,2025-11,
남부,부천시,삼정동,공장,근린상업,집합,2004,소형(~500평),0,직거래,법인,법인,0,101.8,80000,0,785.8,2025-11,
남부,부천시,삼정동,공장,근린상업,집합,2004,소형(~500평),0,중개거래,개인,개인,0,102.0,80000,0,784.2,2025-12,
남부,부천시,삼정동,공장,근린상업,집합,2004,소형(~500평),0,중개거래,개인,법인,0,101.7,89000,0,874.8,2025-12,
남부,부천시,삼정동,공장,근린상업,집합,2004,소형(~500평),0,중개거래,개인,개인,0,10.4,11000,0,1054.6,2026-04,
남부,부천시,삼정동,공장,일반공업,일반,1983,소형(~500평),104.6,중개거래,개인,법인,176.3,184.4,229000,1298.7,1242.2,2026-01,
남부,부천시,삼정동,공장,일반공업,집합,2007,소형(~500평),0,중개거래,개인,개인,0,54.1,43000,0,794.6,2026-02,
남부,부천시,삼정동,공장,일반공업,일반,2020,소형(~500평),349.5,중개거래,개인,법인,157.2,549.4,470000,2990.2,855.5,2026-02,
남부,부천시,내동,공장,일반공업,일반,1997,소형(~500평),115.3,중개거래,개인,법인,121.6,140.2,183000,1504.9,1305.7,2026-03,
남부,부천시,내동,공장,일반공업,일반,1996,소형(~500평),107.8,중개거래,법인,법인,111.9,120.7,229280,2048.5,1899.6,2026-03,
남부,부천시,삼정동,공장,일반공업,집합,2007,소형(~500평),0,중개거래,법인,법인,0,50.3,35000,0,695.7,2026-03,
남부,부천시,내동,공장,일반공업,일반,1999,소형(~500평),115.8,중개거래,개인,법인,121.0,140.2,300000,2479.3,2140.5,2026-03,
남부,부천시,내동,공장,일반공업,일반,1996,소형(~500평),105.6,중개거래,개인,법인,114.3,120.7,251560,2200.0,2084.2,2026-03,
남부,부천시,내동,공장,일반공업,일반,1996,소형(~500평),106.7,중개거래,개인,법인,113.1,120.7,256000,2262.8,2121.0,2026-03,
남부,부천시,내동,공장,일반공업,일반,1997,소형(~500평),139.0,중개거래,개인,법인,119.2,165.6,331800,2783.9,2003.2,2026-03,
남부,부천시,삼정동,공장,근린상업,집합,2004,소형(~500평),0,중개거래,법인,법인,0,102.0,84000,0,823.5,2026-03,
남부,부천시,내동,공장,일반공업,일반,1996,소형(~500평),109.0,중개거래,개인,법인,110.7,120.7,220000,1987.1,1822.7,2026-03,
남부,부천시,내동,공장,일반공업,일반,1999,소형(~500평),120.1,중개거래,개인,법인,120.4,144.6,340000,2824.0,2352.0,2026-03,
남부,부천시,삼정동,공장,일반공업,집합,2007,소형(~500평),0,중개거래,개인,법인,0,44.6,39800,0,891.5,2026-03,
남부,부천시,삼정동,공장,일반공업,집합,2007,소형(~500평),0,중개거래,법인,법인,0,102.0,70000,0,686.6,2026-03,
남부,부천시,삼정동,공장,일반공업,일반,2018,소형(~500평),138.7,중개거래,개인,법인,103.2,143.1,203000,1968.0,1418.5,2026-04,
남부,부천시,삼정동,공장,일반공업,집합,2007,소형(~500평),0,중개거래,개인,개인,0,54.1,42000,0,776.1,2026-04,
남부,부천시,내동,공장,일반공업,일반,2009,소형(~500평),74.6,중개거래,개인,법인,205.0,153.0,290000,1414.4,1895.1,2026-04,
남부,부천시,삼정동,공장,일반공업,집합,2007,소형(~500평),0,중개거래,개인,법인,0,51.7,42000,0,811.9,2026-04,
남부,부천시,삼정동,공장,근린상업,집합,2000,소형(~500평),0,직거래,개인,개인,0,101.9,43500,0,426.8,2026-04,
남부,부천시,내동,공장,일반공업,일반,2003,소형(~500평),174.7,직거래,개인,개인,172.7,301.7,275000,1592.1,911.4,2026-04,
남부,부천시,삼정동,공장,일반공업,일반,2016,소형(~500평),290.5,중개거래,법인,개인,198.1,575.6,470000,2372.1,816.6,2026-05,
남부,부천시,삼정동,공장,일반공업,집합,2007,소형(~500평),0,중개거래,법인,법인,0,50.3,38000,0,755.4,2026-05,
남부,부천시,삼정동,공장,근린상업,집합,2004,소형(~500평),0,중개거래,개인,개인,0,20.8,44700,0,2144.7,2026-05,
남부,부천시,삼정동,공장,일반공업,집합,2007,소형(~500평),0,중개거래,개인,개인,0,49.8,50000,0,1003.2,2026-05,
남부,부천시,삼정동,공장,일반공업,집합,2007,소형(~500평),0,중개거래,개인,법인,0,50.3,37000,0,735.5,2026-05,
남부,부천시,삼정동,공장,일반공업,일반,2018,소형(~500평),223.0,중개거래,개인,개인,250.6,558.7,550000,2195.1,984.4,2026-05,
남부,부천시,삼정동,공장,일반공업,일반,2003,소형(~500평),242.4,중개거래,법인,개인,360.0,872.5,795000,2208.3,911.1,2026-06,
남부,부천시,내동,공장,일반공업,일반,1982,소형(~500평),68.0,중개거래,개인,개인,225.9,153.7,293700,1299.9,1911.5,2026-06,
남부,광명시,하안동,공장,일반상업,집합,2023,소형(~500평),0,직거래,법인,개인,0,15.8,19000,0,1199.1,2025-07,
남부,광명시,일직동,공장,준주거,집합,2021,소형(~500평),0,중개거래,개인,법인,0,22.0,39200,0,1785.4,2025-07,
남부,광명시,하안동,공장,일반상업,집합,2023,소형(~500평),0,중개거래,개인,법인,0,19.9,21300,0,1069.5,2025-07,
남부,광명시,일직동,공장,준주거,집합,2021,소형(~500평),0,중개거래,법인,법인,0,20.8,35000,0,1685.6,2025-07,
남부,광명시,일직동,공장,준주거,집합,,소형(~500평),0,중개거래,법인,법인,0,20.8,34000,0,1633.7,2025-07,
남부,광명시,소하동,공장,준주거,집합,2010,소형(~500평),0,중개거래,개인,법인,0,44.7,43000,0,961.6,2025-07,
남부,광명시,소하동,공장,준주거,집합,2010,소형(~500평),0,중개거래,개인,개인,0,51.4,43000,0,836.3,2025-07,
남부,광명시,하안동,공장,일반상업,집합,2023,소형(~500평),0,직거래,법인,법인,0,18.4,10308,0,559.6,2025-07,
남부,광명시,하안동,공장,일반상업,집합,2023,소형(~500평),0,직거래,법인,법인,0,18.3,10216,0,559.5,2025-07,
남부,광명시,하안동,공장,일반상업,집합,2023,소형(~500평),0,직거래,법인,법인,0,18.2,10172,0,559.6,2025-07,
남부,광명시,하안동,공장,일반상업,집합,2023,소형(~500평),0,직거래,법인,법인,0,16.9,9485,0,559.6,2025-07,
남부,광명시,하안동,공장,일반상업,집합,2023,소형(~500평),0,직거래,법인,법인,0,17.0,9491,0,559.6,2025-07,
남부,광명시,하안동,공장,일반상업,집합,2023,소형(~500평),0,직거래,법인,법인,0,19.2,10580,0,551.5,2025-07,
남부,광명시,하안동,공장,일반상업,집합,2023,소형(~500평),0,직거래,법인,법인,0,18.9,10665,0,565.5,2025-07,
남부,광명시,하안동,공장,일반상업,집합,2023,소형(~500평),0,직거래,법인,법인,0,19.0,10743,0,565.5,2025-07,
남부,광명시,하안동,공장,일반상업,집합,2023,소형(~500평),0,직거래,법인,법인,0,15.0,8668,0,577.6,2025-07,
남부,광명시,하안동,공장,일반상업,집합,2023,소형(~500평),0,직거래,법인,법인,0,19.5,11267,0,577.5,2025-07,
남부,광명시,하안동,공장,일반상업,집합,2023,소형(~500평),0,직거래,법인,법인,0,16.9,9787,0,577.4,2025-07,
남부,광명시,하안동,공장,일반상업,집합,2023,소형(~500평),0,직거래,법인,법인,0,17.0,9794,0,577.4,2025-07,
남부,광명시,하안동,공장,일반상업,집합,2023,소형(~500평),0,직거래,법인,법인,0,20.2,11495,0,568.8,2025-07,
남부,광명시,하안동,공장,일반상업,집합,2023,소형(~500평),0,직거래,법인,법인,0,21.1,11944,0,565.4,2025-07,
남부,광명시,하안동,공장,일반상업,집합,2023,소형(~500평),0,직거래,법인,법인,0,21.1,11934,0,565.5,2025-07,
남부,광명시,하안동,공장,일반상업,집합,2023,소형(~500평),0,직거래,법인,법인,0,19.2,11138,0,580.6,2025-07,
남부,광명시,하안동,공장,일반상업,집합,2023,소형(~500평),0,직거래,법인,법인,0,17.7,10549,0,595.3,2025-07,
남부,광명시,하안동,공장,일반상업,집합,2023,소형(~500평),0,직거래,법인,법인,0,18.4,10964,0,595.2,2025-07,
남부,광명시,하안동,공장,일반상업,집합,2023,소형(~500평),0,직거래,법인,법인,0,23.6,14312,0,607.3,2025-07,
남부,광명시,하안동,공장,일반상업,집합,2023,소형(~500평),0,직거래,법인,법인,0,23.5,14298,0,607.2,2025-07,
남부,광명시,하안동,공장,일반상업,집합,2023,소형(~500평),0,직거래,법인,법인,0,25.4,15428,0,607.3,2025-07,
남부,광명시,하안동,공장,일반상업,집합,2023,소형(~500평),0,직거래,법인,법인,0,21.1,12424,0,588.2,2025-07,
남부,광명시,하안동,공장,일반상업,집합,2023,소형(~500평),0,직거래,법인,법인,0,23.3,13703,0,588.3,2025-07,
남부,광명시,하안동,공장,일반상업,집합,2023,소형(~500평),0,직거래,법인,법인,0,21.6,13063,0,603.6,2025-07,
남부,광명시,하안동,공장,일반상업,집합,2023,소형(~500평),0,직거래,법인,법인,0,23.7,14679,0,619.3,2025-07,
남부,광명시,하안동,공장,일반상업,집합,2023,소형(~500평),0,직거래,법인,법인,0,15.0,9291,0,619.1,2025-07,
남부,광명시,하안동,공장,일반상업,집합,2023,소형(~500평),0,직거래,법인,법인,0,18.9,11675,0,619.0,2025-07,
남부,광명시,하안동,공장,일반상업,집합,2023,소형(~500평),0,직거래,법인,법인,0,16.9,10492,0,619.0,2025-07,
남부,광명시,하안동,공장,일반상업,집합,2023,소형(~500평),0,직거래,법인,법인,0,17.0,10502,0,619.2,2025-07,
남부,광명시,하안동,공장,일반상업,집합,2023,소형(~500평),0,직거래,법인,법인,0,23.6,14591,0,619.2,2025-07,
남부,광명시,하안동,공장,일반상업,집합,2023,소형(~500평),0,직거래,법인,법인,0,23.5,14581,0,619.2,2025-07,
남부,광명시,하안동,공장,일반상업,집합,2023,소형(~500평),0,직거래,법인,법인,0,25.4,15731,0,619.2,2025-07,
남부,광명시,하안동,공장,일반상업,집합,2023,소형(~500평),0,직거래,법인,법인,0,19.0,11754,0,618.7,2025-07,
남부,광명시,하안동,공장,일반상업,집합,2023,소형(~500평),0,직거래,법인,법인,0,18.2,11362,0,625.1,2025-07,
남부,광명시,하안동,공장,일반상업,집합,2023,소형(~500평),0,직거래,법인,법인,0,19.5,12196,0,625.1,2025-07,
남부,광명시,하안동,공장,일반상업,집합,2023,소형(~500평),0,직거래,법인,법인,0,19.8,11951,0,605.1,2025-07,
남부,광명시,하안동,공장,일반상업,집합,2023,소형(~500평),0,직거래,법인,법인,0,18.6,11563,0,621.0,2025-07,
남부,광명시,하안동,공장,일반상업,집합,2023,소형(~500평),0,직거래,법인,법인,0,19.2,11917,0,621.2,2025-07,
남부,광명시,하안동,공장,일반상업,집합,2023,소형(~500평),0,직거래,법인,법인,0,19.8,12063,0,610.8,2025-07,
남부,광명시,하안동,공장,일반상업,집합,2023,소형(~500평),0,직거래,법인,법인,0,17.7,11393,0,642.9,2025-07,
남부,광명시,하안동,공장,일반상업,집합,2023,소형(~500평),0,직거래,법인,법인,0,18.4,11842,0,642.9,2025-07,
남부,광명시,하안동,공장,일반상업,집합,2023,소형(~500평),0,직거래,법인,법인,0,18.9,12124,0,642.8,2025-07,
남부,광명시,하안동,공장,일반상업,집합,2023,소형(~500평),0,직거래,법인,법인,0,19.0,12213,0,642.9,2025-07,
남부,광명시,하안동,공장,일반상업,집합,2023,소형(~500평),0,직거래,법인,법인,0,18.2,11686,0,642.9,2025-07,
남부,광명시,하안동,공장,일반상업,집합,2023,소형(~500평),0,직거래,법인,법인,0,21.1,13128,0,622.1,2025-07,
남부,광명시,하안동,공장,일반상업,집합,2023,소형(~500평),0,직거래,법인,법인,0,18.9,12349,0,654.7,2025-07,
남부,광명시,하안동,공장,일반상업,집합,2023,소형(~500평),0,직거래,법인,법인,0,23.5,15421,0,654.9,2025-07,
남부,광명시,하안동,공장,일반상업,집합,2023,소형(~500평),0,직거래,법인,법인,0,25.4,16639,0,655.0,2025-07,
남부,광명시,하안동,공장,일반상업,집합,2023,소형(~500평),0,직거래,법인,법인,0,21.1,13380,0,633.4,2025-07,
남부,광명시,하안동,공장,일반상업,집합,2023,소형(~500평),0,직거래,법인,법인,0,23.3,14754,0,633.4,2025-07,
남부,광명시,하안동,공장,일반상업,집합,2023,소형(~500평),0,직거래,법인,법인,0,21.6,14067,0,650.0,2025-07,
남부,광명시,하안동,공장,일반상업,집합,2023,소형(~500평),0,직거래,법인,법인,0,20.7,13472,0,650.2,2025-07,
남부,광명시,하안동,공장,일반상업,집합,2023,소형(~500평),0,직거래,법인,법인,0,20.9,13237,0,633.4,2025-07,
남부,광명시,하안동,공장,일반상업,집합,2023,소형(~500평),0,직거래,법인,법인,0,21.1,13366,0,633.4,2025-07,
남부,광명시,하안동,공장,일반상업,집합,2023,소형(~500평),0,직거래,법인,법인,0,19.8,12509,0,633.4,2025-07,
남부,광명시,하안동,공장,일반상업,집합,2023,소형(~500평),0,직거래,법인,법인,0,18.6,12104,0,650.1,2025-07,
남부,광명시,하안동,공장,일반상업,집합,2023,소형(~500평),0,직거래,법인,법인,0,18.6,12118,0,650.2,2025-07,
남부,광명시,하안동,공장,일반상업,집합,2023,소형(~500평),0,직거래,법인,법인,0,19.2,12475,0,650.3,2025-07,
남부,광명시,하안동,공장,일반상업,집합,2023,소형(~500평),0,직거래,법인,법인,0,20.2,13138,0,650.1,2025-07,
남부,광명시,하안동,공장,일반상업,집합,2023,소형(~500평),0,직거래,법인,법인,0,19.6,13604,0,693.5,2025-07,
남부,광명시,하안동,공장,일반상업,집합,2023,소형(~500평),0,직거래,법인,법인,0,23.7,15805,0,666.8,2025-07,
남부,광명시,하안동,공장,일반상업,집합,2023,소형(~500평),0,직거래,법인,법인,0,15.0,10005,0,666.7,2025-07,
남부,광명시,하안동,공장,일반상업,집합,2023,소형(~500평),0,직거래,법인,법인,0,18.4,12281,0,666.7,2025-07,
남부,광명시,하안동,공장,일반상업,집합,2023,소형(~500평),0,직거래,법인,법인,0,18.9,12574,0,666.7,2025-07,
남부,광명시,하안동,공장,일반상업,집합,2023,소형(~500평),0,직거래,법인,법인,0,19.0,12540,0,660.1,2025-07,
남부,광명시,하안동,공장,일반상업,집합,2023,소형(~500평),0,직거래,법인,법인,0,18.3,12172,0,666.6,2025-07,
남부,광명시,하안동,공장,일반상업,집합,2023,소형(~500평),0,직거래,법인,법인,0,19.5,13009,0,666.7,2025-07,
남부,광명시,하안동,공장,일반상업,집합,2023,소형(~500평),0,직거래,법인,법인,0,15.4,10274,0,666.6,2025-07,
남부,광명시,하안동,공장,일반상업,집합,2023,소형(~500평),0,직거래,법인,법인,0,15.4,10284,0,666.9,2025-07,
남부,광명시,하안동,공장,일반상업,집합,2023,소형(~500평),0,직거래,법인,법인,0,21.4,14288,0,666.9,2025-07,
남부,광명시,하안동,공장,일반상업,집합,2023,소형(~500평),0,직거래,법인,법인,0,21.4,14271,0,666.7,2025-07,
남부,광명시,하안동,공장,일반상업,집합,2023,소형(~500평),0,직거래,법인,법인,0,25.4,16942,0,666.9,2025-07,
남부,광명시,일직동,공장,준주거,집합,2020,소형(~500평),0,직거래,법인,법인,0,18.0,27500,0,1524.3,2025-07,
남부,광명시,일직동,공장,준주거,집합,2021,소형(~500평),0,중개거래,개인,법인,0,19.2,37000,0,1924.4,2026-03,
남부,광명시,일직동,공장,준주거,집합,2021,소형(~500평),0,중개거래,개인,법인,0,20.1,37860,0,1884.0,2025-07,
남부,광명시,일직동,공장,준주거,집합,2021,소형(~500평),0,중개거래,개인,법인,0,20.8,39192,0,1883.1,2025-07,
남부,광명시,일직동,공장,준주거,집합,2021,소형(~500평),0,중개거래,개인,법인,0,22.1,42948,0,1940.6,2025-07,
남부,광명시,소하동,공장,준주거,집합,2022,소형(~500평),0,직거래,법인,법인,0,9.0,7600,0,847.6,2025-08,
남부,광명시,하안동,공장,일반상업,집합,2023,소형(~500평),0,직거래,개인,개인,0,15.8,25000,0,1577.8,2025-08,
남부,광명시,일직동,공장,준주거,집합,2019,소형(~500평),0,중개거래,개인,개인,0,25.5,37000,0,1452.0,2025-08,
남부,광명시,하안동,공장,일반상업,집합,2023,소형(~500평),0,직거래,법인,개인,0,15.0,19170,0,1277.4,2025-08,
남부,광명시,하안동,공장,일반상업,집합,2023,소형(~500평),0,직거래,법인,법인,0,19.6,28003,0,1427.5,2025-08,
남부,광명시,소하동,공장,준주거,집합,2010,소형(~500평),0,중개거래,개인,법인,0,51.4,70000,0,1361.4,2025-08,
남부,광명시,일직동,공장,준주거,집합,2019,소형(~500평),0,직거래,법인,법인,0,26.4,50000,0,1892.0,2025-08,
남부,광명시,하안동,공장,일반상업,집합,2023,소형(~500평),0,직거래,개인,법인,0,19.2,35583,0,1849.5,2025-09,
남부,광명시,하안동,공장,일반상업,집합,2023,소형(~500평),0,직거래,개인,법인,0,19.3,35720,0,1849.7,2025-09,
남부,광명시,일직동,공장,준주거,집합,2019,소형(~500평),0,중개거래,개인,법인,0,12.7,22500,0,1765.9,2025-09,
남부,광명시,소하동,공장,준주거,집합,2010,소형(~500평),0,중개거래,법인,개인,0,37.6,35000,0,931.2,2025-09,
남부,광명시,일직동,공장,준주거,집합,2020,소형(~500평),0,직거래,개인,법인,0,54.7,111000,0,2028.5,2025-09,
남부,광명시,소하동,공장,준주거,집합,2010,소형(~500평),0,중개거래,법인,법인,0,40.4,42000,0,1039.2,2025-09,
남부,광명시,일직동,창고시설,준주거,집합,2019,소형(~500평),0,중개거래,개인,개인,0,8.7,7000,0,808.5,2025-10,
남부,광명시,소하동,공장,준주거,집합,2010,소형(~500평),0,중개거래,개인,개인,0,50.3,41000,0,814.4,2025-10,
남부,광명시,일직동,공장,준주거,집합,2021,소형(~500평),0,중개거래,법인,법인,0,28.6,52000,0,1817.1,2025-10,
남부,광명시,소하동,공장,준주거,집합,2010,소형(~500평),0,직거래,법인,법인,0,48.0,63500,0,1321.8,2025-11,
남부,광명시,일직동,공장,준주거,집합,,소형(~500평),0,중개거래,개인,법인,0,21.0,45000,0,2146.6,2025-11,
남부,광명시,일직동,공장,준주거,집합,2020,소형(~500평),0,중개거래,법인,법인,0,36.5,53000,0,1451.0,2025-11,
남부,광명시,일직동,공장,준주거,집합,2020,소형(~500평),0,중개거래,법인,법인,0,32.9,47000,0,1429.0,2025-11,
남부,광명시,소하동,공장,준주거,집합,2010,소형(~500평),0,직거래,개인,개인,0,51.4,53300,0,1036.6,2025-11,
남부,광명시,일직동,공장,준주거,집합,2020,소형(~500평),0,중개거래,법인,법인,0,72.8,100000,0,1373.3,2025-11,
남부,광명시,소하동,공장,준주거,집합,2011,소형(~500평),0,중개거래,개인,법인,0,25.4,27500,0,1081.2,2025-11,
남부,광명시,소하동,공장,준주거,집합,2010,소형(~500평),0,직거래,법인,법인,0,51.4,53600,0,1042.5,2025-11,
남부,광명시,소하동,공장,준주거,집합,2010,소형(~500평),0,직거래,개인,법인,0,50.3,46000,0,913.7,2025-12,
남부,광명시,소하동,공장,준주거,집합,2010,소형(~500평),0,직거래,개인,법인,0,37.6,36000,0,957.8,2025-12,
남부,광명시,일직동,공장,준주거,집합,2021,소형(~500평),0,중개거래,개인,법인,0,28.6,50000,0,1747.2,2025-12,
남부,광명시,소하동,공장,준주거,집합,2010,소형(~500평),0,직거래,개인,법인,0,48.0,44000,0,915.9,2025-12,
남부,광명시,소하동,공장,준주거,집합,2010,소형(~500평),0,중개거래,개인,법인,0,51.4,50000,0,972.5,2025-12,
남부,광명시,일직동,공장,준주거,집합,2021,소형(~500평),0,직거래,개인,법인,0,28.6,53000,0,1852.1,2026-01,
남부,광명시,일직동,공장,준주거,집합,2021,소형(~500평),0,중개거래,법인,법인,0,30.1,50500,0,1678.1,2026-01,
남부,광명시,일직동,공장,준주거,집합,2020,소형(~500평),0,중개거래,법인,법인,0,42.8,40723,0,950.7,2026-01,
남부,광명시,일직동,공장,준주거,집합,2020,소형(~500평),0,중개거래,법인,법인,0,36.4,59644,0,1637.4,2026-01,
남부,광명시,일직동,공장,준주거,집합,2020,소형(~500평),0,중개거래,법인,법인,0,62.7,34633,0,552.0,2026-01,
남부,광명시,일직동,공장,준주거,집합,2021,소형(~500평),0,중개거래,개인,개인,0,28.6,48500,0,1694.8,2026-01,
남부,광명시,일직동,공장,준주거,집합,2019,소형(~500평),0,중개거래,개인,개인,0,26.4,45000,0,1702.8,2026-02,
남부,광명시,소하동,공장,준주거,집합,2022,소형(~500평),0,중개거래,개인,법인,0,27.9,35000,0,1255.9,2026-02,
남부,광명시,하안동,공장,일반상업,집합,2023,소형(~500평),0,중개거래,개인,법인,0,22.2,28000,0,1259.3,2026-02,
남부,광명시,일직동,공장,준주거,집합,2021,소형(~500평),0,중개거래,개인,개인,0,22.1,38000,0,1717.1,2026-03,
남부,광명시,일직동,공장,준주거,집합,2020,소형(~500평),0,중개거래,개인,개인,0,30.0,33000,0,1099.9,2026-03,
남부,광명시,소하동,공장,준주거,집합,2010,소형(~500평),0,중개거래,개인,개인,0,25.3,25000,0,987.9,2026-03,
남부,광명시,소하동,공장,준주거,집합,2022,소형(~500평),0,직거래,개인,개인,0,9.6,9500,0,994.1,2026-03,
남부,광명시,일직동,공장,준주거,집합,2021,소형(~500평),0,중개거래,개인,법인,0,20.8,32000,0,1537.6,2026-03,
남부,광명시,일직동,공장,준주거,집합,2019,소형(~500평),0,직거래,법인,법인,0,25.5,41500,0,1628.6,2026-04,
남부,광명시,일직동,공장,준주거,집합,2021,소형(~500평),0,중개거래,개인,법인,0,30.2,60000,0,1986.3,2026-04,
남부,광명시,일직동,공장,준주거,집합,2019,소형(~500평),0,중개거래,법인,법인,0,13.7,23000,0,1680.7,2026-04,
남부,광명시,일직동,공장,준주거,집합,2021,소형(~500평),0,중개거래,개인,법인,0,21.8,38000,0,1746.7,2026-04,
남부,광명시,하안동,공장,일반상업,집합,,소형(~500평),0,중개거래,개인,법인,0,21.3,36000,0,1686.6,2026-04,
남부,광명시,하안동,공장,일반상업,집합,,소형(~500평),0,중개거래,개인,법인,0,21.3,33000,0,1546.1,2026-04,
남부,광명시,하안동,공장,일반상업,집합,2023,소형(~500평),0,직거래,법인,법인,0,25.4,32500,0,1279.3,2026-04,
남부,광명시,소하동,공장,준주거,집합,2010,소형(~500평),0,중개거래,법인,법인,0,50.5,43000,0,851.2,2026-04,
남부,광명시,소하동,공장,준주거,집합,2010,소형(~500평),0,중개거래,법인,법인,0,48.1,40000,0,830.8,2026-04,
남부,광명시,일직동,공장,준주거,집합,2021,소형(~500평),0,중개거래,개인,개인,0,21.0,41500,0,1979.7,2026-05,
남부,광명시,소하동,공장,준주거,집합,2010,소형(~500평),0,중개거래,법인,법인,0,51.4,38000,0,739.1,2026-05,
남부,광명시,소하동,공장,준주거,집합,2010,소형(~500평),0,중개거래,법인,법인,0,53.7,42000,0,781.9,2026-05,
남부,광명시,하안동,공장,일반상업,집합,2023,소형(~500평),0,중개거래,개인,법인,0,22.2,40500,0,1821.6,2026-05,
남부,광명시,하안동,공장,일반상업,집합,,소형(~500평),0,중개거래,개인,법인,0,29.4,55000,0,1871.5,2026-05,
남부,광명시,소하동,공장,준주거,집합,2022,소형(~500평),0,중개거래,개인,법인,0,12.8,18140,0,1421.0,2026-06,
남부,광명시,일직동,공장,준주거,집합,2020,소형(~500평),0,중개거래,법인,개인,0,10.7,14500,0,1358.7,2026-06,
남부,광명시,일직동,공장,준주거,집합,2019,소형(~500평),0,중개거래,개인,개인,0,8.8,15000,0,1695.3,2026-06,
남부,광명시,일직동,공장,준주거,집합,2019,소형(~500평),0,중개거래,개인,법인,0,12.7,20500,0,1608.9,2026-06,
남부,광명시,일직동,공장,준주거,집합,2019,소형(~500평),0,직거래,법인,개인,0,26.4,43450,0,1644.2,2026-06,
남부,광명시,일직동,공장,준주거,집합,2019,소형(~500평),0,직거래,법인,개인,0,25.5,41900,0,1644.3,2026-06,
남부,광명시,소하동,공장,준주거,집합,2010,소형(~500평),0,중개거래,개인,법인,0,51.4,62000,0,1205.9,2026-06,
남부,평택시,청북읍 백봉리,공장,계획관리,일반,,중형(500~2천평),53.5,직거래,개인,법인,1054.5,564.5,350258,332.2,620.5,2025-07,
남부,평택시,청북읍 삼계리,공장,계획관리,일반,2006,중형(500~2천평),14.9,중개거래,법인,법인,1687.6,251.8,396242,234.8,1573.3,2025-07,
남부,평택시,진위면 마산리,공장,보전관리,일반,,중형(500~2천평),16.6,중개거래,개인,법인,896.0,148.7,70000,78.1,470.9,2025-07,
남부,평택시,모곡동,공장,일반공업,일반,,중형(500~2천평),78.6,중개거래,개인,법인,998.2,785.1,680850,682.1,867.3,2025-07,
남부,평택시,서탄면 수월암리,공장,계획관리,일반,,중형(500~2천평),48.9,중개거래,개인,법인,535.7,261.7,215000,401.3,821.4,2025-07,
남부,평택시,청북읍 어연리,공장,계획관리,집합,2020,소형(~500평),0,직거래,개인,법인,0,25.6,17640,0,689.3,2025-08,
남부,평택시,포승읍 도곡리,공장,계획관리,일반,1996,소형(~500평),30.2,직거래,개인,법인,399.0,120.4,84350,211.4,700.3,2025-08,
남부,평택시,포승읍 신영리,창고시설,계획관리,일반,1996,중형(500~2천평),18.4,직거래,법인,법인,1030.6,189.9,396539,384.8,2087.7,2025-08,
남부,평택시,현덕면 권관리,창고시설,농림,일반,1997,소형(~500평),46.6,직거래,개인,개인,136.7,63.7,55000,402.3,863.3,2025-08,
남부,평택시,팽성읍 신궁리,창고시설,계획관리,일반,1997,소형(~500평),37.3,중개거래,개인,법인,350.3,130.6,54000,154.2,413.4,2025-08,
남부,평택시,서탄면 수월암리,공장,계획관리,일반,2018,중형(500~2천평),63.2,중개거래,개인,법인,536.9,339.3,195000,363.2,574.7,2025-08,
남부,평택시,오성면 교포리,공장,농림,일반,2022,중형(500~2천평),31.9,중개거래,법인,법인,892.4,285.0,260000,291.4,912.4,2025-09,
남부,평택시,진위면 마산리,공장,계획관리,일반,2012,중형(500~2천평),51.9,직거래,개인,법인,1205.2,625.3,380000,315.3,607.7,2025-09,
남부,평택시,진위면 하북리,공장,생산관리,일반,,소형(~500평),44.9,중개거래,개인,법인,484.9,217.8,200000,412.4,918.3,2025-10,
남부,평택시,오성면 숙성리,창고시설,계획관리,일반,2008,소형(~500평),20.3,중개거래,개인,개인,292.5,59.3,29163,99.7,491.9,2025-10,
남부,평택시,모곡동,공장,일반공업,일반,1992,중형(500~2천평),49.9,직거래,개인,법인,786.5,392.5,220000,279.7,560.6,2025-10,
남부,평택시,모곡동,공장,일반공업,집합,2024,소형(~500평),0,중개거래,법인,법인,0,21.7,19000,0,874.7,2025-10,
남부,평택시,포승읍 홍원리,공장,계획관리,일반,2006,중형(500~2천평),41.3,중개거래,법인,법인,1449.9,598.4,335000,231.1,559.9,2025-11,
남부,평택시,현덕면 황산리,창고시설,농림,일반,1996,소형(~500평),30.8,중개거래,개인,개인,194.5,59.9,19800,101.8,330.7,2025-11,
남부,평택시,고덕면 궁리,창고시설,농림,일반,2016,소형(~500평),40.6,중개거래,개인,개인,196.6,79.9,27000,137.3,338.1,2025-11,
남부,평택시,청북읍 고렴리,창고시설,계획관리,일반,,중형(500~2천평),24.8,직거래,법인,법인,1394.2,345.9,371000,266.1,1072.5,2025-11,
남부,평택시,청북읍 고잔리,창고시설,계획관리,일반,2024,중형(500~2천평),17.6,중개거래,개인,개인,1337.4,235.9,388221,290.3,1645.6,2025-11,
남부,평택시,포승읍 홍원리,공장,계획관리,일반,2005,소형(~500평),30.3,중개거래,법인,법인,478.9,145.2,50042,104.5,344.6,2025-12,
남부,평택시,포승읍 홍원리,공장,계획관리,일반,2005,소형(~500평),35.9,중개거래,법인,법인,404.1,145.2,41624,103.0,286.7,2025-12,
남부,평택시,포승읍 홍원리,공장,계획관리,일반,2005,소형(~500평),36.8,중개거래,법인,법인,394.2,145.2,41794,106.0,287.8,2025-12,
남부,평택시,청북읍 율북리,공장,일반공업,일반,,중형(500~2천평),61.5,중개거래,법인,법인,769.0,472.7,340000,442.1,719.2,2025-12,
남부,평택시,청북읍 토진리,공장,계획관리,일반,2006,중형(500~2천평),57.6,직거래,개인,법인,960.1,552.6,303467,316.1,549.2,2025-12,
남부,평택시,서탄면 수월암리,공장,계획관리,일반,,소형(~500평),52.2,중개거래,법인,법인,110.7,57.8,41700,376.6,721.4,2025-12,
남부,평택시,서탄면 수월암리,공장,계획관리,일반,,소형(~500평),21.9,중개거래,법인,법인,389.0,85.1,146300,376.1,1718.7,2025-12,
남부,평택시,고덕면 동청리,창고시설,계획관리,일반,2007,소형(~500평),25.3,직거래,개인,개인,107.7,27.2,2000,18.6,73.5,2025-12,
남부,평택시,진위면 갈곶리,공장,일반공업,일반,2019,중형(500~2천평),104.4,중개거래,법인,법인,605.8,632.8,485000,800.5,766.5,2025-12,
남부,평택시,팽성읍 노와리,창고시설,계획관리,일반,2015,중형(500~2천평),18.9,중개거래,법인,개인,534.2,100.9,89000,166.6,881.7,2026-01,
남부,평택시,청북읍 어연리,공장,계획관리,집합,2020,소형(~500평),0,직거래,법인,법인,0,25.6,18500,0,722.9,2026-01,
남부,평택시,청북읍 어연리,공장,계획관리,집합,2020,소형(~500평),0,직거래,법인,법인,0,23.2,17500,0,753.3,2026-01,
남부,평택시,서탄면 수월암리,공장,계획관리,일반,,중형(500~2천평),40.6,중개거래,법인,법인,1085.1,440.7,460000,423.9,1043.9,2026-01,
남부,평택시,포승읍 만호리,창고시설,일반공업,일반,,대형(2천평~),52.8,중개거래,법인,법인,2233.2,1178.5,785000,351.5,666.1,2026-01,
남부,평택시,청북읍 어소리,공장,계획관리,일반,2020,중형(500~2천평),21.5,중개거래,법인,개인,935.9,201.3,201031,214.8,998.9,2026-02,
남부,평택시,고덕면 해창리,공장,준주거,집합,2024,소형(~500평),0,직거래,법인,법인,0,22.3,14433,0,648.1,2026-02,
남부,평택시,고덕면 해창리,공장,준주거,집합,2024,소형(~500평),0,직거래,법인,법인,0,13.8,8915,0,644.2,2026-02,
남부,평택시,청북읍 옥길리,공장,계획관리,일반,,중형(500~2천평),47.3,중개거래,개인,법인,1428.4,676.3,220489,154.4,326.0,2026-03,
남부,평택시,고덕면 해창리,공장,준주거,집합,2023,소형(~500평),0,직거래,개인,개인,0,12.5,11500,0,923.6,2026-03,
남부,평택시,모곡동,공장,일반공업,집합,2022,소형(~500평),0,중개거래,개인,법인,0,29.3,26000,0,887.5,2026-03,
남부,평택시,고덕동,공장,준주거,집합,2020,소형(~500평),0,직거래,개인,법인,0,21.2,35000,0,1652.9,2026-04,
남부,평택시,고덕면 해창리,공장,준주거,집합,2021,소형(~500평),0,직거래,개인,법인,0,13.7,21200,0,1545.0,2026-04,
남부,평택시,고덕면 해창리,공장,준주거,집합,2021,소형(~500평),0,직거래,개인,개인,0,13.2,19425,0,1473.5,2026-05,
남부,평택시,칠괴동,공장,일반공업,일반,1999,소형(~500평),41.2,중개거래,개인,개인,500.0,205.8,255000,510.0,1239.1,2026-04,
남부,평택시,고덕동,공장,준주거,집합,2020,소형(~500평),0,직거래,개인,법인,0,26.4,24138,0,913.4,2026-04,
남부,평택시,고덕면 해창리,공장,준주거,집합,2021,소형(~500평),0,직거래,개인,개인,0,13.2,18800,0,1426.1,2026-04,
남부,평택시,세교동,공장,일반공업,집합,2024,소형(~500평),0,중개거래,개인,법인,0,47.6,49334,0,1035.7,2026-04,
남부,평택시,고덕면 해창리,공장,준주거,집합,2023,소형(~500평),0,중개거래,개인,개인,0,16.3,11700,0,716.3,2026-04,
남부,평택시,고덕면 해창리,공장,준주거,집합,2023,소형(~500평),0,중개거래,개인,개인,0,17.2,12300,0,713.4,2026-04,
남부,평택시,포승읍 석정리,공장,계획관리,일반,1997,대형(2천평~),33.8,직거래,법인,법인,2940.6,993.4,492029,167.3,495.3,2026-04,
남부,평택시,팽성읍 안정리,공장,계획관리,일반,1989,중형(500~2천평),27.4,직거래,개인,법인,733.9,201.3,249999,340.7,1242.0,2026-04,
남부,평택시,고덕면 해창리,공장,준주거,집합,2021,소형(~500평),0,직거래,개인,법인,0,12.8,6800,0,529.9,2026-05,
남부,평택시,고덕동,공장,준주거,집합,2022,소형(~500평),0,직거래,개인,법인,0,18.4,31749,0,1723.4,2026-05,
남부,평택시,고덕면 해창리,공장,준주거,집합,2021,소형(~500평),0,중개거래,개인,개인,0,11.9,4000,0,334.9,2026-05,
남부,평택시,고덕면 해창리,공장,준주거,집합,2021,소형(~500평),0,중개거래,개인,개인,0,13.7,5000,0,364.4,2026-05,
남부,평택시,서탄면 사리,공장,계획관리,일반,2017,중형(500~2천평),35.8,직거래,법인,법인,1020.9,365.1,387000,379.1,1059.8,2026-05,
남부,평택시,서탄면 사리,공장,계획관리,일반,2017,중형(500~2천평),42.8,직거래,법인,법인,549.9,235.2,208300,378.8,885.6,2026-05,
남부,평택시,고덕면 해창리,공장,준주거,집합,2024,소형(~500평),0,중개거래,개인,개인,0,33.6,37440,0,1113.4,2026-05,
남부,평택시,고덕면 해창리,공장,준주거,집합,2024,소형(~500평),0,중개거래,개인,개인,0,21.1,23040,0,1089.8,2026-05,
남부,평택시,서탄면 수월암리,창고시설,계획관리,일반,2019,중형(500~2천평),5.3,중개거래,법인,개인,560.8,29.6,9483,16.9,319.9,2026-06,
남부,평택시,포승읍 내기리,공장,일반공업,일반,2003,소형(~500평),92.9,직거래,법인,법인,272.3,253.0,110000,404.0,434.8,2026-06,
북부,동두천시,생연동,창고시설,제1종일반주거,일반,2011,소형(~500평),235.9,중개거래,개인,법인,109.3,257.7,110650,1012.7,429.3,2025-07,
북부,동두천시,하봉암동,창고시설,계획관리,일반,1991,중형(500~2천평),28.5,직거래,개인,개인,1364.6,389.3,122525,89.8,314.7,2025-07,
북부,동두천시,탑동동,창고시설,계획관리,일반,1998,소형(~500평),40.8,중개거래,개인,개인,219.6,89.6,18500,84.2,206.5,2025-08,
북부,동두천시,하봉암동,공장,계획관리,일반,1986,소형(~500평),40.3,직거래,개인,법인,388.1,156.3,68415,176.3,437.6,2025-09,
북부,동두천시,하봉암동,공장,계획관리,일반,1997,소형(~500평),37.8,직거래,개인,법인,196.6,74.2,30706,156.2,413.6,2025-09,
북부,동두천시,동두천동,공장,일반공업,일반,2000,중형(500~2천평),95.0,직거래,법인,법인,1303.7,1238.1,350000,268.5,282.7,2025-12,
북부,동두천시,동두천동,공장,일반공업,일반,2000,대형(2천평~),104.9,직거래,법인,법인,2999.9,3145.6,786878,262.3,250.2,2026-03,
남부,안산시,사동,공장,일반상업,집합,,소형(~500평),0,중개거래,개인,법인,0,13.8,15000,0,1088.1,2025-09,
남부,안산시,사동,공장,일반상업,집합,2023,소형(~500평),0,중개거래,개인,법인,0,12.4,16000,0,1288.2,2025-10,
남부,안산시,사사동,공장,일반공업,일반,2010,소형(~500평),136.8,중개거래,개인,법인,207.8,284.2,280000,1347.3,985.2,2025-11,
남부,안산시,사동,공장,일반상업,집합,,소형(~500평),0,중개거래,개인,법인,0,12.3,15493,0,1263.7,2025-11,
남부,안산시,사동,공장,일반상업,집합,2023,소형(~500평),0,중개거래,개인,개인,0,14.2,19000,0,1338.4,2026-04,
남부,안산시,팔곡일동,공장,개발제한구역,일반,2004,중형(500~2천평),29.4,직거래,법인,법인,1155.9,340.1,815000,705.1,2396.7,2026-06,NEW
남부,안산시,원시동,공장,일반공업,집합,2019,소형(~500평),0,직거래,법인,법인,0,50.0,43000,0,859.8,2025-07,
남부,안산시,원시동,공장,일반공업,집합,2019,소형(~500평),0,직거래,법인,법인,0,53.0,48000,0,906.5,2025-07,
남부,안산시,신길동,공장,일반공업,일반,2018,중형(500~2천평),101.6,중개거래,법인,법인,1517.3,1541.4,1460000,962.2,947.2,2025-07,
남부,안산시,원시동,공장,일반공업,일반,,중형(500~2천평),127.4,중개거래,법인,법인,1513.0,1927.2,1400000,925.3,726.5,2025-07,
남부,안산시,목내동,공장,일반공업,집합,2012,소형(~500평),0,직거래,법인,개인,0,81.3,40400,0,496.9,2025-07,
남부,안산시,원시동,공장,일반공업,일반,1985,소형(~500평),131.0,중개거래,법인,법인,248.7,325.8,202260,813.3,620.9,2025-07,
남부,안산시,성곡동,공장,일반공업,일반,2020,중형(500~2천평),16.8,직거래,법인,법인,1204.0,202.6,782600,650.0,3862.0,2025-07,
남부,안산시,원시동,공장,일반공업,집합,2009,소형(~500평),0,중개거래,개인,개인,0,64.7,40800,0,630.4,2025-07,
남부,안산시,성곡동,공장,일반공업,일반,2016,중형(500~2천평),109.2,중개거래,법인,법인,511.9,558.9,465000,908.5,832.0,2025-07,
남부,안산시,신길동,공장,일반공업,집합,,소형(~500평),0,중개거래,개인,법인,0,28.2,31300,0,1111.9,2025-07,
남부,안산시,성곡동,공장,일반공업,집합,2014,소형(~500평),0,중개거래,개인,법인,0,37.3,8000,0,214.6,2025-07,
남부,안산시,원시동,공장,일반공업,집합,2008,소형(~500평),0,직거래,개인,법인,0,34.4,15000,0,436.2,2025-07,
남부,안산시,신길동,공장,일반공업,집합,2020,소형(~500평),0,중개거래,법인,법인,0,24.8,27000,0,1090.2,2025-07,
남부,안산시,목내동,공장,일반공업,일반,2005,중형(500~2천평),181.5,중개거래,법인,법인,747.9,1357.6,695000,929.3,511.9,2025-07,
남부,안산시,성곡동,공장,일반공업,일반,2001,소형(~500평),152.7,중개거래,개인,법인,199.2,304.1,200000,1004.2,657.7,2025-07,
남부,안산시,원시동,공장,일반공업,집합,2019,소형(~500평),0,중개거래,법인,법인,0,50.0,47000,0,939.8,2025-07,
남부,안산시,원시동,공장,일반공업,집합,2009,소형(~500평),0,중개거래,개인,법인,0,64.7,42000,0,649.0,2025-07,
남부,안산시,원시동,공장,일반공업,집합,2012,소형(~500평),0,중개거래,법인,개인,0,102.4,177100,0,1729.0,2025-08,
남부,안산시,원시동,공장,일반공업,집합,2012,소형(~500평),0,중개거래,법인,개인,0,303.7,522900,0,1721.9,2025-08,
남부,안산시,원시동,공장,일반공업,집합,2012,소형(~500평),0,중개거래,법인,개인,0,84.2,108000,0,1282.4,2025-08,
남부,안산시,원시동,공장,일반공업,집합,2012,소형(~500평),0,중개거래,법인,개인,0,113.7,135800,0,1194.7,2025-08,
남부,안산시,원시동,공장,일반공업,집합,2012,소형(~500평),0,중개거래,법인,개인,0,27.1,26200,0,967.3,2025-08,
남부,안산시,원시동,공장,일반공업,집합,2012,소형(~500평),0,중개거래,법인,개인,0,223.7,133400,0,596.4,2025-08,
남부,안산시,원시동,공장,일반공업,집합,2012,소형(~500평),0,중개거래,법인,개인,0,280.2,166600,0,594.5,2025-08,
남부,안산시,원시동,공장,일반공업,집합,2012,소형(~500평),0,중개거래,법인,개인,0,188.1,112100,0,596.0,2025-08,
남부,안산시,원시동,공장,일반공업,집합,2012,소형(~500평),0,중개거래,법인,개인,0,35.6,21300,0,598.0,2025-08,
남부,안산시,원시동,공장,일반공업,집합,2012,소형(~500평),0,중개거래,법인,개인,0,120.7,75400,0,624.7,2025-08,
남부,안산시,원시동,공장,일반공업,집합,2012,소형(~500평),0,중개거래,법인,개인,0,103.0,58000,0,563.1,2025-08,
남부,안산시,신길동,공장,일반공업,집합,2020,소형(~500평),0,중개거래,개인,법인,0,29.4,32100,0,1091.7,2025-08,
남부,안산시,신길동,공장,일반공업,집합,2020,소형(~500평),0,중개거래,개인,법인,0,30.0,32750,0,1091.8,2025-08,
남부,안산시,목내동,공장,일반공업,집합,2015,소형(~500평),0,중개거래,법인,법인,0,58.9,44520,0,755.7,2025-08,
남부,안산시,목내동,공장,일반공업,집합,2015,소형(~500평),0,중개거래,법인,법인,0,56.2,42440,0,755.8,2025-08,
남부,안산시,신길동,공장,일반공업,집합,2003,소형(~500평),0,중개거래,개인,개인,0,26.0,14300,0,549.6,2025-08,
남부,안산시,성곡동,공장,일반공업,일반,2019,중형(500~2천평),143.4,중개거래,법인,법인,597.4,856.9,700000,1171.7,816.9,2025-08,
남부,안산시,원시동,공장,일반공업,집합,2019,소형(~500평),0,중개거래,법인,법인,0,50.0,48000,0,959.8,2025-08,
남부,안산시,성곡동,공장,일반공업,일반,,중형(500~2천평),120.9,중개거래,법인,법인,1202.9,1454.1,860000,714.9,591.4,2025-08,
남부,안산시,원시동,공장,일반공업,집합,2005,소형(~500평),0,중개거래,개인,개인,0,28.0,11700,0,418.6,2025-08,
남부,안산시,성곡동,공장,일반공업,일반,,소형(~500평),80.9,중개거래,법인,법인,350.0,283.1,342000,977.1,1207.9,2025-08,
남부,안산시,목내동,공장,일반공업,일반,2023,중형(500~2천평),93.5,직거래,법인,법인,674.2,630.2,770000,1142.0,1221.9,2025-08,
남부,안산시,성곡동,공장,일반공업,일반,2017,소형(~500평),121.3,중개거래,법인,법인,499.2,605.6,525900,1053.5,868.4,2025-08,
남부,안산시,성곡동,공장,일반공업,일반,2017,소형(~500평),7.3,중개거래,법인,법인,499.2,36.3,9100,18.2,250.7,2025-08,
남부,안산시,목내동,공장,일반공업,일반,2014,중형(500~2천평),87.6,중개거래,개인,개인,1402.2,1228.6,1168000,833.0,950.7,2025-09,
남부,안산시,신길동,공장,일반공업,집합,2020,소형(~500평),0,중개거래,법인,개인,0,24.2,21500,0,889.3,2025-09,
남부,안산시,원시동,공장,일반공업,집합,2011,소형(~500평),0,중개거래,법인,법인,0,84.4,108900,0,1290.3,2025-09,
남부,안산시,원시동,공장,일반공업,집합,2011,소형(~500평),0,중개거래,법인,법인,0,90.0,48700,0,541.0,2025-09,
남부,안산시,초지동,공장,일반공업,일반,1986,중형(500~2천평),129.8,직거래,법인,법인,726.2,942.8,750000,1032.7,795.5,2025-09,
남부,안산시,성곡동,공장,일반공업,일반,2008,소형(~500평),74.8,중개거래,개인,개인,150.0,112.2,134000,893.3,1193.8,2025-09,
남부,안산시,성곡동,공장,일반공업,일반,1994,소형(~500평),119.0,중개거래,법인,법인,498.4,592.9,439000,880.9,740.4,2025-09,
남부,안산시,목내동,공장,일반공업,집합,2015,소형(~500평),0,중개거래,개인,법인,0,57.4,40000,0,697.0,2025-09,
남부,안산시,초지동,공장,일반공업,일반,,대형(2천평~),145.2,중개거래,법인,법인,2769.2,4021.9,1950000,704.2,484.8,2025-09,
남부,안산시,성곡동,공장,일반공업,일반,1987,중형(500~2천평),139.0,직거래,법인,법인,1810.6,2516.7,1180000,651.7,468.9,2025-09,
남부,안산시,목내동,공장,일반공업,집합,2015,소형(~500평),0,중개거래,법인,법인,0,58.9,41000,0,696.0,2025-09,
남부,안산시,성곡동,공장,일반공업,집합,,소형(~500평),0,중개거래,법인,개인,0,55.0,49000,0,891.4,2025-09,
남부,안산시,초지동,공장,일반공업,일반,2013,중형(500~2천평),43.8,중개거래,법인,법인,971.5,425.5,760000,782.3,1786.0,2025-09,
남부,안산시,신길동,공장,일반공업,집합,2020,소형(~500평),0,중개거래,법인,법인,0,33.0,38500,0,1165.5,2025-09,
남부,안산시,원시동,공장,일반공업,집합,2023,소형(~500평),0,중개거래,법인,법인,0,14.4,10000,0,695.7,2026-02,
남부,안산시,원시동,공장,일반공업,집합,2005,소형(~500평),0,중개거래,법인,법인,0,49.6,19400,0,391.0,2025-10,
남부,안산시,목내동,공장,일반공업,일반,,대형(2천평~),66.4,중개거래,법인,법인,2456.3,1630.2,2000000,814.2,1226.8,2025-10,
남부,안산시,성곡동,공장,일반공업,일반,,소형(~500평),70.3,중개거래,법인,법인,400.1,281.3,260000,649.9,924.3,2025-10,
남부,안산시,초지동,공장,일반공업,일반,,중형(500~2천평),185.7,중개거래,법인,법인,1099.7,2042.0,900000,818.4,440.7,2025-10,
남부,안산시,성곡동,공장,일반공업,일반,,소형(~500평),55.0,중개거래,개인,법인,500.0,274.9,395000,790.0,1436.7,2025-10,
남부,안산시,신길동,공장,일반공업,집합,2006,소형(~500평),0,중개거래,개인,법인,0,26.7,12000,0,449.2,2025-10,
남부,안산시,성곡동,공장,일반공업,일반,2002,소형(~500평),76.2,중개거래,개인,법인,299.4,228.1,315000,1052.3,1380.8,2025-10,
남부,안산시,성곡동,공장,일반공업,일반,1989,중형(500~2천평),184.7,직거래,법인,법인,1116.4,2062.2,100000,89.6,48.5,2025-10,
남부,안산시,성곡동,공장,일반공업,일반,2020,중형(500~2천평),17.7,직거래,법인,법인,1116.4,197.6,65000,58.2,329.0,2025-10,
남부,안산시,신길동,공장,일반공업,집합,2020,소형(~500평),0,중개거래,개인,개인,0,23.0,24000,0,1042.0,2025-10,
남부,안산시,목내동,공장,일반공업,일반,2014,중형(500~2천평),209.6,중개거래,법인,법인,576.1,1207.2,620000,1076.2,513.6,2025-10,
남부,안산시,성곡동,공장,일반공업,집합,2014,소형(~500평),0,중개거래,개인,법인,0,62.9,40500,0,644.0,2025-10,
남부,안산시,성곡동,공장,일반공업,일반,1988,중형(500~2천평),54.6,중개거래,법인,법인,1491.7,815.1,890000,596.6,1091.9,2025-10,
남부,안산시,신길동,공장,일반공업,일반,,소형(~500평),74.7,중개거래,법인,법인,490.4,366.3,430000,876.9,1173.8,2025-10,
남부,안산시,원시동,공장,일반공업,집합,2019,소형(~500평),0,중개거래,법인,법인,0,50.0,50750,0,1014.7,2025-10,
남부,안산시,원시동,공장,일반공업,집합,2005,소형(~500평),0,중개거래,법인,개인,0,49.6,20400,0,411.2,2025-10,
남부,안산시,목내동,공장,일반공업,집합,2015,소형(~500평),0,중개거래,법인,법인,0,57.4,39500,0,688.3,2025-10,
남부,안산시,신길동,공장,일반공업,집합,2006,소형(~500평),0,중개거래,개인,개인,0,26.1,15500,0,593.1,2025-10,
남부,안산시,성곡동,창고시설,준공업,일반,2019,대형(2천평~),424.3,직거래,법인,법인,17036.9,72281.1,51230000,3007.0,708.8,2025-11,
남부,안산시,목내동,공장,일반공업,집합,2012,소형(~500평),0,중개거래,개인,개인,0,92.9,43500,0,468.1,2025-11,
남부,안산시,원시동,공장,일반공업,집합,2019,소형(~500평),0,중개거래,개인,법인,0,53.0,53000,0,1000.9,2025-11,
남부,안산시,성곡동,공장,일반공업,집합,2014,소형(~500평),0,중개거래,법인,개인,0,62.9,39500,0,628.1,2025-11,
남부,안산시,원시동,공장,일반공업,집합,2016,소형(~500평),0,중개거래,법인,법인,0,84.3,58000,0,688.3,2025-11,
남부,안산시,목내동,공장,일반공업,일반,2012,중형(500~2천평),211.7,중개거래,법인,개인,500.0,1058.4,515000,1030.0,486.6,2025-11,
남부,안산시,원시동,공장,일반공업,일반,2006,소형(~500평),74.6,중개거래,개인,법인,125.5,93.7,109000,868.5,1163.5,2025-11,
남부,안산시,성곡동,공장,일반공업,일반,2017,중형(500~2천평),70.6,중개거래,법인,법인,501.1,354.0,475000,947.9,1341.9,2025-11,
남부,안산시,원시동,공장,일반공업,일반,,소형(~500평),78.1,중개거래,법인,법인,300.1,234.5,295000,983.0,1258.0,2025-12,
남부,안산시,신길동,공장,일반공업,집합,2006,소형(~500평),0,중개거래,법인,개인,0,25.6,13500,0,527.5,2025-12,
남부,안산시,성곡동,공장,일반공업,일반,2012,중형(500~2천평),97.5,직거래,법인,개인,737.0,718.5,578609,785.1,805.3,2025-12,
남부,안산시,신길동,공장,일반공업,집합,2003,소형(~500평),0,중개거래,개인,개인,0,32.1,10700,0,333.6,2025-12,
남부,안산시,신길동,공장,일반공업,집합,2020,소형(~500평),0,중개거래,개인,개인,0,23.5,22000,0,937.8,2025-12,
남부,안산시,목내동,공장,일반공업,집합,2015,소형(~500평),0,중개거래,개인,개인,0,58.9,40000,0,679.0,2025-12,
남부,안산시,신길동,공장,일반공업,집합,2006,소형(~500평),0,중개거래,개인,개인,0,25.0,15250,0,608.9,2025-12,
남부,안산시,원시동,공장,일반공업,집합,2009,소형(~500평),0,직거래,개인,법인,0,43.4,37300,0,859.7,2025-12,
남부,안산시,성곡동,공장,일반공업,일반,1994,중형(500~2천평),104.1,직거래,법인,법인,508.6,529.3,435000,855.3,821.9,2025-12,
남부,안산시,초지동,공장,일반공업,일반,2022,중형(500~2천평),146.3,직거래,법인,법인,850.6,1244.7,1020000,1199.1,819.4,2025-12,
남부,안산시,성곡동,공장,일반공업,일반,2003,중형(500~2천평),83.6,중개거래,법인,법인,999.0,834.8,930000,930.9,1114.1,2026-01,
남부,안산시,목내동,공장,일반공업,집합,2015,소형(~500평),0,중개거래,법인,법인,0,58.9,68000,0,1154.3,2026-01,
남부,안산시,목내동,공장,일반공업,일반,2012,중형(500~2천평),95.6,중개거래,법인,개인,512.6,490.2,457000,891.5,932.2,2026-01,
남부,안산시,목내동,공장,일반공업,일반,2014,중형(500~2천평),114.1,중개거래,법인,법인,1049.3,1196.8,962500,917.3,804.2,2026-01,
남부,안산시,성곡동,공장,일반공업,집합,2017,소형(~500평),0,직거래,법인,법인,0,55.0,45000,0,818.8,2026-01,
남부,안산시,성곡동,공장,일반공업,일반,2005,소형(~500평),79.0,중개거래,법인,법인,350.0,276.6,285000,814.3,1030.2,2026-01,
남부,안산시,원시동,공장,일반공업,일반,2009,중형(500~2천평),76.2,중개거래,법인,개인,500.0,381.2,485000,970.0,1272.2,2026-02,
남부,안산시,성곡동,공장,일반공업,일반,2021,중형(500~2천평),74.3,중개거래,법인,법인,579.3,430.5,494000,852.8,1147.4,2026-02,
남부,안산시,목내동,공장,일반공업,일반,2020,소형(~500평),109.2,중개거래,법인,법인,499.6,545.5,530000,1060.8,971.6,2026-02,
남부,안산시,원시동,공장,일반공업,집합,2024,소형(~500평),0,중개거래,개인,법인,0,60.5,73800,0,1219.8,2026-02,
남부,안산시,성곡동,공장,일반공업,집합,2017,소형(~500평),0,중개거래,개인,법인,0,66.3,78500,0,1183.9,2026-02,
남부,안산시,원시동,공장,일반공업,집합,2019,소형(~500평),0,중개거래,법인,법인,0,46.9,45000,0,958.9,2026-02,
남부,안산시,성곡동,공장,일반공업,일반,2001,중형(500~2천평),59.6,중개거래,법인,법인,998.0,595.1,770000,771.6,1293.9,2026-02,
남부,안산시,신길동,공장,일반공업,집합,2020,소형(~500평),0,중개거래,개인,법인,0,28.2,30750,0,1092.3,2026-03,
남부,안산시,성곡동,공장,일반공업,집합,2017,소형(~500평),0,중개거래,법인,법인,0,42.9,33500,0,780.2,2026-03,
남부,안산시,성곡동,공장,일반공업,집합,2017,소형(~500평),0,중개거래,개인,법인,0,55.0,41000,0,745.9,2026-03,
남부,안산시,목내동,공장,일반공업,일반,2000,중형(500~2천평),100.9,중개거래,법인,법인,689.8,695.9,615000,891.5,883.7,2026-03,
남부,안산시,목내동,공장,일반공업,일반,2005,중형(500~2천평),173.9,중개거래,법인,법인,500.0,869.3,450000,900.0,517.7,2026-03,
남부,안산시,목내동,공장,일반공업,일반,1981,중형(500~2천평),96.1,중개거래,법인,법인,1109.5,1066.3,630000,567.8,590.9,2026-03,
남부,안산시,목내동,공장,일반공업,일반,2009,소형(~500평),85.8,중개거래,법인,법인,250.0,214.5,273000,1091.9,1272.5,2026-03,
남부,안산시,신길동,공장,일반공업,일반,2004,중형(500~2천평),80.5,중개거래,법인,법인,700.0,563.6,630000,900.0,1117.9,2026-03,
남부,안산시,성곡동,공장,일반공업,일반,2002,중형(500~2천평),110.1,중개거래,법인,법인,502.2,553.1,370000,736.8,669.0,2026-03,
남부,안산시,성곡동,공장,일반공업,일반,2001,소형(~500평),117.0,직거래,법인,법인,325.2,380.3,340000,1045.6,894.0,2026-03,
남부,안산시,성곡동,공장,일반공업,일반,2015,중형(500~2천평),89.8,중개거래,법인,법인,500.0,449.2,440000,880.0,979.6,2026-04,
남부,안산시,원시동,공장,일반공업,집합,2024,소형(~500평),0,중개거래,법인,개인,0,32.2,33100,0,1028.4,2026-04,
남부,안산시,원시동,공장,일반공업,집합,2024,소형(~500평),0,중개거래,법인,개인,0,36.3,36600,0,1008.5,2026-04,
남부,안산시,원시동,공장,일반공업,집합,2024,소형(~500평),0,중개거래,법인,개인,0,60.5,66000,0,1090.9,2026-04,
남부,안산시,원시동,공장,일반공업,일반,1980,중형(500~2천평),78.8,중개거래,법인,법인,1502.6,1183.6,975000,648.9,823.7,2026-04,
남부,안산시,목내동,공장,일반공업,일반,1985,대형(2천평~),63.9,중개거래,법인,법인,2792.6,1783.8,1780000,637.4,997.9,2026-04,
남부,안산시,신길동,공장,일반공업,집합,2020,소형(~500평),0,직거래,법인,법인,0,8.3,34472,0,4128.9,2026-04,
남부,안산시,신길동,공장,일반공업,집합,2020,소형(~500평),0,직거래,법인,법인,0,8.3,23712,0,2840.1,2026-04,
남부,안산시,신길동,공장,일반공업,집합,2020,소형(~500평),0,직거래,법인,법인,0,7.7,21816,0,2824.9,2026-04,
남부,안산시,원시동,공장,일반공업,집합,2011,소형(~500평),0,중개거래,법인,개인,0,90.8,107000,0,1179.1,2026-04,
남부,안산시,신길동,공장,일반공업,집합,2020,소형(~500평),0,중개거래,개인,법인,0,28.7,30000,0,1043.5,2026-04,
남부,안산시,원시동,공장,일반공업,집합,2009,소형(~500평),0,중개거래,개인,개인,0,66.5,43000,0,647.0,2026-04,
남부,안산시,신길동,공장,일반공업,집합,2020,소형(~500평),0,중개거래,법인,법인,0,23.5,30000,0,1275.4,2026-04,
남부,안산시,성곡동,공장,일반공업,일반,1996,소형(~500평),59.5,중개거래,개인,법인,499.4,297.3,345000,690.8,1160.5,2026-04,
남부,안산시,신길동,공장,일반공업,집합,2006,소형(~500평),0,중개거래,개인,개인,0,25.0,15000,0,598.9,2026-04,
남부,안산시,성곡동,공장,일반공업,일반,2016,중형(500~2천평),90.9,중개거래,법인,법인,646.2,587.7,643000,995.1,1094.1,2026-04,
남부,안산시,원시동,공장,일반공업,집합,2019,소형(~500평),0,중개거래,개인,개인,0,88.0,90000,0,1023.0,2026-04,
남부,안산시,성곡동,공장,일반공업,일반,1995,중형(500~2천평),40.1,중개거래,개인,법인,500.0,200.6,310000,620.0,1545.7,2026-04,
남부,안산시,신길동,공장,일반공업,집합,2003,소형(~500평),0,직거래,법인,법인,0,32.1,9000,0,280.6,2026-04,
남부,안산시,성곡동,공장,일반공업,일반,1996,소형(~500평),168.0,중개거래,개인,법인,350.0,587.9,265000,757.2,450.8,2026-04,
남부,안산시,성곡동,공장,일반공업,일반,2006,소형(~500평),86.4,중개거래,개인,법인,264.9,228.8,243000,917.3,1062.0,2026-04,
남부,안산시,원시동,공장,일반공업,집합,2019,소형(~500평),0,중개거래,법인,법인,0,50.0,52000,0,1039.7,2026-04,
남부,안산시,원시동,공장,일반공업,집합,2016,소형(~500평),0,직거래,개인,법인,0,57.2,45000,0,787.1,2026-05,
남부,안산시,성곡동,공장,일반공업,일반,2002,소형(~500평),86.6,중개거래,개인,법인,127.1,110.0,145000,1141.3,1317.6,2026-05,
남부,안산시,성곡동,공장,일반공업,집합,2013,소형(~500평),0,직거래,법인,법인,0,155.7,283397,0,1819.8,2026-05,
남부,안산시,성곡동,공장,일반공업,집합,2013,소형(~500평),0,직거래,법인,법인,0,194.7,283397,0,1455.9,2026-05,
남부,안산시,성곡동,공장,일반공업,집합,2013,소형(~500평),0,직거래,법인,법인,0,33.0,283397,0,8579.2,2026-05,
남부,안산시,성곡동,공장,일반공업,집합,2013,소형(~500평),0,직거래,법인,법인,0,65.4,283397,0,4332.1,2026-05,
남부,안산시,성곡동,공장,일반공업,집합,2013,소형(~500평),0,직거래,법인,법인,0,55.6,283397,0,5095.5,2026-05,
남부,안산시,원시동,공장,일반공업,집합,2016,소형(~500평),0,중개거래,법인,개인,0,69.6,51500,0,740.2,2026-05,
남부,안산시,원시동,공장,일반공업,집합,2019,소형(~500평),0,중개거래,법인,법인,0,53.7,53000,0,987.2,2026-05,
남부,안산시,성곡동,공장,일반공업,일반,2006,소형(~500평),87.5,직거래,개인,법인,132.5,115.9,123000,928.6,1060.8,2026-05,
남부,안산시,신길동,공장,일반공업,집합,2020,소형(~500평),0,중개거래,개인,개인,0,18.1,16000,0,883.8,2026-05,
남부,안산시,원시동,공장,일반공업,일반,2007,중형(500~2천평),80.2,중개거래,개인,법인,500.0,401.0,480000,960.0,1196.9,2026-06,
남부,안산시,신길동,공장,일반공업,집합,2003,소형(~500평),0,직거래,개인,개인,0,23.6,9500,0,402.0,2026-06,
남부,안산시,초지동,공장,일반공업,일반,1986,중형(500~2천평),122.0,중개거래,개인,법인,1000.1,1220.2,800000,799.9,655.6,2026-06,
남부,안산시,성곡동,공장,일반공업,일반,2016,대형(2천평~),53.7,중개거래,법인,법인,6005.9,3223.7,4800000,799.2,1489.0,2026-06,
남부,안산시,목내동,공장,일반공업,일반,2007,중형(500~2천평),91.5,중개거래,개인,개인,526.4,481.7,310000,589.0,643.6,2026-06,
남부,안산시,원시동,공장,일반공업,집합,2019,소형(~500평),0,중개거래,개인,법인,0,50.0,51500,0,1029.7,2026-06,
남부,안산시,신길동,공장,일반공업,집합,2020,소형(~500평),0,중개거래,개인,법인,0,27.6,34000,0,1231.6,2026-06,
남부,안산시,목내동,공장,일반공업,일반,2007,소형(~500평),69.4,중개거래,개인,개인,250.0,173.4,200000,800.0,1153.2,2026-06,
남부,안산시,원시동,공장,일반공업,집합,2024,소형(~500평),0,중개거래,법인,법인,0,32.2,37000,0,1149.6,2026-06,
남부,안산시,원시동,공장,일반공업,일반,2006,중형(500~2천평),81.8,중개거래,법인,법인,766.2,626.9,725000,946.3,1156.5,2026-06,
북부,고양시,오금동,공장,준주거,집합,2022,소형(~500평),0,직거래,개인,법인,0,16.6,52391,0,3161.0,2025-07,
북부,고양시,원흥동,공장,준주거,집합,2021,소형(~500평),0,직거래,개인,개인,0,14.2,19000,0,1339.2,2025-07,
북부,고양시,관산동,공장,계획관리,일반,2012,중형(500~2천평),48.8,중개거래,법인,법인,643.1,314.0,327600,509.4,1043.4,2025-08,
북부,고양시,관산동,공장,계획관리,일반,2021,중형(500~2천평),2.3,중개거래,법인,법인,643.1,14.5,15000,23.3,1033.1,2025-08,
북부,고양시,동산동,공장,준주거,집합,2015,소형(~500평),0,중개거래,개인,법인,0,46.6,65000,0,1395.4,2025-08,
북부,고양시,원흥동,공장,준주거,집합,2020,소형(~500평),0,중개거래,법인,법인,0,8.3,8000,0,966.6,2025-08,
북부,고양시,향동동,공장,준주거,집합,,소형(~500평),0,직거래,법인,법인,0,47.2,39611,0,838.9,2025-09,
북부,고양시,덕은동,공장,일반상업,집합,,소형(~500평),0,중개거래,개인,법인,0,11.1,21682,0,1961.6,2025-09,
북부,고양시,원흥동,공장,준주거,집합,2021,소형(~500평),0,중개거래,개인,개인,0,10.1,13000,0,1282.1,2025-09,
북부,고양시,덕은동,공장,일반상업,집합,,소형(~500평),0,중개거래,개인,법인,0,14.0,29596,0,2120.5,2025-09,
북부,고양시,덕은동,공장,일반상업,집합,,소형(~500평),0,중개거래,개인,법인,0,13.0,29596,0,2283.8,2025-09,
북부,고양시,동산동,공장,준주거,집합,2024,소형(~500평),0,직거래,개인,개인,0,17.8,50000,0,2811.5,2025-10,
북부,고양시,덕은동,공장,일반상업,집합,2025,소형(~500평),0,직거래,개인,법인,0,11.2,49458,0,4426.0,2025-10,
북부,고양시,덕은동,공장,일반상업,집합,2025,소형(~500평),0,직거래,개인,법인,0,14.0,66179,0,4731.3,2025-10,
북부,고양시,덕은동,공장,일반상업,집합,2025,소형(~500평),0,직거래,개인,법인,0,10.9,46992,0,4330.8,2025-10,
북부,고양시,내유동,공장,계획관리,일반,2006,소형(~500평),27.2,중개거래,개인,개인,291.9,79.4,86140,295.1,1084.4,2025-10,
북부,고양시,덕은동,공장,일반상업,집합,2023,소형(~500평),0,직거래,법인,개인,0,11.9,23000,0,1925.9,2025-10,
북부,고양시,덕은동,공장,일반상업,집합,2024,소형(~500평),0,직거래,법인,법인,0,14.1,35164,0,2486.5,2025-11,
북부,고양시,동산동,공장,준주거,집합,2015,소형(~500평),0,직거래,개인,개인,0,9.9,8300,0,836.8,2025-11,
북부,고양시,내유동,공장,계획관리,일반,2010,중형(500~2천평),47.1,중개거래,법인,법인,560.8,264.1,195000,347.7,738.3,2025-11,
북부,고양시,덕은동,공장,일반상업,집합,2024,소형(~500평),0,직거래,법인,개인,0,14.1,34933,0,2470.2,2025-11,
북부,고양시,내유동,공장,계획관리,일반,,소형(~500평),35.7,중개거래,개인,개인,266.8,95.2,78700,295.0,827.1,2025-11,
북부,고양시,향동동,공장,준주거,집합,2023,소형(~500평),0,직거래,개인,법인,0,46.9,82500,0,1758.4,2025-12,
북부,고양시,동산동,공장,준주거,집합,2024,소형(~500평),0,직거래,개인,법인,0,26.1,55477,0,2122.1,2025-12,
북부,고양시,동산동,공장,준주거,집합,2024,소형(~500평),0,직거래,개인,법인,0,20.3,43042,0,2122.1,2025-12,
북부,고양시,향동동,공장,준주거,집합,2024,소형(~500평),0,직거래,법인,개인,0,8.5,20000,0,2365.5,2025-12,
북부,고양시,덕은동,공장,일반상업,집합,2024,소형(~500평),0,직거래,법인,법인,0,20.0,50166,0,2509.7,2026-01,
북부,고양시,동산동,공장,준주거,집합,2024,소형(~500평),0,중개거래,개인,개인,0,16.3,40000,0,2456.5,2026-02,
북부,고양시,동산동,공장,준주거,집합,,소형(~500평),0,중개거래,개인,법인,0,44.5,56000,0,1259.1,2026-02,
북부,고양시,원흥동,공장,준주거,집합,2020,소형(~500평),0,중개거래,개인,개인,0,10.5,7000,0,668.2,2026-03,
북부,고양시,덕은동,공장,일반상업,집합,2024,소형(~500평),0,직거래,개인,법인,0,19.1,47223,0,2468.5,2026-03,
북부,고양시,향동동,공장,준주거,집합,,소형(~500평),0,중개거래,개인,법인,0,7.8,8500,0,1084.1,2026-03,
북부,고양시,원흥동,공장,준주거,집합,2021,소형(~500평),0,중개거래,개인,법인,0,10.8,12500,0,1161.7,2026-03,
북부,고양시,덕은동,공장,일반상업,집합,2023,소형(~500평),0,직거래,개인,법인,0,13.0,24864,0,1918.7,2026-04,
북부,고양시,향동동,공장,준주거,집합,2023,소형(~500평),0,중개거래,개인,법인,0,32.3,36500,0,1130.8,2026-04,
북부,고양시,덕은동,공장,일반상업,집합,2024,소형(~500평),0,직거래,법인,법인,0,17.2,46848,0,2729.0,2026-04,
북부,고양시,덕은동,공장,일반상업,집합,2024,소형(~500평),0,직거래,법인,법인,0,15.4,41895,0,2729.0,2026-04,
북부,고양시,덕은동,공장,일반상업,집합,2024,소형(~500평),0,직거래,법인,법인,0,26.8,80931,0,3016.2,2026-04,
북부,고양시,덕은동,공장,일반상업,집합,2024,소형(~500평),0,직거래,법인,법인,0,27.8,83887,0,3016.2,2026-04,
북부,고양시,덕은동,공장,일반상업,집합,2024,소형(~500평),0,직거래,법인,법인,0,21.2,57811,0,2729.0,2026-04,
북부,고양시,덕은동,공장,일반상업,집합,2024,소형(~500평),0,직거래,법인,법인,0,23.3,63490,0,2729.0,2026-04,
북부,고양시,덕은동,공장,일반상업,집합,2024,소형(~500평),0,직거래,법인,법인,0,26.8,79747,0,2972.1,2026-04,
북부,고양시,동산동,공장,준주거,집합,,소형(~500평),0,중개거래,개인,개인,0,42.1,49000,0,1163.7,2026-04,
북부,고양시,덕은동,공장,일반상업,집합,2024,소형(~500평),0,직거래,법인,법인,0,14.1,35976,0,2543.9,2026-05,
북부,고양시,덕은동,공장,일반상업,집합,2024,소형(~500평),0,직거래,법인,법인,0,14.1,37775,0,2671.1,2026-05,
북부,고양시,덕은동,공장,일반상업,집합,2024,소형(~500평),0,직거래,법인,법인,0,16.8,50508,0,2998.7,2026-05,
북부,고양시,덕은동,공장,일반상업,집합,2024,소형(~500평),0,직거래,법인,법인,0,21.5,67347,0,3133.9,2026-05,
북부,고양시,덕은동,공장,일반상업,집합,2024,소형(~500평),0,직거래,법인,법인,0,21.5,67664,0,3148.7,2026-05,
북부,고양시,덕은동,공장,일반상업,집합,2024,소형(~500평),0,직거래,법인,법인,0,26.8,78167,0,2913.2,2026-05,
북부,고양시,동산동,공장,준주거,집합,2015,소형(~500평),0,중개거래,개인,개인,0,38.7,39000,0,1007.2,2026-05,
북부,고양시,향동동,공장,준주거,집합,2024,소형(~500평),0,중개거래,개인,개인,0,12.7,9000,0,706.5,2026-05,
북부,고양시,동산동,공장,준주거,집합,,소형(~500평),0,중개거래,개인,법인,0,46.0,58000,0,1260.6,2026-05,
북부,고양시,관산동,공장,계획관리,일반,,소형(~500평),34.2,중개거래,개인,개인,350.0,119.8,118517,338.6,989.4,2026-05,
북부,고양시,덕은동,공장,일반상업,집합,2025,소형(~500평),0,직거래,법인,개인,0,23.0,46339,0,2016.9,2026-06,
북부,고양시,향동동,공장,준주거,집합,2024,소형(~500평),0,중개거래,개인,개인,0,26.4,51107,0,1933.9,2026-06,
북부,고양시,덕은동,공장,일반상업,집합,2024,소형(~500평),0,직거래,법인,법인,0,69.4,191174,0,2753.4,2026-06,
북부,고양시,덕은동,공장,일반상업,집합,2024,소형(~500평),0,중개거래,개인,법인,0,30.6,95000,0,3108.5,2026-06,
북부,고양시,덕은동,공장,일반상업,집합,2024,소형(~500평),0,직거래,법인,법인,0,82.4,225113,0,2732.4,2026-06,
북부,고양시,향동동,공장,준주거,집합,2023,소형(~500평),0,직거래,법인,법인,0,45.9,63392,0,1380.5,2026-06,
북부,고양시,향동동,공장,준주거,집합,2023,소형(~500평),0,직거래,법인,법인,0,64.6,105451,0,1633.5,2026-06,
북부,고양시,사리현동,공장,계획관리,일반,2001,소형(~500평),81.0,중개거래,개인,개인,249.4,202.0,100000,400.9,494.9,2025-07,
북부,고양시,백석동,공장,준주거,집합,2000,소형(~500평),0,중개거래,법인,법인,0,53.6,53000,0,989.2,2026-02,
북부,고양시,백석동,공장,준주거,집합,1998,소형(~500평),0,중개거래,개인,법인,0,108.1,94500,0,874.3,2025-07,
북부,고양시,중산동,공장,제3종일반주거,집합,2012,소형(~500평),0,중개거래,법인,법인,0,64.5,64800,0,1004.3,2025-08,
북부,고양시,장항동,창고시설,계획관리,일반,,소형(~500평),39.8,중개거래,개인,개인,473.7,188.5,379200,800.5,2012.0,2025-08,
북부,고양시,백석동,공장,준주거,집합,,소형(~500평),0,중개거래,개인,법인,0,82.6,56000,0,678.1,2025-08,
북부,고양시,성석동,공장,계획관리,일반,,소형(~500평),47.4,중개거래,개인,개인,180.0,85.4,62630,348.0,733.5,2025-09,
북부,고양시,백석동,공장,준주거,집합,,소형(~500평),0,직거래,개인,법인,0,82.6,70000,0,847.6,2025-09,
북부,고양시,설문동,공장,농림,일반,,중형(500~2천평),42.4,직거래,개인,개인,918.7,389.3,105395,114.7,270.7,2025-09,
북부,고양시,백석동,공장,준주거,집합,,소형(~500평),0,중개거래,개인,법인,0,79.7,60000,0,752.6,2025-10,
북부,고양시,백석동,공장,준주거,집합,,소형(~500평),0,중개거래,개인,법인,0,82.6,62000,0,750.8,2025-10,
북부,고양시,성석동,창고시설,계획관리,일반,,중형(500~2천평),74.4,중개거래,개인,법인,1232.1,916.6,522924,424.4,570.5,2025-10,
북부,고양시,장항동,창고시설,계획관리,일반,,소형(~500평),47.6,중개거래,법인,법인,400.2,190.5,450000,1124.4,2362.6,2025-11,
북부,고양시,지영동,창고시설,계획관리,일반,2003,소형(~500평),131.2,중개거래,법인,법인,389.9,511.8,79537,204.0,155.4,2025-11,
북부,고양시,지영동,창고시설,계획관리,일반,2003,소형(~500평),59.0,중개거래,법인,법인,389.9,229.9,35731,91.6,155.4,2025-11,
북부,고양시,지영동,창고시설,계획관리,일반,2008,소형(~500평),11.0,중개거래,법인,법인,389.9,42.9,8233,21.1,191.7,2025-11,
북부,고양시,백석동,공장,준주거,집합,,소형(~500평),0,중개거래,개인,법인,0,78.2,60000,0,767.2,2025-12,
북부,고양시,백석동,공장,준주거,집합,2000,소형(~500평),0,중개거래,법인,법인,0,104.7,103000,0,983.5,2026-01,
북부,고양시,백석동,공장,준주거,집합,2000,소형(~500평),0,중개거래,법인,법인,0,53.6,51500,0,961.2,2026-01,
북부,고양시,백석동,공장,준주거,집합,1998,소형(~500평),0,중개거래,개인,개인,0,82.6,67300,0,814.9,2026-02,
북부,고양시,성석동,공장,계획관리,일반,,소형(~500평),31.4,중개거래,법인,법인,469.5,147.6,216000,460.1,1463.0,2026-03,
북부,고양시,백석동,공장,준주거,집합,2000,소형(~500평),0,중개거래,개인,법인,0,55.4,63000,0,1137.3,2026-03,
북부,고양시,백석동,공장,준주거,집합,2000,소형(~500평),0,중개거래,개인,법인,0,52.7,59500,0,1129.3,2026-03,
북부,고양시,백석동,공장,준주거,집합,2000,소형(~500평),0,중개거래,법인,법인,0,52.7,59000,0,1119.8,2026-03,
북부,고양시,성석동,공장,계획관리,일반,,소형(~500평),79.9,직거래,개인,법인,222.9,178.2,135960,609.8,763.0,2026-03,
북부,고양시,백석동,공장,준주거,집합,2000,소형(~500평),0,중개거래,법인,법인,0,38.8,40500,0,1044.3,2026-03,
북부,고양시,백석동,공장,준주거,집합,2000,소형(~500평),0,직거래,법인,법인,0,110.1,135500,0,1230.8,2026-04,
북부,고양시,중산동,공장,제3종일반주거,집합,2012,소형(~500평),0,중개거래,개인,개인,0,30.4,30500,0,1002.1,2026-04,
북부,고양시,백석동,공장,준주거,집합,1998,소형(~500평),0,중개거래,법인,법인,0,82.6,69000,0,835.5,2026-04,
북부,고양시,백석동,공장,준주거,집합,,소형(~500평),0,중개거래,개인,법인,0,162.9,178500,0,1096.1,2026-05,
북부,고양시,백석동,공장,준주거,집합,2000,소형(~500평),0,중개거래,개인,개인,0,7.1,3000,0,424.0,2026-05,
북부,고양시,백석동,공장,준주거,집합,1998,소형(~500평),0,중개거래,법인,개인,0,82.6,65500,0,793.1,2026-05,
북부,고양시,백석동,공장,준주거,집합,1998,소형(~500평),0,중개거래,개인,개인,0,78.0,65000,0,833.0,2026-06,
북부,고양시,구산동,창고시설,농림,일반,2003,소형(~500평),45.0,중개거래,개인,개인,133.1,59.9,22000,165.3,367.3,2025-08,
북부,고양시,구산동,창고시설,농림,일반,2008,소형(~500평),19.9,중개거래,개인,개인,100.1,20.0,29000,289.6,1452.5,2025-08,
북부,고양시,가좌동,공장,계획관리,일반,2001,소형(~500평),70.5,중개거래,법인,법인,338.5,238.8,208783,616.8,874.5,2025-10,
북부,고양시,가좌동,창고시설,계획관리,일반,2002,소형(~500평),79.6,중개거래,법인,법인,218.4,173.9,147552,675.6,848.3,2025-10,
북부,고양시,법곳동,창고시설,농림,일반,2009,소형(~500평),19.9,직거래,개인,개인,275.3,54.8,70000,254.3,1277.3,2025-10,
북부,고양시,가좌동,공장,계획관리,일반,2005,소형(~500평),94.9,직거래,개인,개인,292.5,277.6,155000,529.9,558.3,2025-11,
북부,고양시,구산동,공장,계획관리,일반,2014,소형(~500평),97.7,중개거래,개인,법인,407.8,398.3,290000,711.2,728.1,2026-02,
북부,고양시,구산동,창고시설,계획관리,일반,1992,소형(~500평),38.7,중개거래,개인,법인,360.6,139.4,150000,416.0,1076.1,2026-04,
북부,고양시,구산동,창고시설,계획관리,일반,2001,소형(~500평),59.7,중개거래,개인,개인,200.3,119.5,78800,393.5,659.1,2026-06,
남부,과천시,갈현동,공장,준주거,집합,2023,소형(~500평),0,중개거래,법인,법인,0,26.7,69000,0,2580.0,2025-09,
남부,과천시,갈현동,공장,준주거,집합,2022,소형(~500평),0,중개거래,개인,법인,0,33.3,94000,0,2824.9,2025-12,
남부,과천시,갈현동,공장,준주거,집합,2022,소형(~500평),0,중개거래,개인,법인,0,30.9,88000,0,2850.4,2025-12,
남부,과천시,갈현동,공장,준주거,집합,2022,소형(~500평),0,중개거래,개인,법인,0,65.1,186000,0,2856.2,2025-12,
남부,과천시,갈현동,공장,준주거,집합,2022,소형(~500평),0,중개거래,법인,개인,0,53.1,130000,0,2449.3,2025-12,
남부,과천시,갈현동,공장,준주거,집합,2022,소형(~500평),0,중개거래,법인,법인,0,109.0,300000,0,2753.4,2025-12,
남부,과천시,갈현동,공장,일반상업,집합,2022,소형(~500평),0,중개거래,법인,개인,0,109.0,307000,0,2817.7,2026-06,
북부,구리시,갈매동,공장,근린상업,집합,2018,소형(~500평),0,직거래,개인,법인,0,23.1,30400,0,1315.7,2025-08,
북부,구리시,갈매동,공장,준주거,집합,2022,소형(~500평),0,중개거래,개인,개인,0,20.9,27700,0,1328.5,2025-09,
북부,구리시,갈매동,공장,준주거,집합,2022,소형(~500평),0,중개거래,개인,개인,0,12.1,24000,0,1986.5,2025-09,
북부,구리시,갈매동,공장,준주거,집합,2023,소형(~500평),0,직거래,법인,개인,0,12.7,21070,0,1659.6,2025-09,
북부,구리시,갈매동,공장,준주거,집합,2023,소형(~500평),0,직거래,법인,개인,0,28.5,48230,0,1693.1,2025-09,
북부,구리시,갈매동,공장,준주거,집합,2022,소형(~500평),0,중개거래,개인,법인,0,31.5,22190,0,703.9,2025-10,
북부,구리시,갈매동,공장,준주거,집합,2022,소형(~500평),0,중개거래,개인,법인,0,24.0,16170,0,673.5,2025-10,
북부,구리시,갈매동,공장,준주거,집합,2022,소형(~500평),0,중개거래,개인,개인,0,5.3,9350,0,1766.2,2025-10,
북부,구리시,갈매동,공장,준주거,집합,2024,소형(~500평),0,직거래,개인,법인,0,18.0,32240,0,1794.6,2025-10,
북부,구리시,갈매동,공장,준주거,집합,2022,소형(~500평),0,중개거래,개인,개인,0,9.6,13000,0,1348.0,2025-10,
북부,구리시,갈매동,공장,준주거,집합,2022,소형(~500평),0,중개거래,개인,법인,0,27.2,38500,0,1413.0,2025-12,
북부,구리시,갈매동,공장,준주거,집합,2022,소형(~500평),0,중개거래,법인,개인,0,16.0,16000,0,1002.9,2026-01,
북부,구리시,갈매동,공장,준주거,집합,2022,소형(~500평),0,중개거래,법인,개인,0,10.5,11500,0,1098.4,2026-01,
북부,구리시,갈매동,공장,준주거,집합,2022,소형(~500평),0,중개거래,법인,개인,0,34.9,25000,0,717.1,2026-01,
북부,구리시,갈매동,공장,준주거,집합,2022,소형(~500평),0,중개거래,법인,개인,0,12.0,12500,0,1045.1,2026-01,
북부,구리시,갈매동,공장,준주거,집합,2022,소형(~500평),0,중개거래,법인,개인,0,5.3,8795,0,1661.4,2026-02,
북부,구리시,갈매동,공장,준주거,집합,2023,소형(~500평),0,직거래,법인,개인,0,11.5,17810,0,1543.7,2026-03,
북부,구리시,갈매동,공장,준주거,집합,2023,소형(~500평),0,직거래,법인,개인,0,11.5,18950,0,1642.5,2026-03,
북부,구리시,갈매동,공장,준주거,집합,2022,소형(~500평),0,중개거래,법인,법인,0,25.2,36400,0,1444.7,2026-03,
북부,구리시,갈매동,공장,준주거,집합,2022,소형(~500평),0,중개거래,법인,법인,0,36.1,52600,0,1456.0,2026-03,
북부,구리시,갈매동,공장,준주거,집합,2022,소형(~500평),0,중개거래,개인,개인,0,12.1,21700,0,1796.1,2026-03,
북부,구리시,갈매동,공장,준주거,집합,2024,소형(~500평),0,직거래,개인,개인,0,7.6,10000,0,1318.6,2026-04,
북부,구리시,갈매동,공장,준주거,집합,2022,소형(~500평),0,중개거래,개인,개인,0,5.3,8574,0,1619.6,2026-05,
북부,구리시,갈매동,공장,준주거,집합,2022,소형(~500평),0,중개거래,개인,개인,0,15.1,13000,0,860.5,2026-05,
북부,구리시,갈매동,공장,준주거,집합,2022,소형(~500평),0,중개거래,개인,개인,0,13.4,11000,0,821.4,2026-05,
북부,구리시,갈매동,공장,준주거,집합,2022,소형(~500평),0,중개거래,법인,법인,0,15.1,16750,0,1110.8,2026-05,
북부,구리시,갈매동,공장,준주거,집합,2022,소형(~500평),0,중개거래,법인,법인,0,13.5,14950,0,1110.3,2026-05,
북부,구리시,갈매동,공장,준주거,집합,2022,소형(~500평),0,중개거래,법인,법인,0,11.1,12300,0,1111.3,2026-05,
북부,구리시,갈매동,공장,준주거,집합,2022,소형(~500평),0,중개거래,개인,개인,0,9.7,10320,0,1065.8,2026-05,
북부,구리시,갈매동,공장,준주거,집합,2022,소형(~500평),0,중개거래,법인,개인,0,30.7,35498,0,1154.6,2026-05,
북부,구리시,갈매동,공장,준주거,집합,2022,소형(~500평),0,중개거래,법인,개인,0,40.6,46902,0,1154.4,2026-05,
북부,구리시,갈매동,공장,준주거,집합,2023,소형(~500평),0,중개거래,개인,개인,0,8.2,13913,0,1689.7,2026-06,
북부,남양주시,진건읍 진관리,공장,일반공업,일반,,소형(~500평),100.2,직거래,개인,법인,499.1,499.9,323000,647.1,646.1,2025-07,
북부,남양주시,진접읍 부평리,공장,계획관리,일반,2010,소형(~500평),24.4,중개거래,개인,개인,245.6,59.9,91000,370.5,1519.3,2025-07,
북부,남양주시,화도읍 녹촌리,공장,계획관리,일반,,중형(500~2천평),40.0,중개거래,개인,개인,868.5,347.1,397200,457.4,1144.4,2025-07,
북부,남양주시,다산동,공장,준주거,집합,2020,소형(~500평),0,중개거래,개인,개인,0,6.3,11000,0,1747.4,2025-07,
북부,남양주시,다산동,공장,준주거,집합,,소형(~500평),0,중개거래,개인,법인,0,16.6,18500,0,1117.2,2025-07,
북부,남양주시,다산동,공장,준주거,집합,,소형(~500평),0,중개거래,개인,법인,0,15.3,16500,0,1081.6,2026-03,
북부,남양주시,다산동,공장,준주거,집합,2020,소형(~500평),0,중개거래,개인,개인,0,6.3,12000,0,1906.3,2025-08,
북부,남양주시,별내동,공장,준주거,집합,2020,소형(~500평),0,중개거래,개인,법인,0,21.7,28000,0,1288.8,2026-02,
북부,남양주시,별내동,공장,준주거,집합,2021,소형(~500평),0,중개거래,법인,법인,0,5.1,8580,0,1689.3,2025-07,
북부,남양주시,수동면 입석리,창고시설,제1종일반주거,일반,2015,소형(~500평),35.4,중개거래,개인,개인,167.3,59.2,29700,177.5,501.6,2025-08,
북부,남양주시,별내동,공장,준주거,집합,2020,소형(~500평),0,중개거래,법인,법인,0,21.7,32000,0,1472.9,2025-08,
북부,남양주시,별내동,공장,준주거,집합,2020,소형(~500평),0,직거래,개인,법인,0,20.3,38000,0,1873.8,2025-08,
북부,남양주시,다산동,공장,준주거,집합,2022,소형(~500평),0,중개거래,개인,개인,0,6.9,11200,0,1612.6,2025-08,
북부,남양주시,별내동,공장,준주거,집합,2021,소형(~500평),0,중개거래,개인,개인,0,5.1,7500,0,1476.7,2025-12,
북부,남양주시,진접읍 부평리,공장,계획관리,일반,2008,중형(500~2천평),34.8,중개거래,개인,개인,636.2,221.4,234118,368.0,1057.3,2025-08,
북부,남양주시,화도읍 녹촌리,공장,농림,일반,2022,소형(~500평),30.2,직거래,개인,법인,492.5,148.6,150000,304.6,1009.1,2025-08,
북부,남양주시,화도읍 녹촌리,공장,농림,일반,2022,소형(~500평),59.9,직거래,개인,법인,492.5,295.2,210000,426.4,711.4,2025-08,
북부,남양주시,다산동,공장,준주거,집합,,소형(~500평),0,중개거래,법인,법인,0,15.3,14500,0,950.5,2025-09,
북부,남양주시,다산동,공장,준주거,집합,,소형(~500평),0,중개거래,법인,법인,0,16.6,15500,0,936.1,2025-09,
북부,남양주시,화도읍 녹촌리,공장,계획관리,일반,2001,중형(500~2천평),23.7,직거래,개인,법인,1015.2,240.3,351900,346.6,1464.5,2025-09,
북부,남양주시,다산동,공장,준주거,집합,,소형(~500평),0,중개거래,개인,법인,0,15.3,14000,0,917.7,2025-09,
북부,남양주시,화도읍 창현리,공장,계획관리,일반,2019,소형(~500평),40.7,중개거래,법인,법인,435.9,177.3,168000,385.4,947.6,2025-09,
북부,남양주시,다산동,공장,준주거,집합,2022,소형(~500평),0,중개거래,개인,개인,0,12.7,16395,0,1296.0,2025-09,
북부,남양주시,다산동,공장,준주거,집합,2022,소형(~500평),0,중개거래,개인,개인,0,11.9,15300,0,1287.3,2025-09,
북부,남양주시,다산동,공장,준주거,집합,2023,소형(~500평),0,직거래,개인,개인,0,14.7,27900,0,1903.2,2025-09,
북부,남양주시,다산동,공장,준주거,집합,2023,소형(~500평),0,직거래,개인,개인,0,14.7,28800,0,1964.6,2025-09,
북부,남양주시,다산동,공장,준주거,집합,2023,소형(~500평),0,직거래,개인,개인,0,16.4,34200,0,2085.2,2025-09,
북부,남양주시,별내동,공장,준주거,집합,2020,소형(~500평),0,중개거래,개인,법인,0,23.0,33500,0,1456.8,2025-09,
북부,남양주시,별내동,공장,준주거,집합,2020,소형(~500평),0,중개거래,개인,법인,0,23.3,27500,0,1179.7,2025-10,
북부,남양주시,별내동,공장,준주거,집합,2020,소형(~500평),0,중개거래,개인,법인,0,21.7,25500,0,1173.7,2025-10,
북부,남양주시,다산동,공장,준주거,집합,,소형(~500평),0,중개거래,개인,개인,0,31.3,37000,0,1181.3,2025-10,
북부,남양주시,다산동,공장,준주거,집합,2020,소형(~500평),0,중개거래,개인,법인,0,6.3,9000,0,1429.7,2026-05,
북부,남양주시,진건읍 진관리,공장,일반공업,일반,,중형(500~2천평),128.0,중개거래,개인,법인,606.2,775.9,680000,1121.7,876.4,2025-10,
북부,남양주시,다산동,공장,준주거,집합,2019,소형(~500평),0,중개거래,개인,개인,0,6.3,8600,0,1366.2,2026-05,
북부,남양주시,별내동,공장,준주거,집합,2021,소형(~500평),0,중개거래,개인,법인,0,14.1,18220,0,1295.9,2025-10,
북부,남양주시,다산동,공장,준주거,집합,2022,소형(~500평),0,중개거래,개인,개인,0,8.3,12500,0,1502.6,2025-10,
북부,남양주시,별내동,공장,준주거,집합,2021,소형(~500평),0,중개거래,개인,개인,0,12.0,12800,0,1066.1,2025-10,
북부,남양주시,진건읍 송능리,공장,계획관리,일반,2023,중형(500~2천평),22.7,직거래,법인,법인,1243.9,282.8,498500,400.8,1762.5,2025-10,
북부,남양주시,다산동,공장,준주거,집합,2019,소형(~500평),0,중개거래,개인,개인,0,6.3,10300,0,1636.2,2025-11,
북부,남양주시,오남읍 양지리,공장,계획관리,일반,1999,소형(~500평),62.0,중개거래,개인,법인,370.6,229.7,230000,620.7,1001.2,2025-11,
북부,남양주시,수동면 입석리,창고시설,계획관리,일반,1999,소형(~500평),39.6,중개거래,개인,법인,265.0,104.9,83050,313.4,791.6,2025-11,
북부,남양주시,별내동,공장,준주거,집합,2021,소형(~500평),0,직거래,법인,법인,0,16.5,21000,0,1271.5,2025-11,
북부,남양주시,별내동,공장,준주거,집합,2020,소형(~500평),0,중개거래,개인,개인,0,5.4,6000,0,1107.5,2025-11,
북부,남양주시,진접읍 내곡리,창고시설,개발제한구역,일반,2025,중형(500~2천평),55.1,중개거래,개인,법인,793.2,437.2,473800,597.4,1083.6,2025-11,
북부,남양주시,별내동,창고시설,개발제한구역,일반,2002,소형(~500평),10.5,중개거래,개인,개인,281.6,29.6,75800,269.1,2556.9,2025-11,
북부,남양주시,별내동,공장,준주거,집합,2021,소형(~500평),0,직거래,개인,개인,0,10.5,16500,0,1565.6,2025-11,
북부,남양주시,다산동,공장,준주거,집합,,소형(~500평),0,직거래,개인,개인,0,12.7,16846,0,1331.6,2025-11,
북부,남양주시,다산동,공장,준주거,집합,2020,소형(~500평),0,중개거래,개인,개인,0,6.3,8900,0,1413.8,2025-12,
북부,남양주시,화도읍 차산리,창고시설,계획관리,일반,2017,소형(~500평),96.8,직거래,개인,개인,222.0,214.9,135500,610.3,630.6,2025-12,
북부,남양주시,다산동,공장,준주거,집합,2022,소형(~500평),0,중개거래,개인,법인,0,12.7,23000,0,1818.1,2025-12,
북부,남양주시,다산동,공장,준주거,집합,2022,소형(~500평),0,직거래,법인,개인,0,16.7,29390,0,1762.3,2025-12,
북부,남양주시,별내동,공장,준주거,집합,2020,소형(~500평),0,중개거래,개인,법인,0,21.7,31000,0,1426.9,2025-12,
북부,남양주시,다산동,공장,준주거,집합,2022,소형(~500평),0,중개거래,개인,개인,0,8.3,11981,0,1440.2,2025-12,
북부,남양주시,다산동,공장,준주거,집합,2022,소형(~500평),0,중개거래,개인,개인,0,18.7,15000,0,802.0,2025-12,
북부,남양주시,별내동,공장,준주거,집합,2024,소형(~500평),0,직거래,개인,개인,0,7.0,17053,0,2440.4,2025-12,
북부,남양주시,진접읍 진벌리,공장,계획관리,일반,2026,중형(500~2천평),10.9,중개거래,법인,개인,550.6,59.9,192000,348.7,3205.6,2026-01,
북부,남양주시,별내동,공장,준주거,집합,2021,소형(~500평),0,직거래,개인,개인,0,12.5,14600,0,1172.6,2026-01,
북부,남양주시,다산동,공장,준주거,집합,2022,소형(~500평),0,중개거래,개인,개인,0,14.3,16000,0,1116.1,2026-01,
북부,남양주시,다산동,공장,준주거,집합,,소형(~500평),0,중개거래,개인,개인,0,11.7,9500,0,811.9,2026-01,
북부,남양주시,다산동,공장,준주거,집합,,소형(~500평),0,중개거래,개인,법인,0,19.2,21000,0,1092.4,2026-01,
북부,남양주시,다산동,공장,준주거,집합,2022,소형(~500평),0,중개거래,개인,법인,0,16.2,16000,0,989.4,2026-01,
북부,남양주시,다산동,공장,준주거,집합,,소형(~500평),0,중개거래,개인,개인,0,8.3,12302,0,1478.8,2026-01,
북부,남양주시,별내동,공장,준주거,집합,,소형(~500평),0,중개거래,개인,법인,0,15.3,20340,0,1331.2,2026-01,
북부,남양주시,별내동,공장,준주거,집합,,소형(~500평),0,직거래,개인,법인,0,20.2,33000,0,1633.6,2026-01,
북부,남양주시,별내동,공장,준주거,집합,2021,소형(~500평),0,중개거래,개인,개인,0,13.5,16500,0,1218.3,2026-02,
북부,남양주시,별내동,공장,준주거,집합,2021,소형(~500평),0,중개거래,개인,개인,0,13.0,15500,0,1195.0,2026-02,
북부,남양주시,별내동,공장,준주거,집합,2020,소형(~500평),0,중개거래,법인,법인,0,21.6,20000,0,926.0,2026-02,
북부,남양주시,별내동,공장,준주거,집합,2020,소형(~500평),0,중개거래,법인,법인,0,22.6,21000,0,928.1,2026-02,
북부,남양주시,다산동,공장,준주거,집합,,소형(~500평),0,중개거래,개인,개인,0,20.3,13800,0,680.0,2026-03,
북부,남양주시,다산동,공장,준주거,집합,,소형(~500평),0,중개거래,개인,법인,0,10.4,9000,0,863.9,2026-03,
북부,남양주시,별내동,공장,준주거,집합,2021,소형(~500평),0,중개거래,개인,법인,0,10.5,19500,0,1850.3,2026-03,
북부,남양주시,별내동,공장,준주거,집합,2020,소형(~500평),0,중개거래,법인,법인,0,37.2,37000,0,993.5,2026-04,
북부,남양주시,별내동,공장,준주거,집합,2020,소형(~500평),0,중개거래,법인,법인,0,29.0,30000,0,1035.6,2026-04,
북부,남양주시,별내동,공장,준주거,집합,2020,소형(~500평),0,중개거래,법인,법인,0,30.0,31000,0,1033.3,2026-04,
북부,남양주시,다산동,공장,준주거,집합,2023,소형(~500평),0,직거래,개인,개인,0,11.2,14735,0,1310.5,2026-04,
북부,남양주시,별내동,공장,준주거,집합,2020,소형(~500평),0,중개거래,개인,법인,0,7.3,6100,0,835.0,2026-04,
북부,남양주시,다산동,공장,준주거,집합,2022,소형(~500평),0,중개거래,개인,개인,0,6.0,8500,0,1422.0,2026-04,
북부,남양주시,화도읍 마석우리,창고시설,제1종일반주거,일반,2008,소형(~500평),32.3,직거래,개인,기타,264.4,85.3,348360,1317.6,4083.7,2026-04,
북부,남양주시,별내동,공장,준주거,집합,2024,소형(~500평),0,직거래,개인,법인,0,13.4,40000,0,2981.5,2026-04,
북부,남양주시,다산동,공장,준주거,집합,2022,소형(~500평),0,중개거래,개인,개인,0,8.3,15465,0,1859.1,2026-04,
북부,남양주시,진건읍 진관리,공장,일반공업,일반,2013,소형(~500평),98.0,중개거래,법인,개인,499.1,489.1,536000,1073.9,1095.8,2026-04,
북부,남양주시,다산동,공장,준주거,집합,2019,소형(~500평),0,직거래,개인,개인,0,6.3,9900,0,1572.7,2026-05,
북부,남양주시,별내동,공장,준주거,집합,2021,소형(~500평),0,중개거래,법인,기타,0,18.3,16000,0,874.3,2026-05,
북부,남양주시,별내동,공장,준주거,집합,2021,소형(~500평),0,중개거래,법인,기타,0,15.3,13500,0,883.5,2026-05,
북부,남양주시,별내동,공장,준주거,집합,2021,소형(~500평),0,중개거래,법인,기타,0,16.8,14000,0,833.9,2026-05,
북부,남양주시,별내동,공장,준주거,집합,2021,소형(~500평),0,중개거래,법인,기타,0,14.8,12000,0,812.2,2026-05,
북부,남양주시,별내동,공장,준주거,집합,2021,소형(~500평),0,중개거래,법인,법인,0,16.8,14700,0,875.6,2026-05,
북부,남양주시,다산동,공장,준주거,집합,2022,소형(~500평),0,중개거래,개인,개인,0,16.3,20000,0,1227.3,2026-05,
북부,남양주시,별내동,공장,준주거,집합,2021,소형(~500평),0,중개거래,개인,개인,0,15.4,16000,0,1042.0,2026-05,
북부,남양주시,다산동,공장,준주거,집합,2022,소형(~500평),0,중개거래,개인,법인,0,16.9,22000,0,1305.0,2026-05,
북부,남양주시,다산동,공장,준주거,집합,2022,소형(~500평),0,중개거래,개인,개인,0,6.0,10000,0,1673.0,2026-05,
북부,남양주시,다산동,공장,준주거,집합,2023,소형(~500평),0,중개거래,개인,개인,0,9.2,14000,0,1528.9,2026-06,
북부,남양주시,다산동,공장,준주거,집합,,소형(~500평),0,중개거래,개인,법인,0,20.3,22200,0,1091.4,2026-06,
북부,남양주시,다산동,공장,준주거,집합,2022,소형(~500평),0,중개거래,개인,법인,0,15.4,19500,0,1263.2,2026-06,
북부,남양주시,다산동,공장,준주거,집합,2022,소형(~500평),0,직거래,개인,법인,0,20.3,28900,0,1420.8,2026-06,
북부,남양주시,다산동,공장,준주거,집합,2022,소형(~500평),0,중개거래,개인,법인,0,8.3,10200,0,1226.1,2026-06,
남부,오산시,세교동,공장,준주거,집합,2021,소형(~500평),0,중개거래,개인,개인,0,10.8,15000,0,1391.7,2025-08,
남부,오산시,가수동,공장,일반공업,집합,2023,소형(~500평),0,직거래,법인,개인,0,18.8,20657,0,1098.6,2025-08,
남부,오산시,세교동,공장,준주거,집합,2021,소형(~500평),0,중개거래,법인,법인,0,35.8,48000,0,1340.1,2025-08,
남부,오산시,세교동,공장,준주거,집합,2021,소형(~500평),0,직거래,개인,법인,0,26.9,40000,0,1489.1,2025-08,
남부,오산시,가수동,공장,일반공업,집합,2023,소형(~500평),0,중개거래,개인,개인,0,14.3,16500,0,1154.4,2025-08,
남부,오산시,가수동,공장,일반공업,집합,2023,소형(~500평),0,중개거래,개인,개인,0,15.3,18000,0,1174.6,2025-08,
남부,오산시,가수동,공장,일반공업,집합,2023,소형(~500평),0,중개거래,개인,개인,0,14.0,15500,0,1104.1,2025-08,
남부,오산시,세교동,공장,준주거,집합,,소형(~500평),0,중개거래,개인,법인,0,12.9,18500,0,1431.2,2025-08,
남부,오산시,세교동,공장,준주거,집합,,소형(~500평),0,중개거래,개인,법인,0,14.0,19500,0,1395.3,2025-08,
남부,오산시,세교동,공장,준주거,집합,,소형(~500평),0,중개거래,개인,법인,0,44.5,53000,0,1191.5,2025-09,
남부,오산시,지곶동,공장,자연녹지,일반,,중형(500~2천평),83.5,중개거래,법인,법인,988.9,825.8,498810,504.4,604.1,2025-10,
남부,오산시,가수동,공장,일반공업,집합,2023,소형(~500평),0,직거래,개인,법인,0,36.2,46200,0,1275.5,2025-11,
남부,오산시,가수동,공장,일반공업,집합,2023,소형(~500평),0,중개거래,개인,개인,0,14.3,11000,0,769.6,2026-01,
남부,오산시,가수동,공장,일반공업,집합,2023,소형(~500평),0,직거래,법인,법인,0,31.8,32241,0,1013.7,2026-02,
남부,오산시,가수동,공장,일반공업,집합,2023,소형(~500평),0,직거래,법인,법인,0,23.0,23520,0,1024.8,2026-02,
남부,오산시,가수동,공장,일반공업,집합,2023,소형(~500평),0,직거래,법인,법인,0,14.5,13874,0,953.7,2026-02,
남부,오산시,가수동,공장,일반공업,집합,2023,소형(~500평),0,직거래,법인,법인,0,38.5,40433,0,1050.9,2026-02,
남부,오산시,가수동,공장,일반공업,집합,2023,소형(~500평),0,직거래,법인,법인,0,27.1,26691,0,984.9,2026-02,
남부,오산시,가수동,공장,일반공업,집합,2023,소형(~500평),0,직거래,법인,법인,0,27.1,28541,0,1053.1,2026-02,
남부,오산시,가수동,공장,일반공업,집합,2023,소형(~500평),0,직거래,법인,법인,0,15.5,38681,0,2495.5,2026-03,
남부,오산시,가수동,공장,일반공업,집합,2023,소형(~500평),0,직거래,법인,법인,0,15.5,146273,0,9436.9,2026-03,
남부,오산시,가수동,공장,일반공업,집합,2023,소형(~500평),0,직거래,법인,개인,0,18.7,18763,0,1001.7,2026-03,
남부,오산시,가수동,공장,일반공업,집합,2023,소형(~500평),0,중개거래,개인,법인,0,5.5,11948,0,2171.4,2026-04,
남부,오산시,가수동,공장,일반공업,집합,2023,소형(~500평),0,중개거래,개인,법인,0,5.5,11890,0,2160.8,2026-04,
남부,오산시,세교동,공장,일반상업,집합,2025,소형(~500평),0,중개거래,개인,개인,0,14.7,15633,0,1061.4,2026-05,
남부,오산시,가수동,공장,일반공업,집합,2023,소형(~500평),0,직거래,개인,개인,0,29.7,30000,0,1010.3,2026-05,
남부,오산시,양산동,공장,제2종일반주거,일반,,중형(500~2천평),39.9,직거래,법인,법인,640.7,255.7,930544,1452.4,3639.6,2026-05,
남부,오산시,양산동,창고시설,제2종일반주거,일반,2002,소형(~500평),15.0,직거래,기타,법인,150.3,22.6,225520,1500.0,10000.3,2026-05,
남부,오산시,세교동,창고시설,자연녹지,일반,2009,소형(~500평),71.7,중개거래,개인,법인,113.4,81.4,62500,551.0,768.0,2026-06,
남부,오산시,가수동,공장,일반공업,집합,2023,소형(~500평),0,중개거래,개인,개인,0,5.5,8500,0,1544.8,2026-06,
남부,시흥시,정왕동,공장,일반공업,일반,2000,중형(500~2천평),60.2,중개거래,개인,법인,502.1,302.4,375000,746.9,1240.2,2025-07,
남부,시흥시,정왕동,공장,일반공업,일반,2007,소형(~500평),60.5,중개거래,법인,법인,246.9,149.4,200000,810.1,1338.4,2025-07,
남부,시흥시,정왕동,공장,일반공업,일반,2002,중형(500~2천평),76.6,중개거래,법인,법인,500.8,383.4,445000,888.5,1160.6,2025-07,
남부,시흥시,정왕동,공장,일반공업,일반,,대형(2천평~),74.5,중개거래,법인,법인,2224.5,1657.8,1850000,831.7,1115.9,2025-07,
남부,시흥시,정왕동,공장,일반공업,일반,2002,중형(500~2천평),61.8,중개거래,개인,법인,502.2,310.3,348000,693.0,1121.7,2025-07,
남부,시흥시,정왕동,공장,일반공업,일반,2016,중형(500~2천평),151.7,중개거래,법인,법인,508.9,772.1,580000,1139.7,751.2,2025-07,
남부,시흥시,도창동,공장,일반공업,일반,2020,소형(~500평),114.9,직거래,개인,법인,422.1,485.2,387600,918.2,798.9,2025-07,
남부,시흥시,신천동,공장,일반공업,집합,2004,소형(~500평),0,직거래,개인,개인,0,80.2,35000,0,436.5,2025-08,
남부,시흥시,광석동,공장,준주거,집합,2023,소형(~500평),0,직거래,법인,개인,0,11.0,16829,0,1531.3,2025-08,
남부,시흥시,정왕동,공장,준공업,집합,2014,소형(~500평),0,중개거래,법인,개인,0,144.8,171652,0,1185.1,2025-08,
남부,시흥시,정왕동,공장,준공업,집합,2014,소형(~500평),0,중개거래,법인,개인,0,15.5,18348,0,1185.1,2025-08,
남부,시흥시,배곧동,공장,준주거,집합,2019,소형(~500평),0,중개거래,개인,개인,0,44.1,35000,0,793.1,2025-08,
남부,시흥시,정왕동,공장,일반공업,일반,2001,중형(500~2천평),109.1,중개거래,법인,법인,900.0,982.1,747000,830.0,760.6,2025-08,
남부,시흥시,정왕동,공장,일반공업,일반,,중형(500~2천평),120.2,중개거래,법인,법인,615.7,740.3,498000,808.8,672.7,2025-08,
남부,시흥시,정왕동,공장,일반공업,일반,1995,중형(500~2천평),53.3,중개거래,개인,법인,500.2,266.6,336000,671.8,1260.4,2025-08,
남부,시흥시,정왕동,공장,일반공업,집합,2018,소형(~500평),0,중개거래,법인,개인,0,79.6,72000,0,904.1,2025-08,
남부,시흥시,정왕동,공장,일반공업,집합,2018,소형(~500평),0,중개거래,개인,법인,0,37.7,30000,0,795.3,2025-08,
남부,시흥시,정왕동,공장,일반공업,집합,2018,소형(~500평),0,중개거래,개인,개인,0,42.1,36000,0,854.2,2025-08,
남부,시흥시,매화동,공장,일반공업,집합,2021,소형(~500평),0,중개거래,법인,개인,0,38.0,43000,0,1132.3,2025-08,
남부,시흥시,도창동,공장,일반공업,일반,,소형(~500평),82.2,중개거래,법인,법인,438.6,360.7,640000,1459.2,1774.1,2025-08,
남부,시흥시,정왕동,공장,일반공업,일반,2020,중형(500~2천평),187.6,중개거래,법인,법인,511.1,959.0,508000,994.0,529.7,2025-08,
남부,시흥시,신천동,공장,일반공업,집합,,소형(~500평),0,중개거래,개인,개인,0,9.8,11000,0,1125.5,2025-08,
남부,시흥시,배곧동,공장,준주거,집합,2019,소형(~500평),0,중개거래,법인,개인,0,36.3,38000,0,1046.3,2025-08,
남부,시흥시,정왕동,공장,일반공업,일반,,대형(2천평~),13.4,중개거래,법인,법인,2960.6,397.5,1924000,649.9,4840.4,2025-08,
남부,시흥시,정왕동,공장,일반공업,일반,2000,중형(500~2천평),48.0,중개거래,법인,개인,605.0,290.1,520000,859.5,1792.4,2025-09,
남부,시흥시,정왕동,공장,일반공업,일반,,중형(500~2천평),74.2,중개거래,법인,개인,502.1,372.8,350000,697.1,939.0,2025-09,
남부,시흥시,매화동,공장,일반공업,집합,2021,소형(~500평),0,중개거래,법인,법인,0,196.7,202555,0,1029.7,2025-09,
남부,시흥시,매화동,공장,일반공업,집합,2021,소형(~500평),0,중개거래,법인,법인,0,206.6,196180,0,949.7,2025-09,
남부,시흥시,매화동,공장,일반공업,집합,2021,소형(~500평),0,중개거래,법인,법인,0,37.5,37315,0,996.0,2025-09,
남부,시흥시,매화동,공장,일반공업,집합,2021,소형(~500평),0,중개거래,법인,법인,0,21.1,21590,0,1025.5,2025-09,
남부,시흥시,정왕동,공장,일반공업,일반,1997,중형(500~2천평),24.8,중개거래,개인,법인,550.9,136.4,431740,783.7,3165.7,2025-09,
남부,시흥시,능곡동,공장,준주거,집합,2024,소형(~500평),0,직거래,법인,법인,0,11.2,24564,0,2197.1,2025-09,
남부,시흥시,능곡동,공장,준주거,집합,2024,소형(~500평),0,직거래,법인,법인,0,9.9,22489,0,2263.1,2025-09,
남부,시흥시,정왕동,공장,일반공업,일반,2001,중형(500~2천평),52.3,중개거래,법인,법인,991.5,518.2,664000,669.7,1281.3,2025-09,
남부,시흥시,정왕동,공장,준공업,일반,2008,소형(~500평),64.5,중개거래,개인,개인,181.5,117.1,155000,854.0,1324.0,2025-09,
남부,시흥시,능곡동,공장,준주거,집합,2024,소형(~500평),0,직거래,법인,법인,0,27.3,65220,0,2392.9,2025-09,
남부,시흥시,정왕동,공장,일반공업,일반,1996,소형(~500평),81.0,중개거래,개인,법인,300.0,243.0,203000,676.6,835.4,2025-09,
남부,시흥시,능곡동,공장,준주거,집합,2024,소형(~500평),0,직거래,법인,법인,0,10.0,22887,0,2287.2,2025-09,
남부,시흥시,정왕동,공장,준공업,집합,2014,소형(~500평),0,중개거래,법인,법인,0,150.0,155000,0,1033.3,2025-09,
남부,시흥시,정왕동,공장,준공업,집합,2014,소형(~500평),0,중개거래,법인,법인,0,128.8,55000,0,427.1,2025-09,
남부,시흥시,정왕동,공장,일반공업,집합,2003,소형(~500평),0,중개거래,개인,개인,0,36.3,17800,0,490.4,2025-09,
남부,시흥시,정왕동,공장,일반공업,일반,2002,중형(500~2천평),75.4,중개거래,개인,개인,521.3,393.0,375000,719.4,954.2,2025-10,
남부,시흥시,광석동,공장,준주거,집합,2023,소형(~500평),0,직거래,법인,개인,0,22.1,34982,0,1583.5,2025-10,
남부,시흥시,정왕동,공장,일반공업,집합,,소형(~500평),0,직거래,개인,법인,0,36.3,19800,0,545.5,2025-10,
남부,시흥시,배곧동,공장,준주거,집합,2019,소형(~500평),0,중개거래,개인,개인,0,12.6,12000,0,950.6,2026-02,
남부,시흥시,정왕동,공장,일반공업,집합,,소형(~500평),0,중개거래,개인,법인,0,34.5,25000,0,725.6,2025-10,
남부,시흥시,배곧동,공장,준주거,집합,2020,소형(~500평),0,직거래,개인,법인,0,30.4,34000,0,1118.8,2025-10,
남부,시흥시,정왕동,공장,일반공업,일반,2015,중형(500~2천평),70.2,중개거래,법인,개인,638.1,448.2,521800,817.8,1164.2,2025-10,
남부,시흥시,정왕동,공장,일반공업,집합,2003,소형(~500평),0,중개거래,개인,개인,0,21.2,27700,0,1308.1,2025-11,
남부,시흥시,정왕동,공장,일반공업,일반,2007,소형(~500평),142.4,직거래,개인,법인,160.6,228.7,162500,1011.7,710.6,2025-11,
남부,시흥시,대야동,공장,제3종일반주거,일반,1988,소형(~500평),164.7,직거래,개인,법인,151.3,249.2,183200,1211.2,735.3,2025-11,
남부,시흥시,정왕동,공장,일반공업,일반,2022,중형(500~2천평),65.1,중개거래,법인,법인,565.7,368.3,485000,857.3,1317.0,2025-11,
남부,시흥시,정왕동,공장,일반공업,일반,,중형(500~2천평),75.1,중개거래,법인,법인,505.4,379.8,448000,886.3,1179.6,2025-11,
남부,시흥시,배곧동,공장,준주거,집합,2020,소형(~500평),0,직거래,법인,법인,0,40.8,42500,0,1040.7,2025-11,
남부,시흥시,정왕동,공장,일반공업,일반,2004,중형(500~2천평),76.0,중개거래,개인,개인,685.0,520.7,515000,751.9,989.0,2025-11,
남부,시흥시,조남동,공장,준주거,집합,2021,소형(~500평),0,중개거래,개인,개인,0,30.5,33000,0,1082.3,2025-11,
남부,시흥시,정왕동,창고시설,준공업,집합,2018,소형(~500평),0,중개거래,개인,법인,0,43.9,61500,0,1400.4,2025-11,
남부,시흥시,정왕동,공장,일반공업,일반,2018,대형(2천평~),133.2,중개거래,법인,법인,3052.4,4064.8,2600000,851.8,639.6,2025-11,
남부,시흥시,정왕동,공장,일반공업,집합,2018,소형(~500평),0,직거래,법인,법인,0,9.4,7000,0,748.6,2025-11,
남부,시흥시,능곡동,공장,준주거,집합,2024,소형(~500평),0,직거래,법인,법인,0,9.9,22726,0,2287.0,2025-12,
남부,시흥시,능곡동,공장,준주거,집합,2024,소형(~500평),0,직거래,법인,법인,0,11.3,25843,0,2287.3,2025-12,
남부,시흥시,정왕동,공장,일반공업,집합,2018,소형(~500평),0,직거래,개인,법인,0,39.9,35500,0,889.4,2025-12,
남부,시흥시,정왕동,공장,일반공업,집합,2018,소형(~500평),0,직거래,개인,법인,0,37.7,34800,0,922.5,2025-12,
남부,시흥시,정왕동,공장,일반공업,집합,2018,소형(~500평),0,중개거래,법인,법인,0,9.8,8083,0,825.0,2025-12,
남부,시흥시,정왕동,공장,일반공업,집합,2018,소형(~500평),0,중개거래,법인,법인,0,9.4,7714,0,825.0,2025-12,
남부,시흥시,매화동,공장,일반공업,집합,2021,소형(~500평),0,중개거래,법인,법인,0,33.8,38000,0,1124.2,2025-12,
남부,시흥시,정왕동,공장,준공업,집합,2015,소형(~500평),0,중개거래,법인,법인,0,164.4,215833,0,1313.0,2025-12,
남부,시흥시,정왕동,공장,준공업,집합,2015,소형(~500평),0,중개거래,법인,법인,0,33.9,43167,0,1273.0,2025-12,
남부,시흥시,정왕동,공장,준공업,일반,2015,소형(~500평),78.0,중개거래,법인,개인,150.0,117.1,143000,953.3,1221.5,2025-12,
남부,시흥시,매화동,공장,일반공업,집합,2023,소형(~500평),0,중개거래,개인,개인,0,36.3,41000,0,1128.3,2025-12,
남부,시흥시,정왕동,공장,일반공업,일반,2015,중형(500~2천평),149.7,중개거래,개인,법인,565.9,847.5,600000,1060.2,708.0,2025-12,
남부,시흥시,정왕동,공장,일반공업,일반,2006,소형(~500평),80.7,중개거래,개인,법인,171.4,138.2,140000,816.9,1012.9,2025-12,
남부,시흥시,정왕동,공장,일반공업,집합,2005,소형(~500평),0,직거래,개인,개인,0,44.6,25000,0,559.9,2025-12,
남부,시흥시,광석동,공장,준주거,집합,2023,소형(~500평),0,중개거래,개인,법인,0,11.2,13000,0,1162.7,2025-12,
남부,시흥시,정왕동,공장,준공업,집합,2015,소형(~500평),0,중개거래,법인,개인,0,190.5,235800,0,1237.6,2025-12,
남부,시흥시,정왕동,공장,준공업,집합,2015,소형(~500평),0,중개거래,법인,개인,0,21.5,26200,0,1219.4,2025-12,
남부,시흥시,정왕동,공장,준공업,집합,2015,소형(~500평),0,중개거래,개인,법인,0,108.9,182000,0,1671.3,2026-01,
남부,시흥시,정왕동,공장,준공업,집합,2015,소형(~500평),0,중개거래,개인,법인,0,11.1,3000,0,269.3,2026-01,
남부,시흥시,정왕동,공장,일반공업,일반,2000,중형(500~2천평),91.9,중개거래,법인,법인,1193.7,1097.0,835000,699.5,761.2,2026-01,
남부,시흥시,정왕동,공장,일반공업,일반,2002,중형(500~2천평),143.9,중개거래,법인,법인,621.7,894.9,530000,852.5,592.3,2026-01,
남부,시흥시,배곧동,공장,준주거,집합,2019,소형(~500평),0,중개거래,개인,법인,0,36.3,27000,0,743.4,2026-01,
남부,시흥시,배곧동,공장,준주거,집합,2019,소형(~500평),0,중개거래,개인,개인,0,36.3,37000,0,1018.8,2026-01,
남부,시흥시,대야동,공장,제3종일반주거,일반,1989,소형(~500평),230.6,중개거래,개인,법인,170.0,392.0,280000,1647.0,714.2,2026-01,
남부,시흥시,은행동,공장,준주거,집합,2020,소형(~500평),0,직거래,개인,법인,0,39.2,39042,0,995.9,2026-01,
남부,시흥시,은행동,공장,준주거,집합,2020,소형(~500평),0,직거래,법인,법인,0,78.4,66000,0,841.8,2026-01,
남부,시흥시,정왕동,공장,일반공업,집합,,소형(~500평),0,중개거래,개인,법인,0,37.3,26000,0,697.2,2026-01,
남부,시흥시,정왕동,공장,일반공업,집합,,소형(~500평),0,중개거래,법인,개인,0,37.3,25000,0,670.4,2026-01,
남부,시흥시,배곧동,공장,준주거,집합,2020,소형(~500평),0,직거래,개인,개인,0,11.9,10000,0,842.9,2026-01,
남부,시흥시,정왕동,공장,일반공업,일반,,소형(~500평),142.4,직거래,개인,법인,160.6,228.7,155000,965.0,677.8,2026-01,
남부,시흥시,정왕동,공장,일반공업,집합,2016,소형(~500평),0,중개거래,개인,개인,0,63.1,49000,0,776.3,2026-01,
남부,시흥시,매화동,공장,일반공업,집합,2021,소형(~500평),0,중개거래,개인,법인,0,25.1,29900,0,1189.7,2026-01,
남부,시흥시,매화동,공장,일반공업,집합,2021,소형(~500평),0,중개거래,개인,법인,0,29.2,34600,0,1185.8,2026-01,
남부,시흥시,정왕동,공장,일반공업,집합,2017,소형(~500평),0,중개거래,법인,개인,0,45.3,34000,0,751.3,2026-01,
남부,시흥시,매화동,공장,일반공업,집합,2021,소형(~500평),0,중개거래,법인,개인,0,26.5,30500,0,1151.2,2026-01,
남부,시흥시,은행동,공장,준주거,집합,2020,소형(~500평),0,중개거래,법인,법인,0,39.2,35000,0,892.8,2026-01,
남부,시흥시,신천동,공장,일반공업,집합,2004,소형(~500평),0,중개거래,개인,법인,0,80.2,36000,0,449.0,2026-01,
남부,시흥시,정왕동,창고시설,준공업,일반,2019,소형(~500평),61.3,중개거래,법인,법인,111.9,68.7,86500,772.7,1259.7,2026-01,
남부,시흥시,정왕동,공장,일반공업,일반,,중형(500~2천평),53.1,중개거래,개인,법인,1495.9,795.0,1150000,768.8,1446.6,2026-01,
남부,시흥시,정왕동,공장,준공업,일반,,소형(~500평),56.8,직거래,개인,법인,346.1,196.5,242200,699.9,1232.5,2026-01,
남부,시흥시,배곧동,공장,준주거,집합,2019,소형(~500평),0,중개거래,개인,법인,0,32.9,19000,0,576.9,2026-02,
남부,시흥시,정왕동,공장,일반공업,일반,2003,소형(~500평),88.4,직거래,개인,기타,237.1,209.6,234500,989.1,1118.7,2026-02,
남부,시흥시,조남동,공장,제1종일반주거,일반,2007,소형(~500평),106.3,직거래,개인,법인,100.4,106.8,63589,633.2,595.5,2026-02,
남부,시흥시,정왕동,공장,일반공업,집합,2022,소형(~500평),0,중개거래,개인,법인,0,85.5,82000,0,959.5,2026-02,
남부,시흥시,정왕동,공장,일반공업,일반,,중형(500~2천평),86.8,중개거래,법인,법인,1013.6,880.1,938000,925.4,1065.7,2026-02,
남부,시흥시,대야동,공장,제3종일반주거,일반,1993,소형(~500평),167.7,중개거래,개인,법인,143.1,240.0,230000,1607.5,958.3,2026-02,
남부,시흥시,배곧동,공장,준주거,집합,2024,소형(~500평),0,중개거래,개인,개인,0,14.1,15000,0,1063.9,2026-02,
남부,시흥시,정왕동,공장,일반공업,집합,2017,소형(~500평),0,직거래,법인,법인,0,8.1,6330,0,777.6,2026-02,
남부,시흥시,정왕동,공장,일반공업,집합,2017,소형(~500평),0,직거래,법인,법인,0,8.3,6493,0,777.7,2026-02,
남부,시흥시,논곡동,창고시설,제2종일반주거,일반,2006,소형(~500평),49.5,중개거래,개인,개인,108.0,53.4,98400,911.2,1841.5,2026-02,
남부,시흥시,배곧동,공장,준주거,집합,2019,소형(~500평),0,중개거래,법인,개인,0,33.6,38000,0,1132.4,2026-02,
남부,시흥시,정왕동,공장,일반공업,일반,2008,소형(~500평),83.9,중개거래,개인,개인,230.0,192.9,234000,1017.4,1213.0,2026-02,
남부,시흥시,배곧동,공장,준주거,집합,2020,소형(~500평),0,중개거래,개인,개인,0,12.3,16510,0,1337.4,2026-02,
남부,시흥시,정왕동,공장,일반공업,일반,2015,중형(500~2천평),309.6,중개거래,법인,법인,503.8,1559.4,648000,1286.3,415.5,2026-03,
남부,시흥시,조남동,공장,준주거,집합,2020,소형(~500평),0,직거래,개인,개인,0,8.2,9000,0,1096.2,2026-03,
남부,시흥시,은행동,공장,준주거,집합,2020,소형(~500평),0,중개거래,법인,개인,0,35.8,34500,0,963.3,2026-03,
남부,시흥시,정왕동,공장,일반공업,집합,,소형(~500평),0,중개거래,개인,개인,0,42.4,17500,0,413.2,2026-03,
남부,시흥시,정왕동,공장,일반공업,일반,,중형(500~2천평),51.1,직거래,개인,법인,510.6,260.7,232540,455.4,892.0,2026-03,
남부,시흥시,정왕동,공장,일반공업,집합,2022,소형(~500평),0,중개거래,법인,법인,0,67.2,62000,0,922.7,2026-03,
남부,시흥시,정왕동,공장,일반공업,일반,2007,소형(~500평),86.3,중개거래,법인,법인,200.9,173.4,172000,856.3,991.8,2026-03,
남부,시흥시,매화동,공장,일반공업,집합,2023,소형(~500평),0,중개거래,개인,법인,0,19.0,23000,0,1208.4,2026-03,
남부,시흥시,정왕동,공장,일반공업,집합,2017,소형(~500평),0,직거래,기타,기타,0,51.6,49500,0,958.5,2026-03,
남부,시흥시,정왕동,창고시설,준공업,집합,1997,소형(~500평),0,중개거래,개인,개인,0,7.3,3400,0,466.6,2026-03,
남부,시흥시,정왕동,공장,일반공업,일반,,중형(500~2천평),63.4,중개거래,법인,법인,1501.3,952.3,1050000,699.4,1102.6,2026-03,
남부,시흥시,배곧동,공장,준주거,집합,2024,소형(~500평),0,직거래,개인,개인,0,14.1,12600,0,893.6,2026-03,
남부,시흥시,정왕동,공장,일반공업,일반,1994,중형(500~2천평),39.0,중개거래,법인,법인,519.5,202.7,390910,752.5,1928.8,2026-04,
남부,시흥시,정왕동,공장,일반공업,일반,1994,중형(500~2천평),40.3,중개거래,법인,법인,502.2,202.4,385490,767.7,1904.5,2026-04,
남부,시흥시,능곡동,공장,준주거,집합,2024,소형(~500평),0,직거래,법인,법인,0,11.3,25929,0,2294.9,2026-04,
남부,시흥시,광석동,공장,준주거,집합,2023,소형(~500평),0,중개거래,개인,법인,0,39.4,50500,0,1282.0,2026-04,
남부,시흥시,광석동,공장,준주거,집합,2023,소형(~500평),0,중개거래,개인,법인,0,26.0,30000,0,1153.2,2026-04,
남부,시흥시,정왕동,공장,일반공업,집합,2003,소형(~500평),0,중개거래,법인,개인,0,54.5,24000,0,440.8,2026-04,
남부,시흥시,정왕동,공장,일반공업,일반,2001,중형(500~2천평),74.1,직거래,법인,개인,500.1,370.5,377000,753.8,1017.7,2026-04,
남부,시흥시,정왕동,공장,일반공업,일반,2002,중형(500~2천평),7.9,중개거래,법인,법인,1025.3,80.6,120000,117.0,1489.1,2026-04,
남부,시흥시,정왕동,공장,일반공업,일반,2002,중형(500~2천평),30.3,중개거래,법인,법인,1025.3,310.2,460000,448.7,1483.1,2026-04,
남부,시흥시,정왕동,공장,일반공업,일반,2002,중형(500~2천평),21.0,중개거래,법인,법인,1025.3,215.6,320000,312.1,1484.5,2026-04,
남부,시흥시,정왕동,공장,일반공업,집합,,소형(~500평),0,중개거래,개인,개인,0,58.1,22000,0,378.8,2026-04,
남부,시흥시,대야동,공장,준주거,집합,2024,소형(~500평),0,직거래,개인,법인,0,7.6,11300,0,1494.8,2026-04,
남부,시흥시,대야동,공장,준주거,집합,2024,소형(~500평),0,직거래,개인,법인,0,46.4,57500,0,1238.0,2026-04,
남부,시흥시,대야동,공장,준주거,집합,2024,소형(~500평),0,직거래,개인,법인,0,13.7,16950,0,1239.9,2026-04,
남부,시흥시,대야동,공장,준주거,집합,2024,소형(~500평),0,직거래,개인,법인,0,10.8,13350,0,1241.1,2026-04,
남부,시흥시,대야동,공장,준주거,집합,2024,소형(~500평),0,직거래,개인,법인,0,13.3,16550,0,1241.7,2026-04,
남부,시흥시,대야동,공장,준주거,집합,2024,소형(~500평),0,직거래,개인,법인,0,12.0,14850,0,1241.6,2026-04,
남부,시흥시,대야동,공장,준주거,집합,2024,소형(~500평),0,직거래,개인,법인,0,15.7,19450,0,1238.9,2026-04,
남부,시흥시,대야동,공장,준주거,집합,2024,소형(~500평),0,직거래,개인,법인,0,13.7,16750,0,1225.3,2026-04,
남부,시흥시,대야동,공장,준주거,집합,2024,소형(~500평),0,직거래,개인,법인,0,10.8,13200,0,1227.1,2026-04,
남부,시흥시,대야동,공장,준주거,집합,2024,소형(~500평),0,직거래,개인,법인,0,13.3,16350,0,1226.7,2026-04,
남부,시흥시,대야동,공장,준주거,집합,2024,소형(~500평),0,직거래,개인,법인,0,12.0,14700,0,1229.0,2026-04,
남부,시흥시,대야동,공장,준주거,집합,2024,소형(~500평),0,직거래,개인,법인,0,15.7,19250,0,1226.1,2026-04,
남부,시흥시,대야동,공장,준주거,집합,2024,소형(~500평),0,직거래,개인,법인,0,13.7,16600,0,1214.3,2026-04,
남부,시흥시,대야동,공장,준주거,집합,2024,소형(~500평),0,직거래,개인,법인,0,10.8,13050,0,1213.2,2026-04,
남부,시흥시,대야동,공장,준주거,집합,2024,소형(~500평),0,직거래,개인,법인,0,13.3,16150,0,1211.7,2026-04,
남부,시흥시,대야동,공장,준주거,집합,2024,소형(~500평),0,직거래,개인,법인,0,12.0,14500,0,1212.3,2026-04,
남부,시흥시,대야동,공장,준주거,집합,2024,소형(~500평),0,직거래,개인,법인,0,13.3,16200,0,1214.4,2026-04,
남부,시흥시,대야동,공장,준주거,집합,2024,소형(~500평),0,직거래,개인,법인,0,15.7,19050,0,1213.4,2026-04,
남부,시흥시,대야동,공장,준주거,집합,2024,소형(~500평),0,직거래,개인,법인,0,51.4,54000,0,1050.1,2026-04,
남부,시흥시,대야동,공장,준주거,집합,2024,소형(~500평),0,직거래,개인,법인,0,29.1,32200,0,1106.1,2026-04,
남부,시흥시,정왕동,공장,일반공업,집합,,소형(~500평),0,중개거래,개인,개인,0,46.3,28000,0,604.8,2026-04,
남부,시흥시,배곧동,공장,준주거,집합,2019,소형(~500평),0,중개거래,개인,법인,0,39.9,33000,0,826.3,2026-04,
남부,시흥시,배곧동,공장,준주거,집합,2019,소형(~500평),0,중개거래,개인,법인,0,41.2,34000,0,824.4,2026-04,
남부,시흥시,배곧동,공장,준주거,집합,2024,소형(~500평),0,직거래,개인,개인,0,10.3,22771,0,2216.0,2026-04,
남부,시흥시,정왕동,공장,일반공업,집합,,소형(~500평),0,중개거래,개인,법인,0,20.4,17400,0,852.2,2026-04,
남부,시흥시,정왕동,공장,일반공업,일반,,중형(500~2천평),59.6,중개거래,개인,법인,505.9,301.7,360000,711.6,1193.1,2026-05,
남부,시흥시,정왕동,공장,일반공업,일반,2021,중형(500~2천평),87.6,중개거래,법인,개인,500.0,437.8,490000,979.9,1119.1,2026-05,
남부,시흥시,정왕동,공장,준공업,일반,2008,소형(~500평),89.4,중개거래,개인,개인,249.9,223.4,212500,850.4,951.4,2026-05,
남부,시흥시,배곧동,공장,준주거,집합,2024,소형(~500평),0,직거래,개인,개인,0,10.7,15000,0,1397.2,2026-05,
남부,시흥시,조남동,공장,준주거,집합,2021,소형(~500평),0,중개거래,법인,법인,0,23.6,17000,0,719.4,2026-05,
남부,시흥시,정왕동,공장,일반공업,집합,2022,소형(~500평),0,중개거래,법인,법인,0,47.3,44000,0,931.0,2026-05,
남부,시흥시,매화동,공장,일반공업,일반,2021,소형(~500평),85.8,중개거래,법인,법인,499.7,428.7,740000,1480.8,1726.3,2026-06,NEW
남부,시흥시,정왕동,창고시설,준공업,일반,2017,소형(~500평),72.6,중개거래,개인,법인,103.7,75.2,92000,887.3,1222.8,2026-06,
남부,시흥시,정왕동,공장,일반공업,집합,2018,소형(~500평),0,중개거래,법인,법인,0,9.4,8000,0,855.6,2026-06,
남부,시흥시,정왕동,공장,일반공업,집합,2018,소형(~500평),0,중개거래,개인,법인,0,79.6,75000,0,941.8,2026-06,
남부,시흥시,정왕동,공장,일반공업,일반,2003,중형(500~2천평),83.7,중개거래,개인,법인,500.3,418.5,395000,789.5,943.8,2026-06,
남부,시흥시,배곧동,공장,준주거,집합,2019,소형(~500평),0,중개거래,개인,개인,0,35.4,17000,0,479.9,2026-06,
남부,시흥시,정왕동,공장,준공업,집합,2015,소형(~500평),0,중개거래,개인,개인,0,144.6,162000,0,1120.6,2026-06,
남부,시흥시,정왕동,공장,준공업,집합,2015,소형(~500평),0,중개거래,개인,개인,0,20.2,23000,0,1138.2,2026-06,
남부,시흥시,정왕동,공장,일반공업,일반,2003,중형(500~2천평),97.1,중개거래,법인,법인,1158.2,1124.6,820000,708.0,729.1,2026-06,
남부,시흥시,은행동,공장,준주거,집합,,소형(~500평),0,중개거래,법인,개인,0,39.2,34500,0,880.0,2026-06,
남부,군포시,당정동,공장,일반공업,집합,2020,소형(~500평),0,중개거래,법인,법인,0,43.9,49000,0,1116.0,2025-07,
남부,군포시,당정동,공장,일반공업,집합,2013,소형(~500평),0,중개거래,법인,법인,0,32.4,36000,0,1110.6,2025-07,
남부,군포시,당정동,공장,일반공업,집합,2018,소형(~500평),0,중개거래,개인,법인,0,54.2,59000,0,1088.8,2025-07,
남부,군포시,당정동,공장,일반공업,집합,,소형(~500평),0,중개거래,개인,개인,0,19.4,15500,0,798.3,2025-08,
남부,군포시,당정동,공장,일반공업,집합,2020,소형(~500평),0,직거래,개인,법인,0,8.6,12000,0,1393.9,2025-07,
남부,군포시,부곡동,공장,일반공업,일반,2019,중형(500~2천평),81.4,중개거래,법인,법인,986.2,803.1,1140000,1156.0,1419.5,2025-08,
남부,군포시,당정동,공장,일반공업,일반,1990,소형(~500평),167.2,중개거래,개인,개인,280.7,469.3,411991,1467.6,877.8,2025-08,
남부,군포시,당정동,공장,일반공업,집합,2004,소형(~500평),0,중개거래,개인,법인,0,51.0,45700,0,896.1,2025-08,
남부,군포시,당정동,공장,일반공업,집합,2013,소형(~500평),0,중개거래,법인,법인,0,49.9,60000,0,1202.8,2025-08,
남부,군포시,당정동,공장,일반공업,집합,2001,소형(~500평),0,중개거래,법인,개인,0,69.0,35000,0,507.5,2026-04,
남부,군포시,부곡동,공장,준공업,집합,2021,소형(~500평),0,직거래,개인,법인,0,10.3,13647,0,1324.5,2025-08,
남부,군포시,당정동,공장,일반공업,집합,2022,소형(~500평),0,중개거래,개인,법인,0,12.1,14900,0,1232.6,2025-08,
남부,군포시,당정동,공장,일반공업,집합,2018,소형(~500평),0,중개거래,법인,개인,0,36.5,41500,0,1136.5,2025-08,
남부,군포시,당정동,공장,일반공업,집합,2011,소형(~500평),0,중개거래,법인,법인,0,39.6,38500,0,971.7,2025-09,
남부,군포시,당동,공장,일반공업,집합,2003,소형(~500평),0,중개거래,개인,법인,0,66.3,43000,0,648.4,2025-09,
남부,군포시,당정동,공장,일반공업,일반,2023,소형(~500평),462.0,중개거래,법인,법인,380.8,1759.7,1389925,3649.6,789.9,2025-09,
남부,군포시,당정동,공장,일반공업,집합,1998,소형(~500평),0,중개거래,법인,법인,0,116.0,70000,0,603.4,2025-09,
남부,군포시,당정동,공장,일반공업,집합,2001,소형(~500평),0,중개거래,법인,법인,0,69.0,33250,0,482.1,2025-09,
남부,군포시,당정동,공장,일반공업,집합,2004,소형(~500평),0,중개거래,개인,법인,0,49.3,46500,0,943.6,2025-09,
남부,군포시,당정동,공장,일반공업,집합,2011,소형(~500평),0,중개거래,법인,법인,0,37.6,32000,0,851.7,2025-10,
남부,군포시,당정동,공장,일반공업,일반,,소형(~500평),63.2,중개거래,개인,법인,350.9,221.6,525000,1496.2,2369.0,2025-10,
남부,군포시,당정동,공장,일반공업,집합,2013,소형(~500평),0,중개거래,개인,법인,0,42.9,49000,0,1141.1,2025-10,
남부,군포시,당정동,공장,일반공업,집합,1997,소형(~500평),0,직거래,개인,법인,0,63.9,32000,0,500.6,2025-10,
남부,군포시,당정동,공장,일반공업,집합,1998,소형(~500평),0,중개거래,법인,법인,0,149.9,91800,0,612.3,2025-11,
남부,군포시,금정동,공장,일반공업,집합,2004,소형(~500평),0,직거래,개인,법인,0,92.1,85000,0,922.8,2025-11,
남부,군포시,당정동,공장,일반공업,집합,2004,소형(~500평),0,직거래,개인,개인,0,50.0,43500,0,870.0,2025-11,
남부,군포시,당정동,공장,일반공업,집합,,소형(~500평),0,중개거래,개인,개인,0,133.0,71500,0,537.8,2025-11,
남부,군포시,당정동,공장,일반공업,집합,2020,소형(~500평),0,중개거래,개인,개인,0,18.8,15000,0,797.5,2025-12,
남부,군포시,금정동,공장,일반공업,집합,2004,소형(~500평),0,중개거래,개인,법인,0,90.0,85000,0,944.5,2025-12,
남부,군포시,금정동,공장,일반공업,집합,2004,소형(~500평),0,중개거래,개인,개인,0,43.7,30000,0,686.3,2025-12,
남부,군포시,금정동,공장,일반공업,집합,2004,소형(~500평),0,직거래,개인,법인,0,92.0,85000,0,924.2,2026-01,
남부,군포시,금정동,공장,일반공업,집합,2003,소형(~500평),0,중개거래,개인,법인,0,49.9,47000,0,942.0,2026-01,
남부,군포시,부곡동,공장,준공업,집합,2021,소형(~500평),0,중개거래,개인,개인,0,10.3,11300,0,1096.8,2026-01,
남부,군포시,부곡동,공장,준공업,집합,2021,소형(~500평),0,중개거래,개인,개인,0,11.7,12700,0,1086.2,2026-01,
남부,군포시,당정동,공장,일반공업,집합,,소형(~500평),0,중개거래,개인,개인,0,24.6,24200,0,983.4,2026-01,
남부,군포시,당정동,공장,일반공업,집합,2018,소형(~500평),0,중개거래,개인,법인,0,50.7,60300,0,1190.1,2026-01,
남부,군포시,당정동,공장,일반공업,집합,2004,소형(~500평),0,직거래,개인,법인,0,100.7,89000,0,884.0,2026-02,
남부,군포시,금정동,공장,일반공업,집합,2004,소형(~500평),0,직거래,개인,법인,0,45.0,44000,0,977.8,2026-02,
남부,군포시,당정동,공장,일반공업,집합,2013,소형(~500평),0,중개거래,법인,개인,0,71.0,60000,0,845.0,2026-02,
남부,군포시,당정동,공장,일반공업,집합,2013,소형(~500평),0,중개거래,법인,개인,0,34.8,30000,0,860.9,2026-02,
남부,군포시,당정동,공장,일반공업,집합,2004,소형(~500평),0,직거래,개인,법인,0,100.7,103000,0,1023.0,2026-02,
남부,군포시,금정동,창고시설,일반공업,집합,2003,소형(~500평),0,직거래,법인,법인,0,9.8,3000,0,306.1,2026-02,
남부,군포시,당정동,공장,일반공업,집합,,소형(~500평),0,중개거래,개인,법인,0,69.0,39000,0,565.5,2026-02,
남부,군포시,당정동,공장,일반공업,집합,2022,소형(~500평),0,중개거래,개인,개인,0,17.0,26000,0,1528.3,2026-02,
남부,군포시,당정동,공장,일반공업,집합,2019,소형(~500평),0,직거래,법인,법인,0,37.7,57190,0,1517.7,2026-03,
남부,군포시,당정동,공장,일반공업,집합,2019,소형(~500평),0,직거래,법인,법인,0,25.9,30650,0,1183.8,2026-03,
남부,군포시,당정동,공장,일반공업,집합,2019,소형(~500평),0,직거래,법인,법인,0,24.3,28160,0,1160.9,2026-03,
남부,군포시,금정동,공장,일반공업,일반,2017,소형(~500평),321.2,중개거래,법인,법인,152.4,489.4,450000,2953.4,919.4,2026-03,
남부,군포시,당정동,공장,일반공업,집합,2004,소형(~500평),0,중개거래,개인,법인,0,46.4,39000,0,840.5,2026-03,
남부,군포시,금정동,공장,일반공업,일반,1995,소형(~500평),205.6,중개거래,개인,법인,100.0,205.7,225000,2249.2,1093.8,2026-03,
남부,군포시,당정동,공장,일반공업,집합,2011,소형(~500평),0,중개거래,개인,개인,0,39.6,34500,0,870.7,2026-03,
남부,군포시,당정동,공장,일반공업,집합,2019,소형(~500평),0,중개거래,개인,법인,0,53.5,45000,0,840.7,2026-04,
남부,군포시,당정동,공장,일반공업,집합,2013,소형(~500평),0,중개거래,개인,개인,0,46.8,52000,0,1111.2,2026-04,
남부,군포시,금정동,공장,일반공업,집합,2004,소형(~500평),0,중개거래,개인,법인,0,131.1,82000,0,625.3,2026-05,
남부,군포시,금정동,공장,일반공업,집합,2004,소형(~500평),0,중개거래,법인,법인,0,137.4,133000,0,968.2,2026-05,
남부,군포시,당정동,공장,일반공업,집합,2013,소형(~500평),0,중개거래,법인,법인,0,86.6,97000,0,1119.8,2026-05,
남부,군포시,당정동,공장,일반공업,집합,1998,소형(~500평),0,중개거래,법인,개인,0,100.2,65000,0,648.8,2026-05,
남부,군포시,당정동,공장,일반공업,집합,2011,소형(~500평),0,중개거래,법인,법인,0,40.0,33700,0,843.4,2026-05,
남부,군포시,당정동,공장,일반공업,집합,2011,소형(~500평),0,중개거래,법인,법인,0,39.9,34800,0,871.4,2026-05,
남부,군포시,금정동,공장,일반공업,일반,2002,소형(~500평),213.1,중개거래,개인,법인,220.3,469.3,390000,1770.5,831.0,2026-05,
남부,군포시,산본동,공장,일반공업,일반,2003,소형(~500평),39.9,중개거래,법인,법인,222.0,88.6,285000,1283.6,3217.7,2026-05,
남부,군포시,당정동,공장,일반공업,집합,,소형(~500평),0,중개거래,개인,법인,0,100.4,87500,0,871.1,2026-06,
남부,군포시,당정동,공장,일반공업,집합,2019,소형(~500평),0,중개거래,개인,법인,0,23.5,33500,0,1424.9,2026-06,
남부,군포시,당정동,공장,일반공업,집합,2004,소형(~500평),0,중개거래,개인,법인,0,49.4,45000,0,911.2,2026-06,
남부,군포시,당정동,공장,일반공업,집합,2013,소형(~500평),0,중개거래,법인,개인,0,38.2,37000,0,967.5,2026-06,
남부,군포시,산본동,공장,일반공업,일반,2003,소형(~500평),297.3,중개거래,법인,법인,303.7,903.1,850000,2798.7,941.2,2026-06,
남부,군포시,당정동,공장,일반공업,집합,2004,소형(~500평),0,직거래,개인,개인,0,100.8,90000,0,893.1,2026-06,
남부,군포시,금정동,공장,일반공업,일반,2003,소형(~500평),262.8,중개거래,법인,개인,195.4,513.6,450000,2302.8,876.2,2026-06,
남부,의왕시,오전동,공장,일반공업,일반,,소형(~500평),196.8,중개거래,개인,법인,145.8,287.0,182878,1254.3,637.2,2025-07,
남부,의왕시,왕곡동,공장,개발제한구역,일반,,중형(500~2천평),16.7,중개거래,개인,개인,835.8,139.7,649100,776.6,4646.5,2025-07,
남부,의왕시,삼동,공장,준공업,집합,2020,소형(~500평),0,중개거래,법인,개인,0,43.1,49000,0,1136.7,2025-07,
남부,의왕시,이동,공장,준공업,집합,2021,소형(~500평),0,중개거래,개인,법인,0,38.7,49000,0,1266.5,2025-07,
남부,의왕시,포일동,공장,준주거,집합,2014,소형(~500평),0,중개거래,개인,법인,0,35.4,46600,0,1316.3,2025-07,
남부,의왕시,포일동,공장,준주거,집합,2018,소형(~500평),0,직거래,개인,개인,0,14.5,17500,0,1203.0,2025-07,
남부,의왕시,삼동,공장,준공업,집합,2020,소형(~500평),0,중개거래,개인,개인,0,18.4,22000,0,1192.8,2025-08,
남부,의왕시,고천동,공장,일반공업,일반,2002,중형(500~2천평),99.0,중개거래,법인,법인,641.9,635.6,1010000,1573.4,1589.1,2025-08,
남부,의왕시,포일동,공장,준주거,집합,2014,소형(~500평),0,직거래,법인,법인,0,34.5,50000,0,1448.1,2025-08,
남부,의왕시,오전동,공장,일반공업,집합,2004,소형(~500평),0,중개거래,법인,법인,0,89.4,83200,0,930.1,2025-09,
남부,의왕시,포일동,공장,준주거,집합,2014,소형(~500평),0,중개거래,개인,개인,0,33.7,39000,0,1158.2,2025-09,
남부,의왕시,삼동,공장,준공업,집합,2020,소형(~500평),0,중개거래,개인,법인,0,12.4,13950,0,1127.2,2025-09,
남부,의왕시,초평동,공장,준주거,집합,2024,소형(~500평),0,직거래,법인,법인,0,21.7,38916,0,1791.3,2025-09,
남부,의왕시,초평동,공장,준주거,집합,2024,소형(~500평),0,직거래,법인,법인,0,21.1,37730,0,1789.5,2025-09,
남부,의왕시,초평동,공장,준주거,집합,2024,소형(~500평),0,직거래,법인,법인,0,39.2,62297,0,1588.7,2025-09,
남부,의왕시,초평동,공장,준주거,집합,2024,소형(~500평),0,직거래,법인,법인,0,36.7,62093,0,1691.0,2025-09,
남부,의왕시,포일동,공장,준주거,집합,,소형(~500평),0,중개거래,법인,법인,0,33.3,38000,0,1139.9,2025-09,
남부,의왕시,포일동,공장,준주거,집합,2014,소형(~500평),0,중개거래,개인,법인,0,11.7,17500,0,1493.3,2025-10,
남부,의왕시,고천동,공장,일반공업,집합,2005,소형(~500평),0,직거래,개인,법인,0,36.9,50000,0,1353.7,2025-10,
남부,의왕시,포일동,공장,준주거,집합,2018,소형(~500평),0,중개거래,개인,법인,0,28.1,35000,0,1247.5,2026-01,
남부,의왕시,삼동,공장,준공업,집합,2020,소형(~500평),0,직거래,법인,개인,0,12.4,13500,0,1090.9,2026-01,
남부,의왕시,고천동,공장,일반공업,집합,,소형(~500평),0,중개거래,법인,법인,0,39.5,48000,0,1215.9,2025-11,
남부,의왕시,이동,공장,준공업,집합,2021,소형(~500평),0,중개거래,법인,개인,0,36.8,36000,0,979.4,2025-11,
남부,의왕시,이동,공장,준공업,집합,2021,소형(~500평),0,중개거래,법인,개인,0,25.7,24000,0,933.4,2025-11,
남부,의왕시,포일동,공장,준주거,집합,2014,소형(~500평),0,직거래,법인,법인,0,33.7,40000,0,1187.8,2025-11,
남부,의왕시,고천동,공장,일반공업,일반,2007,소형(~500평),120.3,중개거래,개인,개인,173.6,208.9,248454,1430.9,1189.1,2025-11,
남부,의왕시,삼동,공장,준공업,집합,,소형(~500평),0,중개거래,법인,개인,0,24.7,29000,0,1171.8,2025-12,
남부,의왕시,포일동,공장,준주거,집합,2014,소형(~500평),0,중개거래,개인,법인,0,35.1,41000,0,1167.5,2025-12,
남부,의왕시,초평동,공장,준주거,집합,2024,소형(~500평),0,직거래,법인,법인,0,26.2,58428,0,2233.2,2025-12,
남부,의왕시,이동,공장,준공업,집합,2021,소형(~500평),0,중개거래,개인,법인,0,34.8,38500,0,1104.9,2025-12,
남부,의왕시,오전동,공장,일반공업,집합,2003,소형(~500평),0,중개거래,개인,법인,0,42.3,25000,0,590.7,2026-01,
남부,의왕시,포일동,공장,준주거,집합,2014,소형(~500평),0,직거래,법인,법인,0,58.9,66780,0,1133.8,2026-02,
남부,의왕시,포일동,공장,준주거,집합,2018,소형(~500평),0,중개거래,개인,개인,0,28.1,32500,0,1158.4,2026-02,
남부,의왕시,초평동,공장,준주거,집합,,소형(~500평),0,중개거래,개인,법인,0,29.3,52800,0,1802.8,2026-02,
남부,의왕시,포일동,공장,준주거,집합,2018,소형(~500평),0,중개거래,개인,개인,0,9.4,16900,0,1805.1,2026-02,
남부,의왕시,고천동,공장,일반공업,일반,2002,중형(500~2천평),80.2,중개거래,법인,법인,509.1,408.3,671768,1319.5,1645.1,2026-02,
남부,의왕시,고천동,공장,일반공업,집합,2005,소형(~500평),0,직거래,개인,법인,0,74.1,100000,0,1348.8,2026-02,
남부,의왕시,포일동,공장,준주거,집합,,소형(~500평),0,중개거래,법인,법인,0,104.3,135000,0,1294.2,2026-03,
남부,의왕시,포일동,공장,준주거,집합,2014,소형(~500평),0,중개거래,법인,법인,0,34.2,45000,0,1314.4,2026-03,
남부,의왕시,오전동,공장,일반공업,집합,2004,소형(~500평),0,직거래,법인,법인,0,39.2,40850,0,1043.0,2026-03,
남부,의왕시,이동,공장,준공업,집합,2021,소형(~500평),0,직거래,법인,법인,0,50.6,28450,0,562.2,2026-03,
남부,의왕시,이동,공장,준공업,집합,2021,소형(~500평),0,직거래,법인,법인,0,93.6,52000,0,555.7,2026-03,
남부,의왕시,포일동,공장,준주거,집합,2014,소형(~500평),0,중개거래,개인,법인,0,33.7,41000,0,1216.7,2026-03,
남부,의왕시,고천동,공장,일반공업,집합,2005,소형(~500평),0,중개거래,개인,법인,0,39.5,45000,0,1139.9,2026-04,
남부,의왕시,오전동,공장,일반공업,집합,,소형(~500평),0,직거래,개인,개인,0,72.8,34000,0,466.9,2026-04,
남부,의왕시,초평동,공장,준주거,집합,2024,소형(~500평),0,중개거래,개인,법인,0,42.7,68600,0,1605.6,2026-05,
남부,의왕시,오전동,공장,일반공업,집합,2004,소형(~500평),0,중개거래,법인,법인,0,39.2,38000,0,970.2,2026-05,
남부,의왕시,포일동,공장,준주거,집합,2014,소형(~500평),0,중개거래,개인,개인,0,33.3,39500,0,1184.9,2026-05,
남부,의왕시,포일동,공장,준주거,집합,2018,소형(~500평),0,중개거래,개인,법인,0,39.3,53000,0,1348.6,2026-05,
남부,의왕시,포일동,공장,준주거,집합,2018,소형(~500평),0,중개거래,개인,법인,0,39.3,52000,0,1323.1,2026-06,
남부,의왕시,초평동,공장,준주거,집합,,소형(~500평),0,중개거래,개인,법인,0,24.5,45000,0,1838.6,2026-06,
남부,하남시,망월동,공장,준주거,집합,2022,소형(~500평),0,중개거래,개인,개인,0,22.1,33000,0,1492.8,2025-07,
남부,하남시,풍산동,공장,준주거,집합,2019,소형(~500평),0,중개거래,개인,개인,0,12.1,19500,0,1611.2,2025-07,
남부,하남시,풍산동,공장,준주거,집합,2018,소형(~500평),0,직거래,개인,개인,0,45.0,50000,0,1111.3,2025-07,
남부,하남시,망월동,공장,준주거,집합,2019,소형(~500평),0,중개거래,개인,법인,0,12.3,15000,0,1222.9,2025-07,
남부,하남시,망월동,공장,준주거,집합,2022,소형(~500평),0,직거래,법인,법인,0,30.2,115616,0,3834.3,2025-07,
남부,하남시,망월동,공장,준주거,집합,2022,소형(~500평),0,직거래,법인,법인,0,29.5,129586,0,4396.4,2025-07,
남부,하남시,망월동,공장,준주거,집합,2019,소형(~500평),0,직거래,법인,법인,0,15.8,17271,0,1091.3,2025-07,
남부,하남시,풍산동,공장,준주거,집합,2019,소형(~500평),0,중개거래,개인,법인,0,32.1,52000,0,1617.7,2025-07,
남부,하남시,풍산동,공장,준주거,집합,2019,소형(~500평),0,중개거래,법인,법인,0,11.6,14000,0,1202.7,2025-07,
남부,하남시,덕풍동,공장,준주거,집합,2019,소형(~500평),0,중개거래,개인,개인,0,7.4,6000,0,812.2,2025-10,
남부,하남시,망월동,공장,준주거,집합,2022,소형(~500평),0,중개거래,개인,개인,0,12.7,14000,0,1104.8,2025-07,
남부,하남시,풍산동,공장,준주거,집합,2019,소형(~500평),0,중개거래,개인,개인,0,9.8,9600,0,979.5,2025-07,
남부,하남시,풍산동,공장,준주거,집합,2019,소형(~500평),0,중개거래,법인,법인,0,43.4,54668,0,1261.0,2025-07,
남부,하남시,풍산동,공장,준주거,집합,2019,소형(~500평),0,중개거래,법인,법인,0,41.0,51763,0,1261.0,2025-07,
남부,하남시,풍산동,공장,준주거,집합,2024,소형(~500평),0,직거래,법인,개인,0,28.1,44055,0,1569.0,2025-07,
남부,하남시,풍산동,공장,준주거,집합,2024,소형(~500평),0,직거래,법인,개인,0,28.9,45429,0,1571.2,2025-07,
남부,하남시,풍산동,공장,준주거,집합,2018,소형(~500평),0,중개거래,개인,법인,0,7.8,10000,0,1288.8,2026-06,
남부,하남시,덕풍동,공장,준주거,집합,2011,소형(~500평),0,중개거래,개인,법인,0,46.3,49700,0,1073.3,2025-08,
남부,하남시,풍산동,공장,준주거,집합,2018,소형(~500평),0,중개거래,법인,법인,0,13.5,15000,0,1110.6,2025-08,
남부,하남시,덕풍동,공장,준주거,집합,2019,소형(~500평),0,중개거래,개인,개인,0,32.7,62000,0,1897.8,2025-08,
남부,하남시,망월동,공장,준주거,집합,2022,소형(~500평),0,직거래,개인,법인,0,41.4,76500,0,1847.0,2025-08,
남부,하남시,덕풍동,공장,준주거,집합,2020,소형(~500평),0,중개거래,개인,개인,0,13.5,10600,0,784.4,2025-08,
남부,하남시,덕풍동,공장,준주거,집합,2021,소형(~500평),0,중개거래,개인,개인,0,11.7,10800,0,925.7,2025-08,
남부,하남시,풍산동,공장,준주거,집합,2020,소형(~500평),0,중개거래,개인,개인,0,12.6,25500,0,2019.6,2025-08,
남부,하남시,덕풍동,공장,준주거,집합,2020,소형(~500평),0,중개거래,개인,개인,0,7.3,10000,0,1363.2,2025-10,
남부,하남시,망월동,공장,준주거,집합,2022,소형(~500평),0,직거래,법인,개인,0,66.8,236195,0,3533.2,2025-08,
남부,하남시,덕풍동,공장,준주거,집합,2021,소형(~500평),0,직거래,개인,개인,0,12.3,36650,0,2989.3,2025-08,
남부,하남시,덕풍동,공장,준주거,집합,2019,소형(~500평),0,중개거래,법인,법인,0,8.5,6800,0,799.7,2025-08,
남부,하남시,풍산동,공장,준주거,집합,2018,소형(~500평),0,중개거래,개인,개인,0,8.0,3500,0,436.3,2025-08,
남부,하남시,풍산동,공장,준주거,집합,2019,소형(~500평),0,직거래,법인,법인,0,22.7,29000,0,1277.6,2025-09,
남부,하남시,덕풍동,공장,준주거,집합,2019,소형(~500평),0,중개거래,개인,법인,0,23.7,34800,0,1467.7,2025-09,
남부,하남시,덕풍동,공장,준주거,집합,,소형(~500평),0,중개거래,개인,개인,0,8.9,11600,0,1298.6,2025-09,
남부,하남시,덕풍동,공장,준주거,집합,2019,소형(~500평),0,중개거래,개인,개인,0,7.1,11400,0,1614.7,2025-09,
남부,하남시,풍산동,공장,준주거,집합,2018,소형(~500평),0,중개거래,개인,법인,0,15.9,30000,0,1890.8,2025-09,
남부,하남시,망월동,공장,준주거,집합,2022,소형(~500평),0,중개거래,개인,법인,0,18.0,26000,0,1447.7,2025-09,
남부,하남시,덕풍동,공장,준주거,집합,2011,소형(~500평),0,중개거래,개인,법인,0,46.3,50000,0,1079.8,2025-09,
남부,하남시,덕풍동,공장,준주거,집합,2011,소형(~500평),0,중개거래,법인,개인,0,48.1,50000,0,1039.0,2025-09,
남부,하남시,덕풍동,공장,준주거,집합,2021,소형(~500평),0,중개거래,개인,개인,0,6.8,9300,0,1371.3,2025-09,
남부,하남시,덕풍동,공장,준주거,집합,2011,소형(~500평),0,중개거래,법인,개인,0,25.1,26000,0,1037.3,2025-09,
남부,하남시,풍산동,공장,준주거,집합,2021,소형(~500평),0,직거래,개인,법인,0,8.6,13450,0,1568.4,2025-09,
남부,하남시,망월동,공장,준주거,집합,2019,소형(~500평),0,직거래,법인,개인,0,13.6,12000,0,882.5,2025-09,
남부,하남시,덕풍동,공장,준주거,집합,2020,소형(~500평),0,중개거래,개인,개인,0,7.3,11000,0,1499.5,2026-02,
남부,하남시,덕풍동,공장,준주거,집합,2019,소형(~500평),0,중개거래,개인,법인,0,7.0,10000,0,1428.6,2025-09,
남부,하남시,풍산동,공장,준주거,집합,2019,소형(~500평),0,중개거래,개인,법인,0,33.1,53700,0,1623.4,2025-10,
남부,하남시,풍산동,공장,준주거,집합,2019,소형(~500평),0,중개거래,개인,개인,0,30.8,50000,0,1625.7,2025-10,
남부,하남시,광암동,공장,일반공업,일반,2020,소형(~500평),69.4,중개거래,법인,법인,181.2,125.8,348000,1920.6,2766.0,2025-10,
남부,하남시,덕풍동,공장,준주거,집합,2021,소형(~500평),0,직거래,법인,개인,0,12.0,38958,0,3253.0,2025-10,
남부,하남시,덕풍동,공장,준주거,집합,2011,소형(~500평),0,중개거래,법인,법인,0,57.7,59500,0,1031.9,2025-10,
남부,하남시,덕풍동,공장,준주거,집합,2021,소형(~500평),0,직거래,법인,개인,0,14.0,85930,0,6148.6,2025-10,
남부,하남시,풍산동,공장,준주거,집합,2018,소형(~500평),0,중개거래,개인,법인,0,31.1,36300,0,1166.5,2025-10,
남부,하남시,풍산동,공장,준주거,집합,2018,소형(~500평),0,중개거래,개인,법인,0,31.5,37000,0,1174.5,2025-10,
남부,하남시,풍산동,공장,준주거,집합,2018,소형(~500평),0,중개거래,개인,법인,0,33.9,40200,0,1184.6,2025-10,
남부,하남시,풍산동,공장,준주거,집합,2018,소형(~500평),0,중개거래,개인,법인,0,15.9,41200,0,2596.7,2025-10,
남부,하남시,풍산동,공장,준주거,집합,2019,소형(~500평),0,중개거래,개인,개인,0,11.5,11000,0,956.9,2025-10,
남부,하남시,풍산동,공장,준주거,집합,2018,소형(~500평),0,중개거래,법인,법인,0,30.1,31649,0,1050.1,2025-10,
남부,하남시,풍산동,공장,준주거,집합,2018,소형(~500평),0,중개거래,법인,법인,0,31.8,33352,0,1049.9,2025-10,
남부,하남시,덕풍동,공장,준주거,집합,2021,소형(~500평),0,중개거래,개인,개인,0,8.3,6700,0,805.4,2025-11,
남부,하남시,덕풍동,공장,준주거,집합,2011,소형(~500평),0,중개거래,개인,법인,0,64.3,69500,0,1081.6,2025-10,
남부,하남시,풍산동,공장,준주거,집합,2018,소형(~500평),0,직거래,개인,법인,0,24.2,15000,0,619.8,2025-10,
남부,하남시,풍산동,공장,준주거,집합,2021,소형(~500평),0,중개거래,개인,개인,0,8.6,13300,0,1550.9,2025-10,
남부,하남시,풍산동,공장,준주거,집합,2019,소형(~500평),0,중개거래,개인,법인,0,23.6,36000,0,1527.7,2025-10,
남부,하남시,덕풍동,공장,준주거,집합,2019,소형(~500평),0,중개거래,개인,법인,0,8.1,12600,0,1562.4,2025-10,
남부,하남시,풍산동,공장,준주거,집합,2019,소형(~500평),0,중개거래,법인,법인,0,32.5,43285,0,1332.9,2025-10,
남부,하남시,풍산동,공장,준주거,집합,2019,소형(~500평),0,중개거래,법인,법인,0,32.5,44499,0,1370.3,2025-10,
남부,하남시,망월동,공장,준주거,집합,2022,소형(~500평),0,중개거래,법인,기타,0,26.2,57700,0,2204.6,2025-11,
남부,하남시,망월동,공장,준주거,집합,2022,소형(~500평),0,중개거래,법인,기타,0,26.2,72900,0,2785.4,2025-11,
남부,하남시,망월동,공장,준주거,집합,2022,소형(~500평),0,중개거래,법인,기타,0,26.2,69400,0,2651.7,2025-11,
남부,하남시,덕풍동,공장,준주거,집합,2021,소형(~500평),0,중개거래,개인,법인,0,6.8,9500,0,1400.8,2025-11,
남부,하남시,망월동,공장,준주거,집합,2022,소형(~500평),0,중개거래,개인,개인,0,17.7,23000,0,1302.4,2025-11,
남부,하남시,풍산동,공장,준주거,집합,2022,소형(~500평),0,중개거래,개인,개인,0,7.1,11000,0,1539.5,2025-11,
남부,하남시,풍산동,공장,준주거,집합,2019,소형(~500평),0,중개거래,개인,개인,0,28.2,49000,0,1739.0,2025-11,
남부,하남시,풍산동,공장,준주거,집합,2018,소형(~500평),0,중개거래,개인,개인,0,30.1,36500,0,1211.1,2025-11,
남부,하남시,풍산동,공장,준주거,집합,2018,소형(~500평),0,직거래,개인,법인,0,30.1,34000,0,1128.1,2025-11,
남부,하남시,망월동,공장,준주거,집합,2022,소형(~500평),0,중개거래,개인,법인,0,10.9,14000,0,1280.6,2025-11,
남부,하남시,덕풍동,공장,준주거,집합,2021,소형(~500평),0,직거래,개인,법인,0,35.3,52834,0,1495.9,2025-11,
남부,하남시,덕풍동,공장,준주거,집합,2021,소형(~500평),0,중개거래,개인,개인,0,8.9,11300,0,1268.9,2025-11,
남부,하남시,풍산동,공장,준주거,집합,2018,소형(~500평),0,중개거래,개인,법인,0,26.7,29500,0,1103.2,2025-11,
남부,하남시,풍산동,공장,준주거,집합,2024,소형(~500평),0,중개거래,법인,개인,0,31.9,47000,0,1472.0,2025-11,
남부,하남시,덕풍동,공장,준주거,집합,2011,소형(~500평),0,중개거래,법인,법인,0,30.4,30000,0,987.5,2026-01,
남부,하남시,풍산동,공장,준주거,집합,2024,소형(~500평),0,중개거래,개인,법인,0,33.8,52000,0,1540.6,2025-11,
남부,하남시,풍산동,공장,준주거,집합,2021,소형(~500평),0,중개거래,개인,개인,0,6.5,9700,0,1501.9,2025-11,
남부,하남시,풍산동,공장,준주거,집합,2022,소형(~500평),0,중개거래,개인,법인,0,11.5,17840,0,1549.1,2026-04,
남부,하남시,풍산동,공장,준주거,집합,2021,소형(~500평),0,중개거래,개인,개인,0,17.5,21862,0,1247.1,2025-11,
남부,하남시,덕풍동,공장,준주거,집합,2020,소형(~500평),0,중개거래,법인,개인,0,7.3,5500,0,755.4,2025-11,
남부,하남시,풍산동,공장,준주거,집합,2018,소형(~500평),0,중개거래,개인,법인,0,30.6,35000,0,1142.7,2025-12,
남부,하남시,풍산동,공장,준주거,집합,2018,소형(~500평),0,중개거래,개인,법인,0,30.6,34800,0,1136.2,2025-12,
남부,하남시,풍산동,공장,준주거,집합,2019,소형(~500평),0,중개거래,개인,법인,0,11.6,10000,0,859.1,2025-12,
남부,하남시,풍산동,창고시설,준주거,집합,2018,소형(~500평),0,중개거래,법인,법인,0,28.4,17800,0,626.3,2025-12,
남부,하남시,덕풍동,공장,준주거,집합,2021,소형(~500평),0,중개거래,개인,법인,0,11.7,21000,0,1796.6,2025-12,
남부,하남시,망월동,공장,준주거,집합,2019,소형(~500평),0,중개거래,개인,개인,0,6.8,8500,0,1258.9,2025-12,
남부,하남시,풍산동,공장,준주거,집합,2018,소형(~500평),0,중개거래,개인,개인,0,30.1,31700,0,1051.8,2025-12,
남부,하남시,풍산동,공장,준주거,집합,2018,소형(~500평),0,중개거래,개인,법인,0,31.1,38500,0,1237.2,2025-12,
남부,하남시,풍산동,공장,준주거,집합,2018,소형(~500평),0,직거래,개인,개인,0,18.6,40000,0,2150.5,2025-12,
남부,하남시,풍산동,공장,준주거,집합,2018,소형(~500평),0,중개거래,법인,개인,0,26.4,29700,0,1123.9,2025-12,
남부,하남시,덕풍동,공장,준주거,집합,2011,소형(~500평),0,중개거래,개인,법인,0,46.3,51000,0,1101.4,2025-12,
남부,하남시,풍산동,공장,준주거,집합,2019,소형(~500평),0,직거래,개인,법인,0,31.1,42000,0,1349.7,2025-12,
남부,하남시,망월동,공장,준주거,집합,2022,소형(~500평),0,중개거래,법인,기타,0,27.7,60000,0,2163.7,2025-12,
남부,하남시,덕풍동,공장,준주거,집합,2020,소형(~500평),0,중개거래,개인,개인,0,7.3,10800,0,1472.3,2025-12,
남부,하남시,풍산동,창고시설,준주거,집합,2019,소형(~500평),0,중개거래,개인,개인,0,37.8,57700,0,1526.4,2025-12,
남부,하남시,감이동,공장,준주거,집합,2022,소형(~500평),0,중개거래,개인,법인,0,27.2,80000,0,2936.5,2025-12,
남부,하남시,풍산동,공장,준주거,집합,2018,소형(~500평),0,중개거래,개인,법인,0,30.6,41000,0,1338.6,2025-12,
남부,하남시,풍산동,공장,준주거,집합,2019,소형(~500평),0,직거래,개인,법인,0,6.8,3500,0,511.5,2025-12,
남부,하남시,풍산동,공장,준주거,집합,2018,소형(~500평),0,중개거래,법인,개인,0,12.0,5700,0,473.9,2025-12,
남부,하남시,망월동,공장,준주거,집합,2022,소형(~500평),0,중개거래,개인,법인,0,40.4,58000,0,1435.6,2025-12,
남부,하남시,풍산동,공장,준주거,집합,2021,소형(~500평),0,중개거래,개인,법인,0,10.8,10600,0,983.2,2026-01,
남부,하남시,풍산동,공장,준주거,집합,2022,소형(~500평),0,중개거래,개인,법인,0,24.4,22000,0,900.4,2026-01,
남부,하남시,풍산동,공장,준주거,집합,2019,소형(~500평),0,중개거래,법인,법인,0,12.7,15500,0,1216.5,2026-01,
남부,하남시,덕풍동,공장,준주거,집합,2021,소형(~500평),0,중개거래,법인,법인,0,12.1,14600,0,1206.0,2026-01,
남부,하남시,풍산동,공장,준주거,집합,2018,소형(~500평),0,중개거래,개인,법인,0,45.1,23000,0,510.4,2026-01,
남부,하남시,풍산동,공장,준주거,집합,2019,소형(~500평),0,중개거래,개인,법인,0,27.8,43292,0,1556.4,2026-01,
남부,하남시,덕풍동,공장,준주거,집합,2020,소형(~500평),0,중개거래,법인,개인,0,16.2,15500,0,954.2,2026-01,
남부,하남시,풍산동,공장,준주거,집합,2021,소형(~500평),0,중개거래,개인,법인,0,6.5,9500,0,1471.0,2026-04,
남부,하남시,풍산동,공장,준주거,집합,2021,소형(~500평),0,중개거래,개인,법인,0,6.5,9550,0,1478.7,2026-01,
남부,하남시,풍산동,공장,준주거,집합,2021,소형(~500평),0,중개거래,법인,개인,0,6.5,9400,0,1455.5,2026-01,
남부,하남시,풍산동,공장,준주거,집합,2018,소형(~500평),0,직거래,개인,법인,0,26.9,38000,0,1410.7,2026-01,
남부,하남시,망월동,공장,준주거,집합,2022,소형(~500평),0,중개거래,법인,개인,0,35.2,40000,0,1135.1,2026-01,
남부,하남시,풍산동,공장,준주거,집합,2019,소형(~500평),0,중개거래,개인,법인,0,41.0,68500,0,1668.7,2026-01,
남부,하남시,망월동,공장,준주거,집합,2019,소형(~500평),0,중개거래,개인,개인,0,23.7,24000,0,1010.9,2026-01,
남부,하남시,망월동,공장,준주거,집합,2022,소형(~500평),0,중개거래,개인,개인,0,7.2,9000,0,1244.3,2026-01,
남부,하남시,망월동,공장,준주거,집합,2022,소형(~500평),0,중개거래,개인,개인,0,7.2,10000,0,1382.6,2026-01,
남부,하남시,풍산동,공장,준주거,집합,2019,소형(~500평),0,중개거래,개인,법인,0,21.2,25000,0,1179.3,2026-02,
남부,하남시,풍산동,공장,준주거,집합,2019,소형(~500평),0,중개거래,법인,개인,0,37.9,60799,0,1605.7,2026-02,
남부,하남시,풍산동,공장,준주거,집합,2019,소형(~500평),0,중개거래,법인,개인,0,43.4,69589,0,1605.1,2026-02,
남부,하남시,풍산동,공장,준주거,집합,2019,소형(~500평),0,중개거래,법인,개인,0,41.0,65917,0,1605.8,2026-02,
남부,하남시,풍산동,공장,준주거,집합,2019,소형(~500평),0,중개거래,법인,개인,0,42.7,68542,0,1605.7,2026-02,
남부,하남시,풍산동,공장,준주거,집합,2019,소형(~500평),0,중개거래,법인,개인,0,36.3,58354,0,1605.7,2026-02,
남부,하남시,광암동,공장,일반공업,일반,2017,소형(~500평),139.3,중개거래,개인,법인,300.0,418.0,610000,2033.0,1459.3,2026-02,
남부,하남시,풍산동,공장,준주거,집합,2021,소형(~500평),0,중개거래,개인,법인,0,6.5,9300,0,1440.0,2026-02,
남부,하남시,풍산동,창고시설,준주거,일반,2023,중형(500~2천평),692.4,직거래,법인,법인,891.4,6171.7,7700000,8638.3,1247.6,2026-02,
남부,하남시,풍산동,공장,준주거,집합,2021,소형(~500평),0,중개거래,개인,개인,0,6.8,13500,0,1974.7,2026-02,
남부,하남시,풍산동,공장,준주거,집합,2018,소형(~500평),0,중개거래,법인,법인,0,12.6,7100,0,564.5,2026-02,
남부,하남시,덕풍동,공장,준주거,집합,2011,소형(~500평),0,중개거래,개인,법인,0,55.1,59500,0,1079.3,2026-02,
남부,하남시,덕풍동,공장,준주거,집합,2011,소형(~500평),0,중개거래,개인,법인,0,103.6,111500,0,1076.4,2026-02,
남부,하남시,풍산동,공장,준주거,집합,2022,소형(~500평),0,중개거래,개인,법인,0,23.3,21700,0,932.7,2026-02,
남부,하남시,망월동,공장,준주거,집합,2022,소형(~500평),0,직거래,개인,개인,0,18.2,28000,0,1541.2,2026-02,
남부,하남시,풍산동,공장,준주거,집합,2018,소형(~500평),0,중개거래,개인,개인,0,12.6,7200,0,572.4,2026-02,
남부,하남시,초이동,창고시설,제1종일반주거,일반,1993,중형(500~2천평),38.6,중개거래,법인,개인,640.4,247.3,1414723,2209.1,5721.0,2026-03,
남부,하남시,광암동,공장,일반공업,일반,2019,소형(~500평),151.0,중개거래,개인,법인,181.9,274.7,410000,2254.1,1492.7,2026-03,
남부,하남시,풍산동,공장,준주거,집합,2018,소형(~500평),0,중개거래,개인,법인,0,13.0,14000,0,1075.6,2026-03,
남부,하남시,덕풍동,공장,준주거,집합,2019,소형(~500평),0,중개거래,법인,개인,0,18.0,19000,0,1053.9,2026-03,
남부,하남시,망월동,공장,준주거,집합,2019,소형(~500평),0,중개거래,개인,개인,0,6.8,8200,0,1214.5,2026-03,
남부,하남시,망월동,공장,준주거,집합,2022,소형(~500평),0,직거래,법인,개인,0,39.9,164387,0,4115.3,2026-03,
남부,하남시,풍산동,공장,준주거,집합,2018,소형(~500평),0,중개거래,개인,법인,0,46.0,52000,0,1130.2,2026-03,
남부,하남시,풍산동,공장,준주거,집합,2019,소형(~500평),0,중개거래,개인,개인,0,27.6,31000,0,1121.5,2026-03,
남부,하남시,풍산동,공장,준주거,집합,2019,소형(~500평),0,중개거래,개인,개인,0,35.1,19500,0,555.0,2026-03,
남부,하남시,풍산동,공장,준주거,집합,2019,소형(~500평),0,중개거래,개인,개인,0,41.0,60000,0,1461.7,2026-03,
남부,하남시,덕풍동,공장,준주거,집합,2021,소형(~500평),0,중개거래,개인,개인,0,6.8,9000,0,1327.0,2026-06,
남부,하남시,초이동,공장,준공업,일반,2019,소형(~500평),359.3,중개거래,법인,법인,136.7,491.2,420000,3071.7,855.0,2026-03,
남부,하남시,덕풍동,공장,준주거,집합,2019,소형(~500평),0,중개거래,개인,개인,0,11.3,11000,0,972.0,2026-03,
남부,하남시,덕풍동,공장,준주거,집합,2011,소형(~500평),0,중개거래,개인,개인,0,30.4,28000,0,921.7,2026-03,
남부,하남시,덕풍동,공장,준주거,집합,2021,소형(~500평),0,중개거래,개인,법인,0,38.4,58000,0,1511.6,2026-03,
남부,하남시,덕풍동,공장,준주거,집합,2011,소형(~500평),0,중개거래,개인,법인,0,89.0,91000,0,1022.0,2026-03,
남부,하남시,덕풍동,공장,준주거,집합,2011,소형(~500평),0,중개거래,법인,법인,0,41.4,44000,0,1063.1,2026-03,
남부,하남시,덕풍동,공장,준주거,집합,2011,소형(~500평),0,중개거래,법인,법인,0,96.2,101000,0,1050.3,2026-03,
남부,하남시,풍산동,공장,준주거,집합,2019,소형(~500평),0,중개거래,개인,법인,0,10.9,14000,0,1280.2,2026-03,
남부,하남시,덕풍동,공장,준주거,집합,2021,소형(~500평),0,중개거래,개인,개인,0,11.8,12000,0,1014.6,2026-05,
남부,하남시,망월동,공장,준주거,집합,2022,소형(~500평),0,중개거래,개인,개인,0,8.9,10650,0,1197.5,2026-03,
남부,하남시,풍산동,공장,준주거,집합,2018,소형(~500평),0,직거래,개인,법인,0,40.3,47180,0,1170.8,2026-04,
남부,하남시,풍산동,공장,준주거,집합,2022,소형(~500평),0,중개거래,개인,법인,0,13.2,19167,0,1454.3,2026-04,
남부,하남시,풍산동,공장,준주거,집합,2019,소형(~500평),0,중개거래,법인,법인,0,32.5,37700,0,1161.0,2026-04,
남부,하남시,풍산동,공장,준주거,집합,2019,소형(~500평),0,직거래,개인,법인,0,29.6,47700,0,1612.0,2026-04,
남부,하남시,망월동,공장,준주거,집합,2022,소형(~500평),0,중개거래,개인,개인,0,18.7,18500,0,988.6,2026-04,
남부,하남시,풍산동,공장,준주거,집합,2021,소형(~500평),0,직거래,개인,개인,0,6.8,10000,0,1462.7,2026-04,
남부,하남시,광암동,공장,일반공업,일반,,소형(~500평),84.3,직거래,개인,개인,202.0,170.3,380000,1881.4,2231.2,2026-04,
남부,하남시,덕풍동,공장,준주거,집합,2011,소형(~500평),0,중개거래,개인,법인,0,21.1,22000,0,1044.2,2026-04,
남부,하남시,덕풍동,공장,준주거,집합,2011,소형(~500평),0,중개거래,개인,법인,0,103.6,105500,0,1018.5,2026-04,
남부,하남시,망월동,공장,준주거,집합,2019,소형(~500평),0,중개거래,법인,개인,0,29.0,30000,0,1033.7,2026-04,
남부,하남시,풍산동,공장,준주거,집합,2019,소형(~500평),0,중개거래,법인,개인,0,40.0,66000,0,1648.3,2026-04,
남부,하남시,덕풍동,공장,준주거,집합,2021,소형(~500평),0,직거래,개인,법인,0,9.6,15000,0,1562.3,2026-04,
남부,하남시,풍산동,공장,준주거,집합,2019,소형(~500평),0,중개거래,개인,법인,0,49.9,63000,0,1261.3,2026-04,
남부,하남시,망월동,공장,준주거,집합,2022,소형(~500평),0,직거래,개인,법인,0,15.7,94800,0,6041.8,2026-04,
남부,하남시,망월동,공장,준주거,집합,2022,소형(~500평),0,직거래,법인,개인,0,16.3,42262,0,2589.6,2026-04,
남부,하남시,덕풍동,공장,준주거,집합,2021,소형(~500평),0,중개거래,법인,개인,0,35.2,47000,0,1334.8,2026-04,
남부,하남시,풍산동,공장,준주거,집합,2019,소형(~500평),0,중개거래,개인,법인,0,31.1,46000,0,1478.2,2026-04,
남부,하남시,풍산동,공장,준주거,집합,2019,소형(~500평),0,중개거래,개인,개인,0,34.5,49500,0,1432.8,2026-04,
남부,하남시,망월동,공장,준주거,집합,2019,소형(~500평),0,중개거래,개인,법인,0,15.8,15000,0,947.8,2026-04,
남부,하남시,망월동,공장,준주거,집합,2022,소형(~500평),0,직거래,개인,법인,0,6.6,11000,0,1666.5,2026-04,
남부,하남시,풍산동,공장,준주거,집합,2018,소형(~500평),0,직거래,법인,법인,0,14.0,16200,0,1158.7,2026-04,
남부,하남시,망월동,공장,준주거,집합,2022,소형(~500평),0,중개거래,개인,개인,0,6.6,10300,0,1560.5,2026-04,
남부,하남시,풍산동,공장,준주거,집합,2019,소형(~500평),0,중개거래,개인,법인,0,32.5,36800,0,1133.2,2026-04,
남부,하남시,덕풍동,공장,준주거,집합,2011,소형(~500평),0,중개거래,개인,개인,0,55.1,55800,0,1012.2,2026-04,
남부,하남시,망월동,공장,준주거,집합,2022,소형(~500평),0,직거래,법인,법인,0,14.2,20000,0,1405.5,2026-05,
남부,하남시,망월동,공장,준주거,집합,2022,소형(~500평),0,직거래,법인,법인,0,23.0,30000,0,1303.7,2026-05,
남부,하남시,풍산동,공장,준주거,집합,2018,소형(~500평),0,중개거래,개인,법인,0,7.8,9000,0,1159.9,2026-05,
남부,하남시,풍산동,공장,준주거,집합,2019,소형(~500평),0,중개거래,개인,개인,0,22.7,27300,0,1202.0,2026-05,
남부,하남시,풍산동,공장,준주거,집합,2018,소형(~500평),0,중개거래,개인,법인,0,23.8,28300,0,1188.4,2026-05,
남부,하남시,망월동,공장,준주거,집합,2022,소형(~500평),0,중개거래,개인,개인,0,14.8,27000,0,1821.9,2026-05,
남부,하남시,덕풍동,공장,준주거,집합,2011,소형(~500평),0,중개거래,법인,법인,0,48.1,43000,0,893.9,2026-05,
남부,하남시,초이동,창고시설,개발제한구역,일반,1994,대형(2천평~),29.1,중개거래,법인,법인,4662.1,1356.0,4467900,958.3,3295.0,2026-05,
남부,하남시,망월동,공장,준주거,집합,2022,소형(~500평),0,직거래,법인,개인,0,37.9,135590,0,3578.1,2026-05,
남부,하남시,덕풍동,공장,준주거,집합,2021,소형(~500평),0,중개거래,개인,개인,0,6.8,8950,0,1319.7,2026-05,
남부,하남시,덕풍동,공장,준주거,집합,2021,소형(~500평),0,중개거래,개인,개인,0,6.8,10500,0,1548.2,2026-05,
남부,하남시,덕풍동,창고시설,준주거,집합,2019,소형(~500평),0,중개거래,법인,개인,0,8.1,5000,0,620.0,2026-05,
남부,하남시,풍산동,공장,준주거,집합,2019,소형(~500평),0,중개거래,법인,법인,0,33.4,41440,0,1241.3,2026-05,
남부,하남시,풍산동,공장,준주거,집합,2019,소형(~500평),0,중개거래,법인,법인,0,31.4,48920,0,1559.8,2026-05,
남부,하남시,풍산동,공장,준주거,집합,2019,소형(~500평),0,중개거래,법인,법인,0,34.9,51980,0,1491.1,2026-05,
남부,하남시,풍산동,공장,준주거,집합,2019,소형(~500평),0,중개거래,법인,법인,0,35.9,54190,0,1508.4,2026-05,
남부,하남시,풍산동,공장,준주거,집합,2019,소형(~500평),0,중개거래,법인,법인,0,48.4,67230,0,1389.5,2026-05,
남부,하남시,풍산동,공장,준주거,집합,2019,소형(~500평),0,중개거래,법인,법인,0,30.3,47680,0,1574.0,2026-05,
남부,하남시,덕풍동,창고시설,준주거,집합,2021,소형(~500평),0,중개거래,법인,개인,0,8.9,7500,0,843.3,2026-05,
남부,하남시,망월동,공장,준주거,집합,2019,소형(~500평),0,중개거래,개인,법인,0,13.1,19000,0,1453.9,2026-05,
남부,하남시,망월동,공장,준주거,집합,2022,소형(~500평),0,직거래,개인,개인,0,9.6,80000,0,8332.2,2026-06,
남부,하남시,풍산동,공장,준주거,집합,2019,소형(~500평),0,직거래,개인,개인,0,11.6,14380,0,1235.4,2026-06,
남부,하남시,망월동,공장,준주거,집합,2022,소형(~500평),0,중개거래,개인,법인,0,40.4,55000,0,1361.3,2026-06,
남부,하남시,망월동,공장,준주거,집합,2019,소형(~500평),0,직거래,법인,법인,0,41.0,43000,0,1049.5,2026-06,
남부,하남시,풍산동,공장,준주거,집합,2021,소형(~500평),0,중개거래,개인,법인,0,16.9,17250,0,1020.9,2026-06,
남부,하남시,망월동,공장,준주거,집합,2022,소형(~500평),0,중개거래,법인,개인,0,6.6,9100,0,1378.7,2026-06,
남부,하남시,덕풍동,공장,준주거,집합,2021,소형(~500평),0,중개거래,개인,법인,0,11.7,12500,0,1069.4,2026-06,
남부,하남시,풍산동,공장,준주거,집합,2019,소형(~500평),0,중개거래,법인,법인,0,32.5,44000,0,1355.0,2026-06,
남부,하남시,풍산동,공장,준주거,집합,2019,소형(~500평),0,직거래,법인,법인,0,32.5,39000,0,1201.0,2026-06,
남부,하남시,망월동,공장,준주거,집합,2022,소형(~500평),0,중개거래,개인,개인,0,6.9,9300,0,1355.5,2026-06,
남부,하남시,풍산동,공장,준주거,집합,2021,소형(~500평),0,직거래,법인,개인,0,17.5,17593,0,1002.7,2026-06,
남부,용인시,모현읍 일산리,창고시설,생산녹지,일반,,소형(~500평),33.1,중개거래,개인,개인,359.4,119.1,82300,229.0,691.2,2025-09,
남부,용인시,유방동,공장,준주거,일반,,대형(2천평~),59.8,중개거래,개인,법인,2360.4,1411.4,1637840,693.9,1160.4,2025-10,
남부,용인시,모현읍 초부리,공장,자연녹지,일반,2001,소형(~500평),40.0,중개거래,개인,개인,324.6,129.8,139870,430.9,1077.6,2025-10,
남부,용인시,모현읍 매산리,공장,자연녹지,일반,1994,소형(~500평),53.7,중개거래,개인,개인,280.1,150.6,160000,571.2,1062.7,2025-11,
남부,용인시,양지읍 남곡리,공장,자연녹지,일반,1995,소형(~500평),38.1,직거래,개인,개인,326.9,124.5,49396,151.1,396.8,2025-11,
남부,용인시,백암면 고안리,공장,계획관리,일반,,대형(2천평~),33.6,직거래,법인,법인,2685.9,901.2,1120000,417.0,1242.9,2025-12,
남부,용인시,남사읍 완장리,창고시설,계획관리,일반,1998,소형(~500평),14.0,중개거래,개인,법인,143.4,20.0,31815,221.9,1587.8,2025-12,
남부,용인시,이동읍 덕성리,공장,일반공업,일반,,대형(2천평~),36.3,직거래,법인,법인,2002.0,727.6,1080000,539.5,1484.3,2026-01,
남부,용인시,양지읍 주북리,공장,자연녹지,일반,2001,소형(~500평),44.7,중개거래,법인,법인,378.4,169.2,160000,422.8,945.5,2026-01,
남부,용인시,이동읍 덕성리,공장,일반공업,일반,2020,소형(~500평),70.2,직거래,법인,법인,440.3,309.1,273000,620.0,883.1,2026-01,
남부,용인시,모현읍 오산리,공장,자연녹지,일반,1991,소형(~500평),55.9,직거래,개인,개인,168.8,94.3,57605,341.3,611.0,2026-02,
남부,용인시,양지읍 남곡리,공장,자연녹지,일반,1979,대형(2천평~),27.7,중개거래,법인,법인,4054.7,1123.5,2148996,530.0,1912.7,2026-02,
남부,용인시,이동읍 천리,공장,자연녹지,일반,1993,중형(500~2천평),11.5,중개거래,법인,법인,927.2,106.3,440000,474.6,4139.8,2026-02,
남부,용인시,모현읍 초부리,창고시설,자연녹지,일반,1995,대형(2천평~),74.1,직거래,법인,법인,3481.2,2580.0,1096695,315.0,425.1,2026-02,
남부,용인시,모현읍 매산리,공장,자연녹지,일반,2015,소형(~500평),20.0,직거래,개인,법인,348.2,69.6,160000,459.5,2299.7,2026-03,
남부,용인시,이동읍 덕성리,공장,일반공업,일반,2021,중형(500~2천평),55.7,중개거래,법인,법인,1097.3,610.8,695000,633.4,1137.8,2026-03,
남부,용인시,양지읍 주북리,공장,자연녹지,일반,2005,대형(2천평~),18.3,중개거래,법인,법인,2149.3,393.9,497350,231.4,1262.8,2026-03,
남부,용인시,양지읍 주북리,공장,자연녹지,일반,2005,중형(500~2천평),19.6,중개거래,법인,법인,1533.7,300.2,370362,241.5,1233.7,2026-03,
남부,용인시,양지읍 주북리,공장,자연녹지,일반,2005,대형(2천평~),18.3,중개거래,법인,법인,2149.3,393.9,218316,101.6,554.3,2026-03,
남부,용인시,양지읍 주북리,공장,자연녹지,일반,2005,중형(500~2천평),19.6,중개거래,법인,법인,1533.7,300.2,157324,102.6,524.1,2026-03,
남부,용인시,모현읍 매산리,창고시설,자연녹지,일반,1997,소형(~500평),24.9,직거래,개인,개인,459.8,114.4,140850,306.3,1231.5,2026-04,
남부,용인시,이동읍 어비리,창고시설,계획관리,일반,,소형(~500평),18.6,중개거래,개인,법인,159.1,29.6,19500,122.6,657.8,2026-04,
남부,용인시,원삼면 맹리,창고시설,계획관리,일반,2020,대형(2천평~),153.8,직거래,법인,법인,10816.8,16634.9,8268007,764.4,497.0,2026-05,
남부,용인시,모현읍 오산리,공장,자연녹지,일반,1997,소형(~500평),90.9,직거래,개인,개인,262.9,239.1,112013,426.1,468.5,2026-05,
남부,용인시,모현읍 오산리,창고시설,자연녹지,일반,2004,소형(~500평),37.3,직거래,개인,개인,107.1,39.9,57987,541.5,1452.2,2026-05,
남부,용인시,포곡읍 마성리,공장,생산녹지,일반,2015,중형(500~2천평),29.9,직거래,법인,법인,700.6,209.1,545472,778.6,2608.2,2026-06,
남부,용인시,중동,공장,준주거,집합,2011,소형(~500평),0,중개거래,법인,법인,0,83.4,66000,0,791.6,2025-07,
남부,용인시,중동,공장,준주거,집합,2011,소형(~500평),0,직거래,개인,법인,0,83.4,62500,0,749.7,2025-07,
남부,용인시,중동,공장,준주거,집합,2011,소형(~500평),0,직거래,법인,법인,0,40.9,33000,0,805.9,2025-07,
남부,용인시,영덕동,공장,준주거,집합,2019,소형(~500평),0,중개거래,개인,개인,0,15.3,18400,0,1201.9,2025-07,
남부,용인시,청덕동,공장,준주거,집합,2017,소형(~500평),0,직거래,개인,법인,0,27.0,32000,0,1186.5,2026-03,
남부,용인시,영덕동,공장,준주거,집합,2011,소형(~500평),0,중개거래,개인,법인,0,30.2,25000,0,827.1,2025-07,
남부,용인시,영덕동,공장,준주거,집합,2011,소형(~500평),0,직거래,개인,법인,0,13.8,19500,0,1414.6,2025-07,
남부,용인시,농서동,공장,준주거,집합,2020,소형(~500평),0,중개거래,개인,법인,0,10.2,13570,0,1335.1,2025-07,
남부,용인시,청덕동,공장,준주거,집합,2017,소형(~500평),0,중개거래,개인,법인,0,35.4,46500,0,1315.3,2025-07,
남부,용인시,청덕동,공장,준주거,집합,2017,소형(~500평),0,중개거래,개인,개인,0,21.8,30000,0,1374.5,2025-07,
남부,용인시,영덕동,공장,준주거,집합,2013,소형(~500평),0,직거래,법인,법인,0,70.4,145000,0,2060.7,2025-08,
남부,용인시,구갈동,공장,일반공업,집합,2021,소형(~500평),0,직거래,개인,법인,0,30.6,51000,0,1667.9,2025-08,
남부,용인시,영덕동,공장,준주거,집합,2011,소형(~500평),0,중개거래,법인,법인,0,33.3,32000,0,962.2,2026-04,
남부,용인시,영덕동,공장,준주거,집합,2011,소형(~500평),0,중개거래,법인,법인,0,29.0,29000,0,1001.1,2025-08,
남부,용인시,청덕동,공장,준주거,집합,2017,소형(~500평),0,중개거래,법인,법인,0,27.0,30850,0,1143.8,2025-08,
남부,용인시,구갈동,공장,준공업,집합,2021,소형(~500평),0,중개거래,개인,법인,0,51.1,58500,0,1144.3,2025-08,
남부,용인시,구갈동,공장,일반공업,집합,2021,소형(~500평),0,직거래,개인,법인,0,27.4,31000,0,1130.5,2025-08,
남부,용인시,구갈동,공장,일반공업,집합,2021,소형(~500평),0,직거래,개인,법인,0,37.2,67000,0,1802.9,2025-09,
남부,용인시,영덕동,공장,준주거,집합,2013,소형(~500평),0,중개거래,개인,개인,0,28.9,41000,0,1419.5,2025-09,
남부,용인시,구갈동,공장,일반공업,집합,,소형(~500평),0,중개거래,개인,법인,0,37.2,54500,0,1466.5,2025-09,
남부,용인시,구갈동,공장,일반공업,집합,,소형(~500평),0,중개거래,개인,법인,0,37.2,56000,0,1503.6,2025-09,
남부,용인시,영덕동,공장,준주거,집합,2013,소형(~500평),0,중개거래,개인,개인,0,10.3,12350,0,1195.5,2025-09,
남부,용인시,영덕동,공장,준주거,집합,2019,소형(~500평),0,중개거래,개인,법인,0,34.2,41500,0,1214.3,2025-09,
남부,용인시,영덕동,공장,준주거,집합,2019,소형(~500평),0,중개거래,개인,법인,0,24.1,45000,0,1869.6,2025-09,
남부,용인시,농서동,공장,준주거,집합,2020,소형(~500평),0,중개거래,개인,개인,0,6.0,5000,0,831.0,2025-09,
남부,용인시,청덕동,공장,준주거,집합,,소형(~500평),0,중개거래,법인,개인,0,35.3,40500,0,1147.3,2025-09,
남부,용인시,중동,공장,준주거,집합,,소형(~500평),0,중개거래,개인,법인,0,26.0,17400,0,668.1,2025-09,
남부,용인시,중동,공장,준주거,집합,,소형(~500평),0,중개거래,개인,법인,0,25.1,17300,0,688.8,2025-09,
남부,용인시,영덕동,공장,준주거,집합,,소형(~500평),0,중개거래,개인,개인,0,13.8,13400,0,972.1,2025-09,
남부,용인시,청덕동,공장,준주거,집합,,소형(~500평),0,중개거래,개인,개인,0,20.6,26000,0,1260.6,2025-09,
남부,용인시,구갈동,공장,일반공업,집합,,소형(~500평),0,중개거래,개인,법인,0,30.6,38500,0,1259.1,2025-10,
남부,용인시,구갈동,공장,일반공업,집합,,소형(~500평),0,중개거래,개인,법인,0,33.9,57500,0,1698.1,2025-10,
남부,용인시,중동,공장,준주거,집합,,소형(~500평),0,중개거래,법인,법인,0,25.1,24000,0,955.5,2025-10,
남부,용인시,공세동,공장,준주거,일반,2015,소형(~500평),126.8,중개거래,법인,법인,353.3,448.1,285995,809.6,638.2,2025-10,
남부,용인시,공세동,공장,준주거,일반,2008,소형(~500평),233.3,중개거래,법인,법인,318.9,744.0,344005,1078.6,462.4,2025-10,
남부,용인시,청덕동,공장,준주거,집합,2017,소형(~500평),0,중개거래,개인,개인,0,28.6,31900,0,1117.1,2025-11,
남부,용인시,영덕동,공장,준주거,집합,2013,소형(~500평),0,중개거래,개인,법인,0,26.4,42000,0,1589.3,2025-11,
남부,용인시,영덕동,공장,준주거,집합,2013,소형(~500평),0,중개거래,개인,법인,0,28.0,39000,0,1392.9,2025-11,
남부,용인시,영덕동,공장,준주거,집합,2011,소형(~500평),0,중개거래,개인,법인,0,14.0,13000,0,929.6,2025-11,
남부,용인시,영덕동,공장,준주거,집합,2013,소형(~500평),0,중개거래,개인,법인,0,27.4,48000,0,1749.1,2025-11,
남부,용인시,영덕동,공장,준주거,집합,2013,소형(~500평),0,중개거래,개인,개인,0,11.3,13200,0,1168.9,2025-11,
남부,용인시,영덕동,공장,준주거,집합,2013,소형(~500평),0,중개거래,개인,개인,0,10.3,14000,0,1355.2,2025-12,
남부,용인시,영덕동,공장,준주거,집합,2013,소형(~500평),0,중개거래,개인,법인,0,62.6,117000,0,1869.9,2025-12,
남부,용인시,영덕동,공장,준주거,집합,2019,소형(~500평),0,중개거래,개인,법인,0,14.2,15000,0,1056.8,2025-12,
남부,용인시,청덕동,공장,준주거,집합,2017,소형(~500평),0,직거래,법인,법인,0,25.6,28418,0,1108.2,2025-12,
남부,용인시,청덕동,공장,준주거,집합,2017,소형(~500평),0,직거래,법인,법인,0,29.9,33118,0,1108.2,2025-12,
남부,용인시,청덕동,공장,준주거,집합,2017,소형(~500평),0,직거래,법인,법인,0,27.0,29889,0,1108.2,2025-12,
남부,용인시,청덕동,공장,준주거,집합,2017,소형(~500평),0,직거래,법인,법인,0,28.6,31647,0,1108.2,2025-12,
남부,용인시,청덕동,공장,준주거,집합,2017,소형(~500평),0,직거래,법인,법인,0,20.2,22417,0,1108.2,2025-12,
남부,용인시,청덕동,공장,준주거,집합,2017,소형(~500평),0,직거래,법인,법인,0,38.1,42205,0,1107.0,2025-12,
남부,용인시,청덕동,공장,준주거,집합,2017,소형(~500평),0,직거래,법인,법인,0,10.8,9800,0,908.2,2025-12,
남부,용인시,농서동,공장,준주거,집합,2019,소형(~500평),0,직거래,개인,법인,0,26.3,40000,0,1518.9,2025-12,
남부,용인시,영덕동,공장,준주거,집합,2013,소형(~500평),0,중개거래,개인,개인,0,10.3,12700,0,1229.4,2025-12,
남부,용인시,영덕동,공장,준주거,집합,2013,소형(~500평),0,중개거래,법인,법인,0,27.4,43000,0,1566.9,2025-12,
남부,용인시,농서동,공장,준주거,집합,2019,소형(~500평),0,직거래,개인,법인,0,14.5,20940,0,1443.1,2025-12,
남부,용인시,농서동,공장,준주거,집합,2019,소형(~500평),0,직거래,개인,법인,0,17.9,25840,0,1443.2,2025-12,
남부,용인시,농서동,공장,준주거,집합,2019,소형(~500평),0,직거래,개인,법인,0,8.6,7220,0,843.7,2025-12,
남부,용인시,중동,공장,준주거,집합,,소형(~500평),0,중개거래,개인,법인,0,18.9,18000,0,950.8,2025-12,
남부,용인시,영덕동,공장,준주거,집합,2011,소형(~500평),0,중개거래,법인,법인,0,30.2,31000,0,1025.6,2025-12,
남부,용인시,영덕동,공장,준주거,집합,2011,소형(~500평),0,중개거래,법인,법인,0,29.0,30000,0,1035.6,2025-12,
남부,용인시,영덕동,공장,준주거,집합,2011,소형(~500평),0,중개거래,법인,법인,0,33.3,33000,0,992.3,2025-12,
남부,용인시,구갈동,공장,일반공업,집합,,소형(~500평),0,중개거래,법인,법인,0,37.2,56387,0,1514.0,2026-01,
남부,용인시,구갈동,공장,일반공업,집합,2021,소형(~500평),0,중개거래,개인,법인,0,38.8,64110,0,1651.6,2026-01,
남부,용인시,구갈동,공장,일반공업,집합,,소형(~500평),0,중개거래,개인,법인,0,32.4,51788,0,1600.7,2026-01,
남부,용인시,영덕동,공장,준주거,집합,,소형(~500평),0,중개거래,개인,법인,0,24.1,29000,0,1204.8,2026-01,
남부,용인시,농서동,공장,준주거,집합,2020,소형(~500평),0,중개거래,법인,법인,0,41.0,44000,0,1072.7,2026-01,
남부,용인시,영덕동,공장,준주거,집합,2013,소형(~500평),0,중개거래,법인,법인,0,27.7,42000,0,1517.1,2026-01,
남부,용인시,영덕동,공장,준주거,집합,2013,소형(~500평),0,중개거래,법인,법인,0,26.4,41700,0,1578.0,2026-01,
남부,용인시,영덕동,공장,준주거,집합,2019,소형(~500평),0,중개거래,개인,법인,0,36.3,38000,0,1047.4,2026-01,
남부,용인시,농서동,공장,준주거,집합,2019,소형(~500평),0,중개거래,개인,개인,0,7.4,8000,0,1075.1,2026-01,
남부,용인시,구갈동,공장,일반공업,집합,,소형(~500평),0,중개거래,개인,법인,0,55.5,94825,0,1708.3,2026-01,
남부,용인시,영덕동,공장,준주거,집합,2011,소형(~500평),0,직거래,법인,법인,0,29.0,35000,0,1208.3,2026-01,
남부,용인시,구갈동,공장,일반공업,집합,,소형(~500평),0,중개거래,개인,법인,0,33.7,52012,0,1545.7,2026-01,
남부,용인시,구갈동,공장,일반공업,집합,,소형(~500평),0,중개거래,개인,법인,0,37.2,59491,0,1600.9,2026-01,
남부,용인시,농서동,공장,준주거,집합,2019,소형(~500평),0,직거래,개인,법인,0,12.0,22000,0,1836.1,2026-01,
남부,용인시,청덕동,공장,준주거,집합,2017,소형(~500평),0,중개거래,법인,개인,0,30.1,32000,0,1063.2,2026-02,
남부,용인시,구갈동,공장,일반공업,집합,,소형(~500평),0,중개거래,개인,법인,0,33.9,59300,0,1751.2,2026-02,
남부,용인시,영덕동,공장,준주거,집합,2011,소형(~500평),0,중개거래,법인,법인,0,18.0,15000,0,835.2,2026-02,
남부,용인시,중동,공장,준주거,집합,,소형(~500평),0,중개거래,법인,법인,0,25.1,23000,0,915.7,2026-02,
남부,용인시,중동,공장,준주거,집합,,소형(~500평),0,중개거래,법인,법인,0,26.0,24000,0,921.5,2026-02,
남부,용인시,중동,공장,준주거,집합,2010,소형(~500평),0,직거래,법인,법인,0,33.1,45000,0,1361.0,2026-03,
남부,용인시,농서동,공장,준주거,집합,2019,소형(~500평),0,중개거래,개인,개인,0,15.2,11700,0,768.8,2026-03,
남부,용인시,농서동,공장,준주거,집합,2019,소형(~500평),0,중개거래,개인,개인,0,14.5,11700,0,806.3,2026-03,
남부,용인시,영덕동,공장,준주거,집합,,소형(~500평),0,중개거래,개인,법인,0,16.0,14000,0,876.9,2026-03,
남부,용인시,영덕동,공장,준주거,집합,2011,소형(~500평),0,중개거래,법인,법인,0,102.6,105000,0,1023.6,2026-03,
남부,용인시,농서동,공장,준주거,집합,2020,소형(~500평),0,중개거래,개인,법인,0,30.9,24590,0,796.3,2026-03,
남부,용인시,농서동,공장,준주거,집합,2019,소형(~500평),0,직거래,개인,법인,0,7.4,6500,0,873.5,2026-04,
남부,용인시,농서동,공장,준주거,집합,2019,소형(~500평),0,중개거래,개인,법인,0,9.0,8500,0,947.1,2026-03,
남부,용인시,구갈동,공장,준공업,집합,,소형(~500평),0,중개거래,개인,법인,0,44.9,72500,0,1613.4,2026-03,
남부,용인시,영덕동,공장,준주거,집합,2011,소형(~500평),0,중개거래,개인,개인,0,30.2,33000,0,1091.8,2026-03,
남부,용인시,영덕동,공장,준주거,집합,2013,소형(~500평),0,중개거래,개인,법인,0,30.5,39300,0,1288.7,2026-03,
남부,용인시,영덕동,공장,준주거,집합,2013,소형(~500평),0,중개거래,법인,법인,0,27.7,38000,0,1372.6,2026-04,
남부,용인시,청덕동,공장,준주거,집합,2017,소형(~500평),0,중개거래,법인,법인,0,25.0,29800,0,1191.5,2026-04,
남부,용인시,청덕동,공장,준주거,집합,2017,소형(~500평),0,중개거래,법인,법인,0,26.5,29800,0,1123.5,2026-04,
남부,용인시,청덕동,공장,준주거,집합,2017,소형(~500평),0,중개거래,법인,법인,0,27.0,33000,0,1223.5,2026-04,
남부,용인시,청덕동,공장,준주거,집합,2017,소형(~500평),0,중개거래,법인,법인,0,28.6,34000,0,1190.6,2026-04,
남부,용인시,농서동,공장,준주거,집합,2020,소형(~500평),0,중개거래,개인,개인,0,5.8,3800,0,656.0,2026-04,
남부,용인시,농서동,공장,준주거,집합,2019,소형(~500평),0,중개거래,개인,법인,0,7.4,7700,0,1034.7,2026-04,
남부,용인시,상하동,공장,자연녹지,일반,1997,소형(~500평),112.8,중개거래,개인,법인,146.3,164.9,105000,717.8,636.6,2026-04,
남부,용인시,농서동,공장,준주거,집합,2019,소형(~500평),0,직거래,개인,법인,0,9.0,7800,0,869.1,2026-04,
남부,용인시,청덕동,공장,준주거,집합,,소형(~500평),0,중개거래,법인,법인,0,28.6,32000,0,1120.6,2026-04,
남부,용인시,청덕동,공장,준주거,집합,,소형(~500평),0,중개거래,법인,법인,0,27.0,31500,0,1167.9,2026-04,
남부,용인시,영덕동,공장,준주거,집합,2011,소형(~500평),0,중개거래,법인,법인,0,29.0,32000,0,1104.7,2026-05,
남부,용인시,영덕동,공장,준주거,집합,2011,소형(~500평),0,중개거래,법인,법인,0,33.3,36000,0,1082.5,2026-05,
남부,용인시,청덕동,공장,준주거,집합,2017,소형(~500평),0,중개거래,개인,개인,0,25.0,32200,0,1287.4,2026-05,
남부,용인시,청덕동,공장,준주거,집합,2017,소형(~500평),0,직거래,법인,개인,0,20.6,24000,0,1163.7,2026-06,NEW
남부,용인시,영덕동,공장,준주거,집합,2011,소형(~500평),0,중개거래,개인,법인,0,52.9,61000,0,1154.1,2026-06,
남부,용인시,영덕동,공장,준주거,집합,2013,소형(~500평),0,중개거래,개인,법인,0,28.0,38260,0,1366.5,2026-06,
남부,용인시,농서동,공장,준주거,집합,2020,소형(~500평),0,직거래,개인,법인,0,10.2,9000,0,885.5,2026-06,
남부,용인시,중동,공장,준주거,집합,2011,소형(~500평),0,중개거래,법인,개인,0,51.1,34000,0,665.9,2026-06,
남부,용인시,상현동,공장,준주거,집합,2023,소형(~500평),0,중개거래,개인,법인,0,24.3,60000,0,2472.5,2025-07,
남부,용인시,상현동,공장,준주거,집합,2019,소형(~500평),0,중개거래,개인,법인,0,34.5,90400,0,2624.0,2025-07,
남부,용인시,상현동,공장,준주거,집합,2019,소형(~500평),0,중개거래,개인,법인,0,32.5,85400,0,2623.7,2025-07,
남부,용인시,상현동,공장,준주거,집합,2019,소형(~500평),0,중개거래,개인,법인,0,30.9,81200,0,2626.0,2025-07,
남부,용인시,상현동,공장,준주거,집합,2019,소형(~500평),0,중개거래,법인,법인,0,11.8,28250,0,2394.6,2025-07,
남부,용인시,동천동,공장,일반상업,집합,2016,소형(~500평),0,중개거래,법인,법인,0,31.9,86000,0,2696.6,2025-09,
남부,용인시,동천동,공장,일반상업,집합,2016,소형(~500평),0,중개거래,법인,법인,0,32.0,87000,0,2720.7,2025-09,
남부,용인시,상현동,공장,준주거,집합,2019,소형(~500평),0,중개거래,개인,법인,0,11.8,25000,0,2119.1,2025-09,
남부,용인시,동천동,공장,일반상업,집합,2016,소형(~500평),0,중개거래,법인,개인,0,32.1,97000,0,3018.8,2025-10,
남부,용인시,상현동,공장,준주거,집합,2023,소형(~500평),0,중개거래,개인,개인,0,11.7,23700,0,2019.3,2025-11,
남부,용인시,상현동,공장,준주거,집합,2023,소형(~500평),0,직거래,개인,개인,0,9.4,24000,0,2557.7,2026-01,
남부,용인시,고기동,공장,자연녹지,일반,2014,소형(~500평),66.1,중개거래,개인,개인,348.8,230.7,268108,768.7,1162.1,2026-01,
남부,용인시,상현동,공장,준주거,집합,2019,소형(~500평),0,중개거래,개인,개인,0,10.3,18900,0,1828.0,2026-02,
남부,용인시,상현동,공장,준주거,집합,2019,소형(~500평),0,중개거래,개인,법인,0,27.8,66600,0,2393.4,2026-02,
남부,용인시,상현동,공장,준주거,집합,2019,소형(~500평),0,중개거래,개인,법인,0,27.0,61900,0,2294.0,2026-02,
남부,용인시,동천동,공장,일반상업,집합,2016,소형(~500평),0,직거래,법인,법인,0,32.0,98580,0,3082.8,2026-03,
남부,용인시,동천동,공장,일반상업,집합,2016,소형(~500평),0,중개거래,법인,법인,0,72.3,198000,0,2738.1,2026-03,
남부,용인시,상현동,공장,준주거,집합,2019,소형(~500평),0,중개거래,개인,법인,0,30.9,75000,0,2425.5,2026-03,
남부,용인시,성복동,창고시설,제3종일반주거,일반,1996,소형(~500평),41.7,직거래,법인,법인,490.1,204.2,440829,899.6,2158.9,2026-04,
남부,용인시,동천동,창고시설,일반상업,일반,1999,대형(2천평~),50.8,직거래,법인,법인,2974.9,1511.6,10220936,3435.7,6761.8,2026-04,
남부,용인시,동천동,창고시설,일반상업,일반,1998,소형(~500평),61.4,직거래,법인,법인,496.3,304.7,1689860,3405.0,5545.9,2026-04,
남부,용인시,동천동,공장,일반상업,집합,2016,소형(~500평),0,중개거래,법인,법인,0,128.8,360000,0,2795.5,2026-04,
남부,용인시,동천동,공장,일반상업,집합,2016,소형(~500평),0,중개거래,개인,법인,0,34.5,105000,0,3044.0,2026-05,
남부,용인시,상현동,공장,준주거,집합,2019,소형(~500평),0,중개거래,개인,개인,0,41.4,98000,0,2366.4,2026-05,
남부,용인시,상현동,공장,준주거,집합,2019,소형(~500평),0,중개거래,개인,개인,0,21.9,52000,0,2374.6,2026-05,
남부,용인시,상현동,공장,준주거,집합,2023,소형(~500평),0,중개거래,법인,법인,0,13.8,26530,0,1918.7,2026-06,
남부,용인시,상현동,공장,준주거,집합,2023,소형(~500평),0,중개거래,법인,법인,0,26.8,51470,0,1918.7,2026-06,
북부,파주시,연다산동,공장,계획관리,일반,,중형(500~2천평),33.0,중개거래,법인,법인,507.7,167.6,261000,514.0,1557.4,2025-07,
북부,파주시,법원읍 금곡리,공장,계획관리,일반,,대형(2천평~),23.5,중개거래,법인,법인,4448.6,1044.2,613500,137.9,587.5,2025-07,
북부,파주시,조리읍 능안리,창고시설,계획관리,일반,2022,소형(~500평),36.1,중개거래,개인,개인,134.0,48.3,25616,191.2,529.9,2025-07,
북부,파주시,와동동,공장,준주거,집합,2020,소형(~500평),0,중개거래,개인,법인,0,13.6,12000,0,883.7,2025-07,
북부,파주시,탄현면 축현리,창고시설,계획관리,일반,2019,중형(500~2천평),58.9,직거래,법인,개인,1209.4,711.8,521700,431.4,732.9,2025-07,
북부,파주시,조리읍 뇌조리,공장,계획관리,일반,,중형(500~2천평),38.8,중개거래,법인,법인,1066.0,413.2,284480,266.9,688.4,2025-07,
북부,파주시,문발동,공장,준공업,일반,2005,중형(500~2천평),178.7,중개거래,개인,법인,982.6,1755.9,750000,763.3,427.1,2025-07,
북부,파주시,맥금동,공장,계획관리,일반,2010,중형(500~2천평),100.0,직거래,법인,법인,1099.9,1099.5,706727,642.5,642.8,2025-07,
북부,파주시,파주읍 부곡리,공장,계획관리,일반,1998,소형(~500평),41.0,직거래,개인,법인,485.5,199.0,91000,187.4,457.2,2025-07,
북부,파주시,연다산동,창고시설,계획관리,일반,,소형(~500평),14.2,중개거래,개인,법인,178.8,25.4,64100,358.5,2522.6,2025-07,
북부,파주시,탄현면 오금리,창고시설,계획관리,일반,2000,중형(500~2천평),36.4,중개거래,법인,법인,719.0,261.5,140000,194.7,535.3,2025-07,
북부,파주시,연다산동,공장,계획관리,일반,,중형(500~2천평),33.8,중개거래,개인,개인,700.0,236.9,299000,427.2,1262.0,2025-07,
북부,파주시,탄현면 축현리,공장,계획관리,일반,2021,중형(500~2천평),29.5,직거래,법인,법인,954.1,281.6,349000,365.8,1239.2,2025-08,
북부,파주시,월롱면 영태리,공장,계획관리,일반,,소형(~500평),34.4,직거래,법인,법인,334.6,115.0,89800,268.4,781.2,2025-08,
북부,파주시,탄현면 금승리,공장,계획관리,일반,,중형(500~2천평),36.8,직거래,법인,법인,1448.1,533.6,418000,288.7,783.3,2025-08,
북부,파주시,맥금동,공장,계획관리,일반,2022,중형(500~2천평),39.7,중개거래,법인,법인,1943.3,772.0,623600,320.9,807.8,2025-08,
북부,파주시,파주읍 백석리,공장,계획관리,일반,2003,소형(~500평),39.7,중개거래,개인,개인,470.1,186.8,121900,259.3,652.7,2025-08,
북부,파주시,송촌동,공장,계획관리,일반,,소형(~500평),52.1,중개거래,개인,법인,468.6,243.9,243700,520.1,999.2,2025-08,
북부,파주시,파평면 눌노리,공장,계획관리,일반,2016,소형(~500평),21.7,중개거래,법인,개인,461.9,100.3,70000,151.5,698.1,2025-08,
북부,파주시,조리읍 오산리,공장,일반공업,일반,2006,소형(~500평),137.3,중개거래,법인,개인,360.0,494.1,150000,416.7,303.6,2025-08,
북부,파주시,월롱면 덕은리,공장,계획관리,일반,1996,소형(~500평),31.5,중개거래,개인,법인,269.5,84.9,46454,172.4,546.9,2025-08,
북부,파주시,연다산동,공장,계획관리,일반,,중형(500~2천평),47.7,중개거래,법인,법인,671.6,320.2,283200,421.7,884.5,2025-08,
북부,파주시,탄현면 성동리,공장,일반공업,일반,,소형(~500평),55.1,직거래,개인,법인,478.2,263.5,156000,326.2,592.0,2025-09,
북부,파주시,법원읍 웅담리,공장,계획관리,일반,,중형(500~2천평),19.9,직거래,법인,법인,1938.4,385.3,298630,154.1,775.0,2025-09,
북부,파주시,탄현면 성동리,공장,일반공업,일반,2002,소형(~500평),68.8,중개거래,개인,법인,323.7,222.8,97500,301.2,437.6,2025-09,
북부,파주시,조리읍 오산리,공장,계획관리,일반,,중형(500~2천평),37.6,중개거래,법인,법인,1067.2,401.7,179800,168.5,447.6,2025-09,
북부,파주시,파평면 금파리,공장,일반공업,일반,,중형(500~2천평),63.8,직거래,개인,법인,1196.4,763.0,159600,133.4,209.2,2025-09,
북부,파주시,파주읍 부곡리,공장,계획관리,일반,1999,소형(~500평),32.0,중개거래,개인,개인,432.0,138.4,63250,146.4,457.0,2025-09,
북부,파주시,광탄면 창만리,창고시설,계획관리,일반,2020,중형(500~2천평),24.5,직거래,개인,개인,802.2,196.7,157700,196.6,801.9,2025-09,
북부,파주시,광탄면 창만리,공장,계획관리,일반,,중형(500~2천평),45.1,직거래,법인,법인,1015.8,458.3,230300,226.7,502.5,2025-09,
북부,파주시,법원읍 웅담리,공장,계획관리,일반,2011,중형(500~2천평),26.5,중개거래,법인,법인,1606.3,426.0,120000,74.7,281.7,2025-10,
북부,파주시,동패동,공장,계획관리,일반,1997,소형(~500평),48.9,중개거래,개인,개인,389.6,190.6,148000,379.9,776.6,2025-10,
북부,파주시,맥금동,공장,계획관리,일반,2004,소형(~500평),39.1,중개거래,개인,법인,242.6,94.9,39700,163.6,418.5,2025-10,
북부,파주시,광탄면 창만리,공장,계획관리,일반,,소형(~500평),40.5,직거래,개인,개인,427.4,173.0,74300,173.8,429.4,2025-10,
북부,파주시,파주읍 부곡리,공장,계획관리,일반,,소형(~500평),43.6,중개거래,법인,법인,270.7,118.0,58000,214.2,491.6,2025-10,
북부,파주시,광탄면 용미리,공장,계획관리,일반,2007,중형(500~2천평),37.1,중개거래,개인,법인,741.1,274.9,210900,284.6,767.2,2025-10,
북부,파주시,금촌동,창고시설,제1종일반주거,집합,2015,소형(~500평),0,직거래,개인,개인,0,17.5,6000,0,343.8,2025-10,
북부,파주시,법원읍 삼방리,공장,계획관리,일반,1993,소형(~500평),37.1,중개거래,개인,법인,358.8,133.1,40585,113.1,305.0,2025-11,
북부,파주시,법원읍 삼방리,창고시설,계획관리,일반,1997,소형(~500평),28.1,중개거래,개인,법인,145.2,40.8,16305,112.3,399.3,2025-11,
북부,파주시,문산읍 선유리,공장,일반공업,일반,2011,중형(500~2천평),120.1,직거래,법인,법인,1452.5,1744.9,782000,538.4,448.2,2025-11,
북부,파주시,월롱면 영태리,공장,계획관리,일반,2023,소형(~500평),46.2,직거래,개인,개인,108.1,49.9,29709,274.7,594.8,2025-11,
북부,파주시,와동동,공장,준주거,집합,2020,소형(~500평),0,직거래,개인,법인,0,11.9,16830,0,1409.2,2025-11,
북부,파주시,와동동,공장,준주거,집합,2020,소형(~500평),0,직거래,개인,법인,0,13.6,19135,0,1409.1,2025-11,
북부,파주시,와동동,공장,준주거,집합,2020,소형(~500평),0,직거래,개인,법인,0,16.4,23120,0,1409.1,2025-11,
북부,파주시,와동동,공장,준주거,집합,2020,소형(~500평),0,직거래,개인,법인,0,12.7,17855,0,1409.0,2025-11,
북부,파주시,와동동,공장,준주거,집합,2020,소형(~500평),0,직거래,개인,법인,0,13.6,19173,0,1409.1,2025-11,
북부,파주시,탄현면 갈현리,공장,계획관리,일반,,중형(500~2천평),61.5,중개거래,법인,법인,648.9,399.0,320000,493.1,802.0,2025-11,
북부,파주시,적성면 가월리,공장,일반공업,일반,,중형(500~2천평),74.4,직거래,법인,법인,696.8,518.6,175045,251.2,337.5,2025-11,
북부,파주시,탄현면 성동리,공장,일반공업,일반,,소형(~500평),59.1,직거래,개인,법인,478.3,282.5,179250,374.8,634.4,2025-11,
북부,파주시,조리읍 뇌조리,공장,계획관리,일반,2007,중형(500~2천평),39.0,중개거래,개인,법인,582.3,227.2,135905,233.4,598.2,2025-11,
북부,파주시,검산동,공장,계획관리,일반,,중형(500~2천평),75.9,중개거래,법인,법인,562.0,426.6,186444,331.7,437.0,2025-11,
북부,파주시,야당동,창고시설,계획관리,집합,2017,소형(~500평),0,중개거래,개인,개인,0,2.5,100,0,40.5,2026-03,
북부,파주시,상지석동,공장,계획관리,일반,2013,소형(~500평),38.7,중개거래,개인,개인,310.4,120.1,162629,524.0,1354.2,2025-12,
북부,파주시,문발동,공장,준공업,집합,2020,소형(~500평),0,직거래,법인,법인,0,17.1,12000,0,701.7,2025-12,
북부,파주시,광탄면 분수리,공장,계획관리,일반,,소형(~500평),39.7,직거래,개인,법인,427.1,169.4,92000,215.4,543.1,2025-12,
북부,파주시,와동동,공장,준주거,집합,2020,소형(~500평),0,중개거래,법인,법인,0,11.9,15700,0,1314.6,2025-12,
북부,파주시,법원읍 가야리,공장,계획관리,일반,,중형(500~2천평),27.7,중개거래,법인,법인,867.9,240.7,123000,141.7,511.1,2025-12,
북부,파주시,상지석동,공장,계획관리,일반,2018,소형(~500평),77.8,중개거래,법인,법인,388.4,302.3,236736,609.5,783.1,2025-12,
북부,파주시,탄현면 법흥리,공장,계획관리,일반,,중형(500~2천평),45.3,직거래,개인,법인,1111.1,503.6,264800,238.3,525.8,2026-01,
북부,파주시,월롱면 영태리,공장,생산관리,일반,2016,중형(500~2천평),31.0,직거래,법인,법인,860.9,267.2,170700,198.3,638.9,2026-01,
북부,파주시,파평면 금파리,공장,생산관리,일반,,중형(500~2천평),31.5,중개거래,개인,법인,513.3,161.6,64000,124.7,396.1,2026-01,
북부,파주시,조리읍 봉일천리,공장,계획관리,일반,,중형(500~2천평),40.9,중개거래,개인,법인,1306.8,533.9,312000,238.7,584.4,2026-01,
북부,파주시,광탄면 마장리,공장,계획관리,일반,2000,중형(500~2천평),26.2,중개거래,법인,법인,1098.1,287.4,145000,132.0,504.6,2026-01,
북부,파주시,와동동,공장,준주거,집합,2020,소형(~500평),0,중개거래,개인,개인,0,12.7,13000,0,1025.4,2026-01,
북부,파주시,조리읍 봉일천리,공장,계획관리,일반,,중형(500~2천평),40.8,중개거래,개인,개인,665.1,271.3,146400,220.1,539.7,2026-02,
북부,파주시,월롱면 덕은리,공장,계획관리,일반,2003,중형(500~2천평),79.3,직거래,법인,법인,1661.9,1317.6,475267,286.0,360.7,2026-02,
북부,파주시,월롱면 영태리,공장,계획관리,일반,1990,소형(~500평),95.6,직거래,개인,법인,297.7,284.5,104000,349.4,365.6,2026-02,
북부,파주시,법원읍 법원리,공장,계획관리,일반,,중형(500~2천평),43.9,직거래,법인,법인,1292.6,567.0,294369,227.7,519.2,2026-02,
북부,파주시,광탄면 분수리,공장,계획관리,일반,2011,소형(~500평),18.6,직거래,개인,법인,458.6,85.3,53321,116.3,624.9,2026-02,
북부,파주시,연다산동,공장,계획관리,일반,,소형(~500평),43.7,중개거래,개인,법인,388.1,169.5,190356,490.5,1123.1,2026-02,
북부,파주시,광탄면 분수리,공장,계획관리,일반,2017,중형(500~2천평),63.6,직거래,법인,개인,713.0,453.3,187468,262.9,413.6,2026-02,
북부,파주시,광탄면 영장리,공장,준주거,일반,2012,중형(500~2천평),42.8,직거래,개인,법인,1049.1,449.0,190000,181.1,423.2,2026-03,
북부,파주시,광탄면 마장리,창고시설,계획관리,일반,1999,소형(~500평),35.7,중개거래,개인,개인,167.6,59.9,27500,164.1,459.1,2026-03,
북부,파주시,신촌동,공장,계획관리,일반,,중형(500~2천평),45.2,중개거래,법인,법인,782.3,353.2,373247,477.1,1056.7,2026-03,
북부,파주시,신촌동,공장,계획관리,일반,2014,소형(~500평),36.3,중개거래,개인,법인,164.9,59.9,65500,397.3,1093.6,2026-03,
북부,파주시,조리읍 대원리,공장,계획관리,일반,1994,소형(~500평),81.5,중개거래,개인,법인,476.1,387.8,128669,270.2,331.8,2026-03,
북부,파주시,조리읍 능안리,공장,계획관리,일반,1998,소형(~500평),47.1,중개거래,개인,개인,453.1,213.5,210000,463.4,983.5,2026-04,
북부,파주시,월롱면 덕은리,공장,계획관리,일반,2005,중형(500~2천평),6.6,중개거래,개인,개인,780.1,51.1,100340,128.6,1962.7,2026-04,
북부,파주시,광탄면 분수리,공장,계획관리,일반,2014,소형(~500평),30.4,직거래,개인,법인,187.9,57.2,50000,266.2,874.5,2026-04,
북부,파주시,광탄면 분수리,공장,계획관리,일반,,중형(500~2천평),24.3,직거래,개인,법인,913.9,221.6,228431,250.0,1030.8,2026-04,
북부,파주시,상지석동,공장,계획관리,일반,2006,소형(~500평),60.8,직거래,법인,법인,456.8,277.5,159146,348.4,573.5,2026-04,
북부,파주시,상지석동,창고시설,계획관리,일반,,중형(500~2천평),46.2,직거래,법인,법인,927.2,428.8,385900,416.2,900.0,2026-04,
북부,파주시,야당동,창고시설,계획관리,집합,2016,소형(~500평),0,중개거래,개인,개인,0,3.3,100,0,30.4,2026-04,
북부,파주시,조리읍 오산리,공장,계획관리,일반,2009,중형(500~2천평),24.9,중개거래,법인,법인,911.4,226.9,169143,185.6,745.5,2026-04,
북부,파주시,탄현면 금산리,공장,계획관리,일반,,중형(500~2천평),48.2,중개거래,법인,개인,592.3,285.3,202020,341.1,708.2,2026-05,
북부,파주시,신촌동,공장,계획관리,일반,2013,중형(500~2천평),44.3,중개거래,법인,개인,845.8,374.6,396737,469.1,1059.2,2026-05,
북부,파주시,문발동,공장,준공업,집합,2020,소형(~500평),0,중개거래,개인,개인,0,17.1,17000,0,994.1,2026-05,
북부,파주시,광탄면 마장리,공장,계획관리,일반,,소형(~500평),33.0,직거래,개인,법인,397.4,131.1,68028,171.2,519.1,2026-05,
북부,파주시,법원읍 대능리,공장,계획관리,일반,,중형(500~2천평),21.3,중개거래,개인,개인,700.6,149.4,119853,171.1,802.4,2026-06,
북부,파주시,오도동,창고시설,계획관리,일반,2009,소형(~500평),16.9,중개거래,개인,개인,115.3,19.4,22300,193.5,1147.6,2026-05,
북부,파주시,월롱면 영태리,공장,계획관리,일반,,소형(~500평),50.3,직거래,개인,법인,391.1,196.6,80035,204.6,407.1,2026-05,
북부,파주시,광탄면 분수리,공장,계획관리,일반,1997,중형(500~2천평),36.8,중개거래,법인,개인,536.9,197.5,90000,167.6,455.8,2026-05,
북부,파주시,신촌동,공장,계획관리,일반,2018,중형(500~2천평),68.6,직거래,법인,개인,654.3,448.9,260000,397.4,579.2,2026-05,
북부,파주시,신촌동,공장,계획관리,일반,,소형(~500평),38.3,중개거래,법인,개인,339.1,129.8,145333,428.6,1119.3,2026-05,
북부,파주시,조리읍 장곡리,공장,준주거,일반,,소형(~500평),42.5,직거래,개인,개인,249.0,105.8,80000,321.3,756.0,2026-05,
북부,파주시,광탄면 영장리,공장,생산관리,일반,2024,소형(~500평),19.4,직거래,법인,법인,307.9,59.9,46710,151.7,779.9,2026-06,
북부,파주시,문발동,공장,준공업,집합,2005,소형(~500평),0,중개거래,개인,개인,0,22.1,28557,0,1290.5,2026-06,
북부,파주시,문발동,공장,준공업,집합,2005,소형(~500평),0,중개거래,개인,개인,0,7.0,9073,0,1290.6,2026-06,
북부,파주시,문발동,공장,준공업,집합,2005,소형(~500평),0,중개거래,개인,개인,0,10.4,13390,0,1290.5,2026-06,
북부,파주시,문발동,공장,준공업,집합,2005,소형(~500평),0,중개거래,개인,개인,0,19.3,24950,0,1290.6,2026-06,
북부,파주시,문발동,공장,준공업,집합,2005,소형(~500평),0,중개거래,개인,개인,0,77.1,89324,0,1159.0,2026-06,
북부,파주시,문발동,공장,준공업,집합,2005,소형(~500평),0,중개거래,개인,개인,0,24.0,24329,0,1013.9,2026-06,
북부,파주시,문발동,공장,준공업,집합,2005,소형(~500평),0,중개거래,개인,개인,0,82.6,83738,0,1014.0,2026-06,
북부,파주시,상지석동,공장,계획관리,일반,,중형(500~2천평),36.9,중개거래,개인,개인,635.9,234.7,251228,395.1,1070.2,2026-06,
북부,파주시,문발동,공장,일반공업,일반,,중형(500~2천평),116.8,직거래,법인,법인,500.2,584.4,375000,749.7,641.7,2026-06,
북부,파주시,와동동,공장,준주거,집합,2020,소형(~500평),0,중개거래,개인,법인,0,13.6,18000,0,1325.6,2026-06,
북부,파주시,와동동,공장,준주거,집합,2020,소형(~500평),0,중개거래,개인,법인,0,11.9,16000,0,1339.7,2026-06,
북부,파주시,야당동,창고시설,계획관리,집합,2016,소형(~500평),0,직거래,개인,개인,0,21.6,6500,0,301.6,2026-06,
남부,이천시,장호원읍 장호원리,창고시설,자연녹지,일반,1999,소형(~500평),19.7,직거래,개인,법인,299.5,59.0,40500,135.2,686.6,2025-07,
남부,이천시,단월동,공장,계획관리,일반,1994,소형(~500평),9.4,직거래,개인,개인,213.6,20.1,23000,107.7,1143.4,2025-07,
남부,이천시,갈산동,창고시설,자연녹지,일반,1994,소형(~500평),36.1,중개거래,개인,개인,199.7,72.1,35000,175.3,485.2,2025-07,
남부,이천시,모가면 진가리,창고시설,계획관리,일반,2001,소형(~500평),32.5,직거래,개인,개인,153.7,50.0,5500,35.8,110.0,2025-08,
남부,이천시,설성면 암산리,창고시설,계획관리,일반,2022,중형(500~2천평),73.8,직거래,법인,법인,890.6,657.5,275601,309.5,419.2,2025-08,
남부,이천시,설성면 암산리,창고시설,계획관리,일반,2022,중형(500~2천평),74.8,직거래,법인,법인,1009.1,754.5,318314,315.4,421.9,2025-08,
남부,이천시,모가면 송곡리,공장,계획관리,일반,,소형(~500평),49.6,직거래,개인,법인,406.6,201.8,75000,184.5,371.6,2025-08,
남부,이천시,호법면 안평리,창고시설,계획관리,일반,2017,대형(2천평~),44.8,중개거래,법인,법인,2226.4,998.0,888450,399.1,890.2,2025-09,
남부,이천시,부발읍 죽당리,공장,자연녹지,일반,2004,중형(500~2천평),40.7,중개거래,법인,법인,505.2,205.5,97286,192.6,473.3,2025-09,
남부,이천시,호법면 후안리,공장,계획관리,일반,1994,소형(~500평),34.3,직거래,개인,개인,169.7,58.2,23500,138.5,403.6,2025-10,
남부,이천시,백사면 조읍리,공장,계획관리,일반,2007,소형(~500평),48.8,중개거래,법인,개인,236.9,115.6,62500,263.9,540.8,2025-10,
남부,이천시,백사면 내촌리,창고시설,계획관리,일반,2022,대형(2천평~),149.5,직거래,법인,법인,9072.0,13560.0,8136000,896.8,600.0,2025-10,
남부,이천시,부발읍 수정리,창고시설,계획관리,일반,2022,대형(2천평~),134.2,직거래,법인,법인,8906.5,11949.8,7210000,809.5,603.4,2025-11,
남부,이천시,백사면 도지리,공장,계획관리,일반,2016,소형(~500평),32.7,중개거래,법인,개인,458.0,149.6,116551,254.5,779.3,2025-11,
남부,이천시,율면 산양리,공장,보전관리,일반,,중형(500~2천평),42.0,중개거래,개인,법인,561.7,236.0,73000,130.0,309.3,2025-12,
남부,이천시,송정동,공장,생산녹지,일반,2009,소형(~500평),26.1,중개거래,개인,개인,350.0,91.4,77800,222.3,851.0,2025-12,
남부,이천시,장호원읍 대서리,창고시설,생산관리,일반,2009,소형(~500평),5.4,직거래,개인,개인,471.6,25.6,31800,67.4,1242.6,2026-01,
남부,이천시,신둔면 인후리,공장,계획관리,일반,2016,대형(2천평~),59.6,중개거래,법인,법인,2636.6,1572.5,830000,314.8,527.8,2026-01,
남부,이천시,신둔면 인후리,공장,계획관리,일반,1996,소형(~500평),29.4,중개거래,법인,법인,428.3,125.9,71000,165.8,563.9,2026-01,
남부,이천시,호법면 안평리,창고시설,계획관리,일반,2024,대형(2천평~),165.9,직거래,법인,법인,9030.2,14979.0,7855821,869.9,524.5,2026-02,
남부,이천시,마장면 이치리,창고시설,계획관리,일반,2017,중형(500~2천평),39.9,중개거래,법인,법인,568.1,226.7,139000,244.7,613.0,2026-03,
남부,이천시,백사면 모전리,공장,계획관리,일반,2012,중형(500~2천평),40.1,중개거래,개인,법인,912.3,365.9,263057,288.3,718.9,2026-03,
남부,이천시,호법면 매곡리,공장,농림,일반,,중형(500~2천평),19.8,중개거래,법인,법인,1891.8,374.4,219594,116.1,586.5,2026-03,
남부,이천시,호법면 유산리,창고시설,자연녹지,일반,2008,소형(~500평),11.3,중개거래,개인,법인,200.0,22.5,90000,450.1,3998.9,2026-03,
남부,이천시,단월동,창고시설,계획관리,일반,,중형(500~2천평),35.3,직거래,법인,법인,1356.1,479.2,264000,194.7,551.0,2026-03,
남부,이천시,마장면 표교리,창고시설,계획관리,일반,2017,소형(~500평),31.1,중개거래,개인,법인,192.7,59.9,49370,256.2,824.3,2026-04,
남부,이천시,장호원읍 선읍리,공장,계획관리,일반,,중형(500~2천평),28.5,중개거래,법인,법인,1037.6,295.5,172000,165.8,582.1,2026-04,
남부,이천시,설성면 대죽리,창고시설,계획관리,일반,2002,소형(~500평),18.2,직거래,개인,법인,437.1,79.4,55300,126.5,696.9,2026-04,
남부,이천시,설성면 상봉리,창고시설,계획관리,일반,2023,대형(2천평~),150.2,직거래,법인,법인,8818.5,13249.1,6987870,792.4,527.4,2026-05,
남부,이천시,신둔면 도암리,공장,생산관리,일반,2008,소형(~500평),39.7,직거래,개인,법인,298.0,118.3,65000,218.1,549.3,2026-05,
남부,이천시,마장면 장암리,공장,계획관리,일반,2008,대형(2천평~),21.1,직거래,법인,법인,7450.9,1573.1,848782,113.9,539.5,2026-06,
남부,이천시,설성면 대죽리,공장,계획관리,일반,2004,중형(500~2천평),3.4,직거래,개인,법인,1591.8,54.5,129715,81.5,2382.3,2026-06,
남부,이천시,율면 고당리,창고시설,계획관리,일반,1994,소형(~500평),26.4,직거래,개인,개인,423.5,111.9,39750,93.9,355.1,2026-06,
남부,이천시,부발읍 응암리,공장,계획관리,일반,,소형(~500평),35.7,직거래,개인,개인,499.1,178.3,130000,260.5,729.0,2026-06,
남부,안성시,보개면 북좌리,공장,계획관리,일반,,대형(2천평~),45.8,중개거래,법인,법인,3471.8,1589.6,780000,224.7,490.7,2025-07,
남부,안성시,삼죽면 용월리,공장,계획관리,일반,,중형(500~2천평),29.8,직거래,법인,개인,1014.9,302.8,160200,157.9,529.1,2025-07,
남부,안성시,삼죽면 용월리,공장,계획관리,일반,2007,중형(500~2천평),29.5,직거래,법인,개인,1014.9,299.5,157600,155.3,526.3,2025-07,
남부,안성시,죽산면 칠장리,공장,계획관리,일반,2019,중형(500~2천평),11.9,직거래,법인,법인,1220.6,145.2,180000,147.5,1239.7,2025-07,
남부,안성시,보개면 기좌리,공장,계획관리,일반,,중형(500~2천평),17.8,중개거래,개인,법인,1583.0,281.3,216880,137.0,770.9,2025-07,
남부,안성시,삼죽면 용월리,공장,계획관리,일반,2009,중형(500~2천평),19.3,중개거래,법인,법인,776.5,150.1,147333,189.7,981.7,2025-08,
남부,안성시,원곡면 칠곡리,공장,보전녹지,일반,2013,중형(500~2천평),58.5,중개거래,법인,법인,751.1,439.5,205900,274.1,468.5,2025-08,
남부,안성시,원곡면 칠곡리,공장,보전녹지,일반,2013,중형(500~2천평),25.1,중개거래,법인,법인,752.9,189.0,155000,205.9,820.1,2025-08,
남부,안성시,일죽면 능국리,공장,계획관리,일반,2004,중형(500~2천평),40.3,중개거래,법인,개인,560.2,225.5,45000,80.3,199.6,2025-08,
남부,안성시,공도읍 용두리,공장,자연녹지,일반,1992,중형(500~2천평),36.4,직거래,개인,법인,599.9,218.4,100000,166.7,457.8,2025-08,
남부,안성시,미양면 양변리,공장,일반공업,일반,2015,중형(500~2천평),45.1,직거래,법인,법인,961.6,433.7,380000,395.2,876.1,2025-09,
남부,안성시,원곡면 성은리,창고시설,계획관리,일반,2011,중형(500~2천평),56.8,중개거래,법인,법인,611.7,347.5,230000,376.0,661.9,2025-09,
남부,안성시,원곡면 지문리,공장,생산관리,일반,2008,중형(500~2천평),52.1,직거래,법인,법인,1145.9,597.5,255000,222.5,426.8,2025-10,
남부,안성시,공도읍 진사리,창고시설,자연녹지,일반,,소형(~500평),39.4,중개거래,개인,개인,151.9,59.9,44500,293.0,743.0,2025-10,
남부,안성시,양성면 노곡리,공장,계획관리,일반,2023,중형(500~2천평),38.0,중개거래,법인,법인,591.4,224.8,188384,318.5,837.9,2025-10,
남부,안성시,대덕면 진현리,공장,계획관리,일반,1996,중형(500~2천평),39.6,직거래,법인,법인,735.1,291.2,107000,145.6,367.4,2025-11,
남부,안성시,대덕면 진현리,공장,계획관리,일반,,소형(~500평),71.3,직거래,법인,법인,317.9,226.6,63000,198.2,278.1,2025-11,
남부,안성시,삼죽면 미장리,창고시설,생산관리,일반,1995,소형(~500평),41.3,직거래,개인,개인,133.7,55.2,9950,74.4,180.4,2025-11,
남부,안성시,대덕면 소내리,공장,계획관리,일반,2018,중형(500~2천평),36.2,중개거래,법인,법인,834.6,302.0,101000,121.0,334.4,2025-11,
남부,안성시,대덕면 소내리,공장,계획관리,일반,2021,중형(500~2천평),14.0,중개거래,법인,법인,834.6,117.1,39000,46.7,333.1,2025-11,
남부,안성시,신소현동,공장,준공업,일반,1995,중형(500~2천평),120.1,중개거래,법인,법인,1032.2,1239.6,502585,486.9,405.5,2025-11,
남부,안성시,삼죽면 내강리,공장,계획관리,일반,1994,중형(500~2천평),9.9,직거래,개인,개인,1370.2,135.1,128000,93.4,947.2,2025-12,
남부,안성시,대덕면 무능리,공장,계획관리,일반,1996,중형(500~2천평),25.0,중개거래,법인,법인,1083.9,271.3,230000,212.2,847.6,2025-12,
남부,안성시,대덕면 진현리,공장,계획관리,일반,2019,중형(500~2천평),98.4,중개거래,법인,법인,599.6,590.0,226600,377.9,384.1,2026-01,
남부,안성시,양성면 덕봉리,공장,자연녹지,일반,1997,중형(500~2천평),21.0,중개거래,개인,법인,1695.5,355.7,300000,176.9,843.3,2026-01,
남부,안성시,양성면 명목리,공장,자연녹지,일반,2021,중형(500~2천평),10.8,직거래,개인,법인,811.9,87.4,118518,146.0,1356.4,2026-01,
남부,안성시,원곡면 성은리,창고시설,계획관리,일반,2006,중형(500~2천평),4.1,직거래,개인,법인,1488.3,60.5,175421,117.9,2899.5,2026-01,
남부,안성시,서운면 신능리,창고시설,자연녹지,일반,,소형(~500평),14.5,중개거래,개인,개인,141.3,20.5,8837,62.6,431.4,2026-01,
남부,안성시,고삼면 가유리,공장,계획관리,일반,2021,소형(~500평),23.5,중개거래,법인,법인,255.0,59.9,60000,235.3,1001.8,2026-01,
남부,안성시,미양면 양변리,창고시설,자연녹지,일반,2002,소형(~500평),39.1,중개거래,법인,법인,255.6,99.8,55838,218.4,559.4,2026-01,
남부,안성시,미양면 신계리,창고시설,계획관리,일반,2009,소형(~500평),38.7,중개거래,법인,법인,203.3,78.7,38000,186.9,483.2,2026-02,
남부,안성시,고삼면 가유리,창고시설,계획관리,일반,2023,소형(~500평),39.9,중개거래,개인,개인,150.0,59.9,49750,331.6,830.6,2026-02,
남부,안성시,서운면 오촌리,공장,자연녹지,일반,2013,중형(500~2천평),25.0,중개거래,법인,법인,1299.5,325.3,240000,184.7,737.8,2026-02,
남부,안성시,보개면 기좌리,공장,계획관리,일반,2013,중형(500~2천평),26.0,중개거래,법인,법인,1394.5,362.8,266000,190.7,733.2,2026-02,
남부,안성시,대덕면 신령리,공장,자연녹지,일반,,대형(2천평~),19.7,중개거래,개인,법인,2247.9,441.8,280000,124.6,633.8,2026-03,
남부,안성시,서운면 신능리,공장,일반공업,일반,2003,중형(500~2천평),77.4,중개거래,법인,법인,1988.9,1540.0,630000,316.8,409.1,2026-03,
남부,안성시,대덕면 무능리,공장,계획관리,일반,,중형(500~2천평),16.2,중개거래,개인,개인,1359.1,219.9,225000,165.5,1023.1,2026-03,
남부,안성시,죽산면 매산리,창고시설,농림,일반,2017,소형(~500평),15.2,직거래,개인,개인,191.5,29.0,7000,36.6,241.0,2026-03,
남부,안성시,미양면 계륵리,공장,일반공업,일반,1995,소형(~500평),61.3,중개거래,개인,법인,499.0,305.9,350600,702.6,1146.3,2026-03,
남부,안성시,양성면 석화리,공장,계획관리,일반,2006,중형(500~2천평),54.2,직거래,법인,법인,1789.3,969.7,510810,285.5,526.8,2026-03,
남부,안성시,일죽면 화봉리,창고시설,생산관리,일반,2021,소형(~500평),19.8,직거래,법인,법인,299.5,59.3,35000,116.9,590.3,2026-04,
남부,안성시,양성면 노곡리,공장,계획관리,일반,2019,중형(500~2천평),35.6,중개거래,개인,개인,751.7,267.3,213000,283.4,796.9,2026-04,
남부,안성시,원곡면 성은리,창고시설,계획관리,일반,2024,대형(2천평~),257.4,직거래,법인,법인,13607.4,35019.9,20500114,1506.5,585.4,2026-06,
남부,안성시,공도읍 용두리,공장,자연녹지,일반,1998,중형(500~2천평),39.6,중개거래,개인,법인,1207.0,478.0,290000,240.3,606.8,2026-06,
남부,안성시,양성면 이현리,창고시설,계획관리,일반,2007,중형(500~2천평),20.5,중개거래,법인,법인,886.9,181.5,176500,199.0,972.5,2026-06,
남부,안성시,서운면 현매리,공장,계획관리,일반,2014,중형(500~2천평),32.9,중개거래,개인,법인,500.6,164.6,110106,219.9,668.8,2026-06,
남부,김포시,통진읍 마송리,공장,자연녹지,일반,1995,소형(~500평),39.6,중개거래,개인,법인,496.1,196.4,144000,290.3,733.3,2025-07,
남부,김포시,양촌읍 학운리,공장,일반공업,집합,2009,소형(~500평),0,중개거래,법인,개인,0,60.0,30000,0,499.7,2025-07,
남부,김포시,대곶면 초원지리,공장,자연녹지,일반,2001,소형(~500평),21.7,직거래,개인,법인,283.7,61.7,49667,175.0,804.8,2025-07,
남부,김포시,대곶면 석정리,공장,계획관리,일반,,중형(500~2천평),32.1,직거래,법인,법인,599.9,192.6,146272,243.8,759.3,2025-07,
남부,김포시,하성면 석탄리,창고시설,자연녹지,일반,,소형(~500평),236.1,직거래,법인,법인,465.9,1100.1,350000,751.3,318.2,2025-07,
남부,김포시,구래동,공장,준주거,집합,2022,소형(~500평),0,중개거래,개인,법인,0,26.0,30500,0,1171.0,2025-07,
남부,김포시,월곶면 고막리,공장,계획관리,일반,,중형(500~2천평),38.9,중개거래,개인,법인,514.3,200.2,149000,289.7,744.3,2025-07,
남부,김포시,양촌읍 학운리,공장,일반공업,집합,2009,소형(~500평),0,직거래,개인,법인,0,14.5,12000,0,827.8,2025-07,
남부,김포시,구래동,공장,준주거,집합,2020,소형(~500평),0,직거래,개인,개인,0,7.0,8000,0,1135.5,2025-07,
남부,김포시,대곶면 쇄암리,공장,계획관리,일반,2010,소형(~500평),20.3,직거래,개인,개인,295.8,60.2,83320,281.6,1384.1,2025-07,
남부,김포시,대곶면 쇄암리,공장,계획관리,일반,2010,소형(~500평),21.9,직거래,개인,개인,274.7,60.2,77360,281.6,1285.1,2025-07,
남부,김포시,대곶면 석정리,공장,계획관리,일반,,중형(500~2천평),44.2,중개거래,법인,개인,500.0,221.0,212400,424.8,961.2,2025-07,
남부,김포시,대곶면 대명리,공장,계획관리,일반,2007,중형(500~2천평),19.4,직거래,법인,법인,1140.4,221.4,306340,268.6,1383.5,2025-07,
남부,김포시,대곶면 송마리,공장,계획관리,일반,2003,소형(~500평),39.5,중개거래,개인,개인,126.4,50.0,36405,287.9,728.3,2025-07,
남부,김포시,대곶면 쇄암리,공장,계획관리,일반,2025,중형(500~2천평),20.6,중개거래,법인,개인,885.7,182.3,251600,284.1,1380.2,2025-07,
남부,김포시,장기동,공장,준주거,집합,2020,소형(~500평),0,중개거래,법인,법인,0,12.5,9700,0,777.4,2025-07,
남부,김포시,대곶면 쇄암리,공장,계획관리,일반,2008,중형(500~2천평),30.0,중개거래,법인,개인,1145.0,344.0,263816,230.4,766.8,2025-07,
남부,김포시,대곶면 석정리,공장,계획관리,일반,,중형(500~2천평),32.4,중개거래,개인,법인,600.8,194.7,187072,311.4,960.9,2025-07,
남부,김포시,하성면 석탄리,공장,계획관리,일반,2020,중형(500~2천평),53.3,직거래,개인,법인,585.9,312.5,243663,415.8,779.7,2025-07,
남부,김포시,하성면 석탄리,공장,계획관리,일반,1991,소형(~500평),33.0,직거래,개인,법인,311.6,102.9,96337,309.2,936.7,2025-07,
남부,김포시,대곶면 초원지리,공장,자연녹지,일반,1996,소형(~500평),36.5,중개거래,개인,개인,393.3,143.5,87000,221.2,606.1,2025-07,
남부,김포시,양촌읍 학운리,공장,일반공업,일반,2018,소형(~500평),67.5,중개거래,개인,법인,328.9,222.1,238000,723.7,1071.6,2025-08,
남부,김포시,대곶면 쇄암리,공장,계획관리,일반,,소형(~500평),44.3,중개거래,개인,개인,399.9,177.0,86400,216.1,488.0,2025-08,
남부,김포시,통진읍 귀전리,공장,계획관리,일반,2019,소형(~500평),69.5,직거래,개인,법인,100.1,69.6,52000,519.3,747.5,2025-08,
남부,김포시,대곶면 약암리,공장,계획관리,일반,,소형(~500평),32.5,중개거래,법인,법인,374.5,121.6,106000,283.0,871.7,2025-08,
남부,김포시,대곶면 약암리,공장,계획관리,일반,,소형(~500평),39.5,중개거래,개인,법인,289.2,114.3,58500,202.3,511.6,2025-08,
남부,김포시,양촌읍 유현리,공장,자연녹지,일반,,중형(500~2천평),37.5,중개거래,개인,법인,997.9,374.5,430000,430.9,1148.2,2025-08,
남부,김포시,양촌읍 구래리,공장,자연녹지,일반,,중형(500~2천평),25.5,중개거래,개인,법인,910.5,232.3,287950,316.2,1239.5,2025-08,
남부,김포시,통진읍 귀전리,공장,계획관리,일반,,중형(500~2천평),20.9,중개거래,법인,법인,1437.8,299.9,394080,274.1,1313.8,2025-08,
남부,김포시,대곶면 쇄암리,창고시설,계획관리,일반,2009,소형(~500평),49.0,직거래,법인,개인,198.4,97.2,30730,154.9,316.3,2025-08,
남부,김포시,월곶면 갈산리,공장,계획관리,일반,2011,소형(~500평),19.9,중개거래,개인,개인,282.5,56.3,65980,233.5,1172.7,2025-08,
남부,김포시,양촌읍 학운리,공장,일반공업,집합,2009,소형(~500평),0,중개거래,개인,개인,0,7.7,4000,0,521.4,2025-08,
남부,김포시,양촌읍 학운리,공장,일반공업,일반,,중형(500~2천평),49.4,중개거래,법인,법인,998.5,493.1,535000,535.8,1085.0,2025-08,
남부,김포시,양촌읍 학운리,공장,자연녹지,일반,,소형(~500평),32.0,중개거래,개인,법인,491.6,157.4,108000,219.7,686.3,2025-08,
남부,김포시,대곶면 석정리,공장,계획관리,일반,2000,소형(~500평),56.6,직거래,개인,법인,466.8,264.1,126670,271.4,479.6,2025-08,
남부,김포시,양촌읍 학운리,공장,일반공업,집합,2009,소형(~500평),0,중개거래,법인,법인,0,63.1,26500,0,419.7,2025-08,
남부,김포시,대곶면 송마리,공장,계획관리,일반,2021,소형(~500평),31.0,직거래,법인,개인,161.8,50.2,48716,301.0,970.1,2025-08,
남부,김포시,양촌읍 유현리,공장,자연녹지,일반,1997,소형(~500평),32.7,중개거래,법인,개인,455.0,148.8,145000,318.7,974.3,2025-08,
남부,김포시,구래동,공장,준주거,집합,2022,소형(~500평),0,직거래,법인,개인,0,25.8,28909,0,1121.0,2025-08,
남부,김포시,대곶면 대명리,공장,계획관리,일반,1994,소형(~500평),42.5,중개거래,개인,개인,284.0,120.7,60000,211.2,497.3,2025-08,
남부,김포시,월곶면 갈산리,공장,계획관리,일반,1990,소형(~500평),21.6,직거래,개인,법인,399.3,86.1,60000,150.3,696.9,2025-09,
남부,김포시,양촌읍 학운리,공장,일반공업,일반,,중형(500~2천평),76.4,중개거래,법인,법인,808.4,617.5,520000,643.2,842.0,2025-09,
남부,김포시,양촌읍 학운리,공장,일반공업,일반,2024,중형(500~2천평),75.3,중개거래,개인,법인,751.6,566.2,420000,558.8,741.7,2025-09,
남부,김포시,대곶면 석정리,공장,계획관리,일반,2004,중형(500~2천평),30.1,직거래,개인,법인,1352.2,407.6,314511,232.6,771.6,2025-09,
남부,김포시,대곶면 대벽리,공장,계획관리,일반,,중형(500~2천평),44.0,중개거래,법인,법인,981.9,432.5,325000,331.0,751.4,2025-09,
남부,김포시,북변동,창고시설,자연녹지,일반,2010,소형(~500평),12.4,중개거래,개인,개인,242.0,29.9,100000,413.2,3339.2,2025-09,
남부,김포시,양촌읍 학운리,창고시설,준공업,일반,2020,소형(~500평),85.0,중개거래,법인,법인,337.7,287.0,247000,731.4,860.8,2025-09,
남부,김포시,통진읍 옹정리,공장,계획관리,일반,2001,소형(~500평),36.9,직거래,법인,개인,474.6,175.1,140654,296.3,803.2,2025-09,
남부,김포시,대곶면 대명리,공장,계획관리,일반,2013,소형(~500평),25.2,직거래,개인,법인,347.4,87.7,87000,250.4,992.4,2025-09,
남부,김포시,통진읍 가현리,공장,계획관리,일반,,중형(500~2천평),40.0,중개거래,개인,법인,1058.8,423.3,282185,266.5,666.6,2025-09,
남부,김포시,양촌읍 누산리,공장,계획관리,일반,1995,소형(~500평),53.6,중개거래,개인,법인,382.7,205.1,175300,458.1,854.6,2025-09,
남부,김포시,장기동,공장,준주거,집합,2019,소형(~500평),0,중개거래,개인,개인,0,15.1,13000,0,860.9,2025-09,
남부,김포시,대곶면 대명리,공장,계획관리,일반,2003,소형(~500평),20.0,중개거래,개인,개인,300.1,59.9,77000,256.6,1285.6,2025-09,
남부,김포시,양촌읍 학운리,공장,일반공업,집합,2009,소형(~500평),0,직거래,법인,개인,0,10.2,3770,0,369.6,2025-10,
남부,김포시,통진읍 가현리,공장,계획관리,일반,1999,중형(500~2천평),17.7,중개거래,법인,개인,1573.3,278.8,464000,294.9,1664.4,2025-10,
남부,김포시,양촌읍 학운리,공장,준공업,집합,2021,소형(~500평),0,직거래,개인,법인,0,64.5,47477,0,735.8,2025-10,
남부,김포시,대곶면 쇄암리,공장,계획관리,일반,1993,중형(500~2천평),45.8,직거래,개인,법인,728.4,333.5,99200,136.2,297.5,2025-10,
남부,김포시,양촌읍 학운리,공장,일반공업,집합,2009,소형(~500평),0,중개거래,개인,법인,0,52.2,25000,0,478.8,2025-10,
남부,김포시,양촌읍 학운리,공장,일반공업,집합,2009,소형(~500평),0,중개거래,개인,법인,0,50.7,24500,0,483.0,2025-10,
남부,김포시,풍무동,공장,제1종일반주거,일반,1983,소형(~500평),55.2,직거래,법인,법인,460.7,254.4,331974,720.6,1305.1,2025-10,
남부,김포시,양촌읍 학운리,공장,일반공업,집합,2009,소형(~500평),0,중개거래,개인,개인,0,62.0,31000,0,499.9,2025-10,
남부,김포시,대곶면 초원지리,공장,자연녹지,일반,1997,소형(~500평),33.3,중개거래,개인,법인,449.8,149.6,67500,150.1,451.3,2025-10,
남부,김포시,대곶면 대벽리,공장,계획관리,일반,1993,중형(500~2천평),34.3,중개거래,개인,법인,904.5,310.6,255400,282.4,822.3,2025-10,
남부,김포시,양촌읍 학운리,공장,계획관리,일반,2001,소형(~500평),38.3,중개거래,개인,개인,396.9,151.9,147000,370.4,968.0,2025-10,
남부,김포시,하성면 원산리,공장,계획관리,일반,1996,소형(~500평),89.4,직거래,개인,개인,458.0,409.5,119389,260.7,291.6,2025-11,
남부,김포시,대곶면 대벽리,창고시설,계획관리,일반,2025,중형(500~2천평),89.9,직거래,법인,법인,587.5,528.1,339848,578.5,643.5,2025-11,
남부,김포시,대곶면 쇄암리,공장,계획관리,일반,2008,소형(~500평),20.0,직거래,개인,법인,147.2,29.4,28250,192.0,960.1,2025-11,
남부,김포시,대곶면 초원지리,공장,자연녹지,일반,2008,소형(~500평),27.8,중개거래,개인,법인,241.9,67.4,73765,304.9,1095.1,2025-11,
남부,김포시,통진읍 가현리,공장,계획관리,일반,,중형(500~2천평),24.0,중개거래,개인,법인,883.3,211.8,204522,231.5,965.9,2025-11,
남부,김포시,대곶면 초원지리,공장,자연녹지,일반,2008,소형(~500평),12.7,중개거래,개인,법인,266.0,33.7,76218,286.6,2263.2,2025-11,
남부,김포시,풍무동,공장,자연녹지,일반,,소형(~500평),30.4,중개거래,개인,법인,370.0,112.3,155000,419.0,1380.4,2025-11,
남부,김포시,장기동,공장,준주거,집합,2019,소형(~500평),0,중개거래,개인,개인,0,16.8,13100,0,777.8,2025-11,
남부,김포시,대곶면 율생리,공장,자연녹지,일반,1995,소형(~500평),46.6,중개거래,법인,법인,498.5,232.2,183200,367.5,789.1,2025-11,
남부,김포시,통진읍 옹정리,공장,계획관리,일반,2018,소형(~500평),40.0,중개거래,개인,법인,177.6,71.0,39437,222.1,555.7,2025-11,
남부,김포시,구래동,공장,준주거,집합,2022,소형(~500평),0,직거래,개인,개인,0,11.6,7500,0,646.3,2025-11,
남부,김포시,월곶면 갈산리,공장,계획관리,일반,,중형(500~2천평),16.7,중개거래,법인,개인,868.2,145.0,126974,146.3,875.6,2025-11,
남부,김포시,고촌읍 전호리,창고시설,유통상업,일반,2015,대형(2천평~),284.2,직거래,법인,법인,4656.4,13233.0,8880000,1907.0,671.1,2025-11,
남부,김포시,대곶면 석정리,공장,계획관리,일반,,중형(500~2천평),28.4,중개거래,법인,법인,690.9,196.0,155475,225.0,793.2,2025-11,
남부,김포시,통진읍 가현리,공장,계획관리,일반,2016,소형(~500평),33.5,중개거래,법인,법인,356.3,119.2,85600,240.2,718.0,2025-12,
남부,김포시,양촌읍 학운리,창고시설,일반공업,일반,2019,중형(500~2천평),147.3,중개거래,법인,법인,999.6,1472.7,800000,800.3,543.2,2025-12,
남부,김포시,대곶면 거물대리,공장,계획관리,일반,,중형(500~2천평),30.5,중개거래,법인,개인,588.4,179.3,151400,257.3,844.5,2025-12,
남부,김포시,양촌읍 학운리,공장,일반공업,일반,2018,중형(500~2천평),75.8,직거래,법인,법인,999.5,757.9,600000,600.3,791.6,2025-12,
남부,김포시,장기동,공장,준주거,집합,2020,소형(~500평),0,중개거래,개인,법인,0,16.0,10000,0,623.6,2025-12,
남부,김포시,장기동,공장,준주거,집합,2020,소형(~500평),0,중개거래,개인,법인,0,15.2,10000,0,658.3,2025-12,
남부,김포시,통진읍 옹정리,공장,계획관리,일반,2010,소형(~500평),22.4,직거래,개인,법인,453.4,101.5,154971,341.8,1527.4,2025-12,
남부,김포시,통진읍 옹정리,공장,계획관리,일반,2010,소형(~500평),19.8,직거래,개인,법인,453.4,89.9,154538,340.8,1719.1,2025-12,
남부,김포시,양촌읍 학운리,공장,일반공업,집합,2009,소형(~500평),0,중개거래,개인,개인,0,60.0,27750,0,462.3,2025-12,
남부,김포시,양촌읍 학운리,공장,일반공업,집합,2009,소형(~500평),0,중개거래,개인,개인,0,60.0,28000,0,466.4,2025-12,
남부,김포시,양촌읍 학운리,공장,일반공업,일반,2010,중형(500~2천평),75.4,중개거래,법인,법인,554.4,417.9,330000,595.2,789.6,2025-12,
남부,김포시,양촌읍 학운리,공장,일반공업,일반,2019,중형(500~2천평),120.4,중개거래,법인,법인,809.9,974.9,520000,642.1,533.4,2025-12,
남부,김포시,통진읍 귀전리,공장,계획관리,일반,2016,중형(500~2천평),19.6,직거래,법인,개인,500.6,98.3,73330,146.5,745.9,2025-12,
남부,김포시,구래동,공장,준주거,집합,2022,소형(~500평),0,중개거래,개인,법인,0,26.0,30700,0,1178.7,2025-12,
남부,김포시,구래동,공장,준주거,집합,2022,소형(~500평),0,중개거래,법인,법인,0,28.2,20000,0,709.9,2025-12,
남부,김포시,대곶면 송마리,공장,계획관리,일반,2007,소형(~500평),48.3,중개거래,개인,개인,150.0,72.4,46500,309.9,642.2,2025-12,
남부,김포시,대곶면 석정리,공장,계획관리,일반,2014,소형(~500평),30.4,중개거래,개인,개인,499.7,151.8,111000,222.1,731.3,2025-12,
남부,김포시,양촌읍 학운리,공장,일반공업,집합,2009,소형(~500평),0,중개거래,법인,개인,0,10.2,5000,0,490.2,2025-12,
남부,김포시,양촌읍 학운리,공장,일반공업,일반,,중형(500~2천평),79.0,직거래,법인,법인,596.0,470.8,280000,469.8,594.7,2025-12,
남부,김포시,구래동,공장,준주거,집합,2020,소형(~500평),0,직거래,개인,법인,0,7.0,12000,0,1703.3,2025-12,
남부,김포시,양촌읍 학운리,공장,일반공업,집합,2009,소형(~500평),0,직거래,개인,개인,0,10.5,3200,0,305.2,2026-01,
남부,김포시,하성면 양택리,공장,계획관리,일반,2013,중형(500~2천평),19.7,직거래,법인,법인,500.0,98.5,108796,217.6,1104.9,2026-01,
남부,김포시,구래동,공장,준주거,집합,2020,소형(~500평),0,직거래,개인,법인,0,15.4,21276,0,1381.8,2026-01,
남부,김포시,통진읍 귀전리,공장,계획관리,일반,2010,중형(500~2천평),39.6,직거래,법인,법인,1507.7,596.7,306770,203.5,514.2,2026-01,
남부,김포시,구래동,공장,준주거,집합,2023,소형(~500평),0,중개거래,개인,법인,0,21.7,30000,0,1380.9,2026-01,
남부,김포시,월곶면 갈산리,공장,계획관리,일반,2003,중형(500~2천평),24.1,중개거래,법인,개인,1108.7,267.7,320600,289.2,1197.6,2026-01,
남부,김포시,양촌읍 학운리,공장,일반공업,일반,2014,중형(500~2천평),252.3,중개거래,법인,법인,538.0,1357.5,620000,1152.5,456.7,2026-01,
남부,김포시,통진읍 서암리,공장,계획관리,일반,2007,중형(500~2천평),35.1,중개거래,개인,법인,1084.2,380.3,290500,267.9,763.8,2026-01,
남부,김포시,통진읍 가현리,공장,계획관리,일반,2001,중형(500~2천평),29.7,중개거래,개인,개인,666.1,197.8,202700,304.3,1025.0,2026-01,
남부,김포시,양촌읍 학운리,공장,일반공업,일반,2018,중형(500~2천평),180.0,직거래,법인,법인,785.4,1414.0,490000,623.9,346.5,2026-01,
남부,김포시,대곶면 약암리,공장,계획관리,일반,,중형(500~2천평),50.5,중개거래,법인,법인,934.1,471.8,317680,340.1,673.3,2026-01,
남부,김포시,장기동,공장,준주거,집합,2020,소형(~500평),0,중개거래,개인,법인,0,17.0,16500,0,972.8,2026-01,
남부,김포시,통진읍 가현리,공장,계획관리,일반,2001,중형(500~2천평),29.2,중개거래,개인,개인,529.4,154.5,139845,264.2,905.1,2026-01,
남부,김포시,대곶면 상마리,공장,계획관리,일반,,소형(~500평),35.7,중개거래,개인,개인,464.3,165.8,113305,244.0,683.5,2026-02,
남부,김포시,양촌읍 학운리,공장,일반공업,일반,2018,중형(500~2천평),83.4,중개거래,법인,법인,538.7,449.2,355000,659.0,790.4,2026-02,
남부,김포시,풍무동,공장,자연녹지,일반,1984,소형(~500평),39.5,중개거래,개인,법인,430.8,170.1,150400,349.2,884.1,2026-02,
남부,김포시,통진읍 귀전리,공장,계획관리,일반,2014,중형(500~2천평),31.8,중개거래,법인,법인,500.9,159.1,142785,285.0,897.7,2026-02,
남부,김포시,양촌읍 학운리,공장,계획관리,일반,1996,중형(500~2천평),45.2,중개거래,법인,법인,892.4,403.1,452868,507.5,1123.5,2026-02,
남부,김포시,구래동,공장,준주거,집합,2022,소형(~500평),0,중개거래,개인,개인,0,13.9,7000,0,503.2,2026-02,
남부,김포시,대곶면 석정리,공장,계획관리,일반,2022,소형(~500평),23.3,중개거래,개인,개인,256.5,59.9,56000,218.3,935.0,2026-02,
남부,김포시,양촌읍 유현리,공장,자연녹지,일반,,중형(500~2천평),25.8,중개거래,개인,법인,1340.7,346.3,456000,340.1,1316.8,2026-02,
남부,김포시,통진읍 옹정리,공장,계획관리,일반,2020,중형(500~2천평),26.2,중개거래,법인,법인,901.5,236.3,211350,234.5,894.4,2026-02,
남부,김포시,월곶면 갈산리,공장,계획관리,일반,2003,중형(500~2천평),30.1,중개거래,개인,법인,502.5,151.4,117000,232.9,772.8,2026-02,
남부,김포시,대곶면 대능리,공장,계획관리,일반,1996,소형(~500평),25.9,중개거래,개인,법인,478.0,123.6,94000,196.7,760.4,2026-02,
남부,김포시,대곶면 송마리,공장,계획관리,일반,,소형(~500평),29.9,중개거래,개인,법인,313.7,93.8,70024,223.2,746.7,2026-02,
남부,김포시,대곶면 율생리,공장,자연녹지,일반,,소형(~500평),32.3,중개거래,개인,개인,455.3,147.0,90000,197.7,612.2,2026-02,
남부,김포시,대곶면 송마리,공장,계획관리,일반,,중형(500~2천평),46.4,중개거래,법인,법인,890.9,413.8,240000,269.4,580.0,2026-02,
남부,김포시,장기동,공장,준주거,집합,2019,소형(~500평),0,중개거래,개인,법인,0,10.9,12000,0,1101.9,2026-02,
남부,김포시,통진읍 옹정리,공장,생산관리,일반,1996,소형(~500평),63.8,중개거래,법인,개인,198.4,126.6,39183,197.5,309.5,2026-02,
남부,김포시,대곶면 약암리,공장,계획관리,일반,2009,소형(~500평),48.4,중개거래,개인,법인,173.6,84.1,39000,224.6,463.8,2026-02,
남부,김포시,통진읍 가현리,공장,계획관리,일반,2003,중형(500~2천평),31.0,직거래,개인,법인,1030.3,319.4,239424,232.4,749.5,2026-03,
남부,김포시,월곶면 고양리,공장,계획관리,일반,2009,중형(500~2천평),36.8,직거래,법인,법인,579.6,213.4,138000,238.1,646.7,2026-03,
남부,김포시,양촌읍 학운리,공장,일반공업,일반,,소형(~500평),82.6,중개거래,개인,개인,366.1,302.3,265000,723.8,876.7,2026-03,
남부,김포시,하성면 전류리,창고시설,농림,일반,1996,소형(~500평),30.0,직거래,개인,개인,199.7,59.9,28600,143.3,477.5,2026-03,
남부,김포시,양촌읍 학운리,공장,일반공업,일반,,중형(500~2천평),59.8,중개거래,법인,법인,917.7,549.2,650000,708.3,1183.5,2026-03,
남부,김포시,양촌읍 대포리,공장,자연녹지,일반,,소형(~500평),39.2,중개거래,법인,법인,374.5,146.9,157500,420.6,1072.2,2026-03,
남부,김포시,하성면 원산리,공장,계획관리,일반,2006,중형(500~2천평),52.6,중개거래,법인,법인,1060.0,557.8,363884,343.3,652.3,2026-03,
남부,김포시,양촌읍 학운리,공장,일반공업,집합,2009,소형(~500평),0,중개거래,개인,법인,0,55.7,23250,0,417.3,2026-03,
남부,김포시,대곶면 송마리,공장,계획관리,일반,1997,소형(~500평),49.3,중개거래,개인,법인,243.2,119.8,58000,238.5,484.2,2026-03,
남부,김포시,통진읍 가현리,공장,자연녹지,일반,,중형(500~2천평),35.7,중개거래,개인,개인,722.7,257.7,162100,224.3,629.0,2026-03,
남부,김포시,구래동,공장,준주거,집합,2022,소형(~500평),0,중개거래,개인,개인,0,10.9,4800,0,440.8,2026-03,
남부,김포시,구래동,공장,준주거,집합,2022,소형(~500평),0,직거래,법인,개인,0,14.2,9159,0,643.1,2026-03,
남부,김포시,대곶면 거물대리,공장,계획관리,일반,2019,중형(500~2천평),31.0,직거래,법인,법인,1385.5,429.1,367022,264.9,855.4,2026-03,
남부,김포시,통진읍 서암리,공장,자연녹지,일반,,중형(500~2천평),24.2,중개거래,개인,법인,1409.0,341.4,481400,341.6,1410.0,2026-03,
남부,김포시,양촌읍 학운리,공장,일반공업,일반,2015,중형(500~2천평),57.2,중개거래,법인,법인,1058.0,605.3,610000,576.6,1007.8,2026-04,
남부,김포시,양촌읍 학운리,공장,일반공업,일반,,중형(500~2천평),59.4,중개거래,법인,법인,653.7,388.4,415000,634.8,1068.5,2026-04,
남부,김포시,대곶면 대명리,공장,계획관리,일반,2017,소형(~500평),39.7,중개거래,법인,법인,151.3,60.0,43340,286.5,722.1,2026-04,
남부,김포시,대곶면 대명리,공장,계획관리,일반,2017,소형(~500평),38.5,중개거래,법인,법인,308.2,118.6,85670,277.9,722.5,2026-04,
남부,김포시,양촌읍 학운리,공장,일반공업,집합,2009,소형(~500평),0,중개거래,개인,법인,0,10.2,4500,0,441.2,2026-04,
남부,김포시,장기동,공장,준주거,집합,,소형(~500평),0,중개거래,법인,개인,0,15.1,8800,0,582.8,2026-04,
남부,김포시,구래동,공장,준주거,집합,2024,소형(~500평),0,중개거래,개인,개인,0,11.5,15000,0,1309.4,2026-04,
남부,김포시,대곶면 상마리,공장,계획관리,일반,,중형(500~2천평),43.8,중개거래,개인,법인,582.9,255.5,243700,418.1,954.0,2026-04,
남부,김포시,월곶면 고막리,공장,계획관리,일반,2002,소형(~500평),32.4,직거래,개인,법인,232.9,75.4,50224,215.6,666.0,2026-04,
남부,김포시,양촌읍 누산리,공장,농림,일반,,대형(2천평~),24.4,중개거래,개인,법인,2289.0,559.1,379000,165.6,677.9,2026-04,
남부,김포시,구래동,공장,준주거,집합,2020,소형(~500평),0,중개거래,법인,개인,0,15.4,8500,0,551.0,2026-04,
남부,김포시,구래동,공장,준주거,집합,2022,소형(~500평),0,중개거래,개인,개인,0,13.9,8000,0,575.0,2026-04,
남부,김포시,하성면 원산리,공장,계획관리,일반,,소형(~500평),42.6,중개거래,법인,개인,445.6,189.7,109329,245.4,576.4,2026-04,
남부,김포시,장기동,공장,준주거,집합,2019,소형(~500평),0,중개거래,개인,개인,0,10.9,8800,0,808.1,2026-04,
남부,김포시,대곶면 대능리,공장,계획관리,일반,1994,중형(500~2천평),54.0,중개거래,개인,법인,612.9,331.2,206000,336.1,622.0,2026-05,
남부,김포시,대곶면 약암리,공장,계획관리,일반,2019,소형(~500평),35.7,중개거래,개인,개인,232.6,83.0,90570,389.3,1090.7,2026-05,
남부,김포시,대곶면 석정리,공장,계획관리,일반,1994,중형(500~2천평),29.4,중개거래,개인,법인,500.9,147.0,146750,292.9,998.1,2026-05,
남부,김포시,양촌읍 학운리,공장,일반공업,일반,2010,중형(500~2천평),72.0,중개거래,개인,법인,599.9,431.9,380000,633.5,879.8,2026-05,
남부,김포시,하성면 원산리,공장,계획관리,일반,,소형(~500평),38.7,직거래,개인,개인,376.9,145.8,68050,180.5,466.9,2026-05,
남부,김포시,대곶면 대벽리,공장,계획관리,일반,2019,중형(500~2천평),18.5,중개거래,개인,법인,801.9,148.2,282000,351.7,1902.5,2026-05,
남부,김포시,통진읍 가현리,공장,계획관리,일반,2010,소형(~500평),28.1,중개거래,개인,개인,220.5,62.1,79000,358.2,1272.7,2026-05,
남부,김포시,대곶면 율생리,공장,자연녹지,일반,2015,중형(500~2천평),16.5,직거래,개인,법인,513.6,84.7,155090,301.9,1831.1,2026-05,
남부,김포시,양촌읍 학운리,공장,일반공업,일반,2009,대형(2천평~),79.9,직거래,법인,법인,2150.8,1719.6,1182940,550.0,687.9,2026-05,
남부,김포시,대곶면 율생리,공장,자연녹지,일반,1995,소형(~500평),41.1,직거래,개인,법인,271.0,111.4,60000,221.4,538.8,2026-05,
남부,김포시,통진읍 귀전리,공장,계획관리,일반,2012,중형(500~2천평),26.4,중개거래,법인,법인,549.9,145.0,137000,249.1,944.7,2026-05,
남부,김포시,장기동,공장,준주거,집합,2019,소형(~500평),0,직거래,개인,개인,0,30.2,30000,0,993.3,2026-05,
남부,김포시,양촌읍 학운리,창고시설,일반공업,일반,2023,중형(500~2천평),123.7,중개거래,법인,법인,606.6,750.5,500000,824.3,666.2,2026-05,
남부,김포시,양촌읍 학운리,공장,일반공업,집합,2009,소형(~500평),0,중개거래,개인,개인,0,10.2,4800,0,470.6,2026-06,
남부,김포시,통진읍 마송리,공장,자연녹지,일반,,중형(500~2천평),91.1,중개거래,법인,법인,800.1,729.1,211500,264.3,290.1,2026-05,
남부,김포시,통진읍 마송리,공장,자연녹지,일반,,중형(500~2천평),30.7,중개거래,법인,법인,1209.7,371.3,228678,189.0,615.9,2026-05,
남부,김포시,대곶면 송마리,공장,계획관리,일반,,중형(500~2천평),34.4,중개거래,개인,개인,600.2,206.6,155249,258.7,751.3,2026-06,
남부,김포시,대곶면 석정리,공장,계획관리,일반,,대형(2천평~),33.8,중개거래,법인,법인,2503.8,845.4,610000,243.6,721.6,2026-06,
남부,김포시,양촌읍 학운리,공장,일반공업,일반,,중형(500~2천평),67.6,중개거래,법인,법인,914.3,618.0,595000,650.8,962.8,2026-06,
남부,김포시,대곶면 대능리,공장,계획관리,일반,1997,소형(~500평),38.7,중개거래,법인,법인,478.9,185.1,162740,339.9,879.1,2026-06,
남부,김포시,대곶면 대능리,창고시설,농림,일반,,소형(~500평),26.4,중개거래,개인,개인,453.8,119.8,68100,150.1,568.5,2026-06,
남부,김포시,양촌읍 학운리,공장,일반공업,일반,2018,소형(~500평),145.7,중개거래,개인,법인,412.6,600.9,365000,884.7,607.4,2026-06,
남부,김포시,대곶면 석정리,공장,계획관리,일반,,중형(500~2천평),35.3,중개거래,법인,법인,739.9,261.1,196319,265.3,752.0,2026-06,
남부,김포시,양촌읍 학운리,공장,일반공업,일반,2015,중형(500~2천평),131.1,중개거래,법인,법인,560.3,734.7,407600,727.5,554.8,2026-06,
남부,김포시,장기동,공장,준주거,집합,2020,소형(~500평),0,중개거래,법인,개인,0,13.2,7500,0,566.8,2026-06,
남부,김포시,양촌읍 학운리,공장,일반공업,집합,2009,소형(~500평),0,중개거래,개인,개인,0,9.7,5000,0,514.9,2026-06,
남부,김포시,대곶면 대벽리,공장,농림,일반,2017,중형(500~2천평),60.7,중개거래,법인,법인,1600.2,971.8,320000,200.0,329.3,2026-06,
남부,화성시,남양읍 북양리,공장,계획관리,일반,,중형(500~2천평),57.3,중개거래,법인,법인,671.2,384.8,286500,426.8,744.6,2025-07,
남부,화성시,팔탄면 덕우리,공장,계획관리,일반,2013,소형(~500평),78.9,중개거래,법인,법인,398.7,314.6,162143,406.7,515.4,2025-07,
남부,화성시,향남읍 구문천리,공장,일반공업,집합,2007,소형(~500평),0,직거래,개인,개인,0,46.5,28240,0,607.3,2025-07,
남부,화성시,향남읍 구문천리,공장,일반공업,집합,2007,소형(~500평),0,직거래,개인,개인,0,23.0,14120,0,615.0,2025-07,
남부,화성시,향남읍 갈천리,공장,계획관리,일반,2002,소형(~500평),39.9,중개거래,개인,법인,281.9,112.6,81637,289.6,724.8,2025-07,
남부,화성시,팔탄면 노하리,공장,계획관리,일반,,중형(500~2천평),48.3,중개거래,법인,법인,999.8,483.2,320000,320.1,662.2,2025-07,
남부,화성시,서신면 전곡리,공장,일반공업,일반,2021,중형(500~2천평),31.1,직거래,법인,법인,1799.9,559.6,594000,330.0,1061.4,2025-07,
남부,화성시,서신면 전곡리,공장,일반공업,일반,2019,중형(500~2천평),5.7,직거래,개인,법인,1796.5,101.8,574880,320.0,5649.0,2025-07,
남부,화성시,장안면 수촌리,공장,계획관리,일반,,중형(500~2천평),38.7,중개거래,법인,법인,1450.5,560.8,330000,227.5,588.4,2025-07,
남부,화성시,우정읍 주곡리,공장,계획관리,일반,2016,소형(~500평),36.9,중개거래,법인,개인,487.9,180.0,124993,256.2,694.5,2025-07,
남부,화성시,서신면 장외리,공장,일반공업,일반,2018,중형(500~2천평),35.2,중개거래,법인,법인,871.9,307.2,415000,476.0,1351.0,2025-07,
남부,화성시,서신면 전곡리,공장,일반공업,일반,2021,중형(500~2천평),34.7,직거래,법인,법인,859.8,298.6,345000,401.3,1155.5,2025-07,
남부,화성시,우정읍 주곡리,공장,일반공업,일반,,중형(500~2천평),58.9,중개거래,개인,법인,1692.2,997.0,606749,358.6,608.6,2025-07,
남부,화성시,향남읍 화리현리,공장,계획관리,일반,,중형(500~2천평),48.8,중개거래,법인,법인,1492.2,727.5,429975,288.1,591.0,2025-07,
남부,화성시,장안면 석포리,창고시설,계획관리,일반,2019,중형(500~2천평),39.4,중개거래,법인,개인,520.9,205.4,141230,271.1,687.6,2025-07,
남부,화성시,송산면 지화리,공장,일반공업,일반,2021,중형(500~2천평),49.4,직거래,법인,법인,535.1,264.5,220000,411.1,831.8,2025-07,
남부,화성시,우정읍 화산리,공장,계획관리,일반,2022,중형(500~2천평),13.4,중개거래,법인,개인,1181.6,158.6,207860,175.9,1310.5,2025-07,
남부,화성시,팔탄면 해창리,공장,계획관리,일반,2014,소형(~500평),17.3,중개거래,법인,법인,350.0,60.5,107000,305.7,1768.6,2025-07,
남부,화성시,팔탄면 덕우리,공장,계획관리,일반,2025,중형(500~2천평),39.1,중개거래,법인,개인,501.5,196.0,161905,322.8,826.0,2025-07,
남부,화성시,팔탄면 노하리,공장,계획관리,일반,,소형(~500평),19.9,중개거래,법인,법인,442.0,87.8,95000,215.0,1081.4,2025-07,
남부,화성시,팔탄면 고주리,공장,계획관리,일반,2019,중형(500~2천평),36.8,중개거래,법인,법인,667.6,245.7,174000,260.6,708.1,2025-07,
남부,화성시,남양읍 장덕리,공장,계획관리,일반,2013,소형(~500평),27.0,중개거래,법인,개인,389.3,105.0,82973,213.1,790.5,2025-07,
남부,화성시,향남읍 길성리,공장,계획관리,일반,,소형(~500평),38.8,직거래,개인,법인,498.5,193.6,170000,341.0,878.0,2025-07,
남부,화성시,향남읍 길성리,공장,농림,일반,2023,중형(500~2천평),20.5,중개거래,개인,법인,797.7,163.5,223600,280.3,1367.9,2025-08,
남부,화성시,우정읍 매향리,공장,계획관리,일반,2024,중형(500~2천평),34.9,중개거래,법인,법인,968.0,338.0,223211,230.6,660.4,2025-08,
남부,화성시,장안면 어은리,창고시설,계획관리,일반,1995,소형(~500평),27.0,중개거래,개인,법인,438.6,118.6,57800,131.8,487.4,2025-08,
남부,화성시,마도면 쌍송리,공장,계획관리,일반,,중형(500~2천평),37.2,직거래,개인,개인,997.6,371.5,294159,294.9,791.8,2025-08,
남부,화성시,양감면 요당리,공장,계획관리,일반,,중형(500~2천평),36.9,직거래,법인,법인,638.3,235.3,162550,254.7,690.9,2025-08,
남부,화성시,향남읍 동오리,공장,계획관리,일반,,중형(500~2천평),39.7,중개거래,법인,개인,899.0,356.6,314500,349.8,881.8,2025-08,
남부,화성시,장안면 석포리,공장,계획관리,일반,2013,중형(500~2천평),31.3,중개거래,개인,법인,602.6,188.6,186806,310.0,990.5,2025-08,
남부,화성시,마도면 쌍송리,공장,계획관리,일반,2009,소형(~500평),38.5,중개거래,법인,법인,474.9,182.9,119503,251.6,653.4,2025-08,
남부,화성시,양감면 대양리,공장,계획관리,일반,2023,중형(500~2천평),31.9,직거래,법인,개인,1043.9,333.0,295000,282.6,885.8,2025-08,
남부,화성시,팔탄면 율암리,공장,계획관리,일반,,대형(2천평~),74.1,중개거래,법인,법인,3451.2,2556.7,1080000,312.9,422.4,2025-08,
남부,화성시,향남읍 동오리,공장,계획관리,일반,2025,중형(500~2천평),40.0,중개거래,법인,법인,665.8,266.2,234481,352.2,880.8,2025-08,
남부,화성시,남양읍 북양리,공장,계획관리,일반,,중형(500~2천평),39.5,직거래,개인,법인,664.9,262.8,255052,383.6,970.6,2025-08,
남부,화성시,양감면 사창리,공장,계획관리,일반,,중형(500~2천평),47.0,중개거래,법인,법인,1189.4,559.6,462100,388.5,825.7,2025-08,
남부,화성시,마도면 청원리,공장,일반공업,일반,,중형(500~2천평),78.3,중개거래,법인,법인,1497.0,1171.6,820000,547.8,699.9,2025-08,
남부,화성시,팔탄면 율암리,공장,계획관리,일반,,대형(2천평~),50.0,중개거래,법인,법인,5500.1,2748.0,1520000,276.4,553.1,2025-08,
남부,화성시,향남읍 하길리,공장,일반공업,일반,2005,중형(500~2천평),72.9,중개거래,법인,개인,550.9,401.8,250000,453.8,622.2,2025-09,
남부,화성시,팔탄면 율암리,공장,계획관리,일반,,소형(~500평),39.2,직거래,법인,법인,432.6,169.7,147000,339.8,866.2,2026-03,
남부,화성시,양감면 송산리,공장,계획관리,일반,2011,중형(500~2천평),44.1,중개거래,법인,법인,546.0,240.7,190656,349.2,792.2,2025-09,
남부,화성시,장안면 독정리,공장,계획관리,일반,2022,중형(500~2천평),34.4,중개거래,법인,법인,975.6,335.8,305800,313.5,910.7,2025-09,
남부,화성시,송산면 지화리,공장,계획관리,일반,2016,중형(500~2천평),41.5,중개거래,법인,법인,1000.1,414.6,333500,333.5,804.4,2025-09,
남부,화성시,향남읍 동오리,공장,계획관리,일반,2018,중형(500~2천평),7.0,중개거래,법인,법인,1948.7,136.1,429651,220.5,3156.3,2025-09,
남부,화성시,팔탄면 하저리,공장,계획관리,일반,,중형(500~2천평),43.7,직거래,법인,법인,582.0,254.2,195000,335.0,767.2,2025-09,
남부,화성시,향남읍 수직리,공장,계획관리,일반,2015,중형(500~2천평),38.7,중개거래,법인,법인,1513.7,586.4,598059,395.1,1020.0,2025-09,
남부,화성시,향남읍 구문천리,공장,일반공업,일반,2011,중형(500~2천평),52.6,중개거래,개인,법인,853.9,449.4,425000,497.7,945.6,2025-09,
남부,화성시,우정읍 화수리,공장,계획관리,일반,2022,소형(~500평),64.3,중개거래,법인,법인,210.8,135.5,38827,184.2,286.5,2025-09,
남부,화성시,우정읍 화수리,공장,계획관리,일반,2022,소형(~500평),14.3,중개거래,법인,법인,210.8,30.3,8667,41.1,286.5,2025-09,
남부,화성시,우정읍 화수리,공장,계획관리,일반,2022,소형(~500평),20.7,중개거래,법인,법인,210.8,43.7,12506,59.3,286.5,2025-09,
남부,화성시,장안면 석포리,공장,계획관리,일반,2005,중형(500~2천평),23.7,직거래,법인,법인,727.6,172.4,180500,248.1,1046.8,2025-09,
남부,화성시,팔탄면 창곡리,공장,계획관리,일반,2003,중형(500~2천평),77.8,직거래,개인,법인,1014.6,789.7,404337,398.5,512.0,2025-09,
남부,화성시,장안면 석포리,공장,계획관리,일반,2008,중형(500~2천평),36.3,중개거래,법인,개인,500.0,181.5,130000,260.0,716.3,2025-09,
남부,화성시,향남읍 요리,공장,계획관리,일반,2018,소형(~500평),51.6,중개거래,법인,법인,459.8,237.5,148830,323.7,626.7,2025-09,
남부,화성시,팔탄면 하저리,공장,계획관리,일반,2006,소형(~500평),79.2,중개거래,개인,법인,290.1,229.8,107000,368.8,465.7,2025-09,
남부,화성시,마도면 쌍송리,공장,일반공업,일반,2008,중형(500~2천평),83.3,중개거래,법인,법인,970.6,808.1,418900,431.6,518.4,2025-09,
남부,화성시,향남읍 백토리,공장,계획관리,일반,2002,중형(500~2천평),28.9,직거래,법인,법인,919.0,266.0,258600,281.4,972.3,2025-09,
남부,화성시,서신면 전곡리,공장,일반공업,일반,2018,대형(2천평~),13.1,중개거래,법인,개인,3424.2,447.2,1104200,322.5,2469.0,2025-09,
남부,화성시,서신면 전곡리,공장,일반공업,일반,2018,대형(2천평~),6.1,중개거래,법인,개인,3424.2,208.7,58000,16.9,277.9,2025-09,
남부,화성시,우정읍 매향리,공장,계획관리,일반,,중형(500~2천평),20.3,직거래,법인,법인,755.3,153.1,193565,256.3,1264.0,2025-10,
남부,화성시,장안면 독정리,공장,계획관리,일반,2010,소형(~500평),24.7,직거래,개인,개인,337.9,83.3,65390,193.5,784.9,2025-10,
남부,화성시,장안면 금의리,공장,계획관리,일반,2025,중형(500~2천평),42.9,중개거래,개인,법인,537.5,230.8,209698,390.1,908.5,2025-10,
남부,화성시,팔탄면 덕우리,공장,계획관리,일반,2015,중형(500~2천평),32.4,중개거래,개인,법인,641.3,207.8,229560,358.0,1104.6,2025-10,
남부,화성시,양감면 요당리,공장,계획관리,일반,,소형(~500평),39.8,직거래,개인,법인,427.1,169.9,100960,236.4,594.3,2025-10,
남부,화성시,마도면 청원리,공장,일반공업,일반,2017,중형(500~2천평),57.6,직거래,법인,법인,604.8,348.5,361000,596.8,1036.0,2025-10,
남부,화성시,팔탄면 율암리,공장,계획관리,일반,2000,중형(500~2천평),26.5,직거래,법인,법인,1328.6,352.5,360000,271.0,1021.4,2025-10,
남부,화성시,남양읍 안석리,공장,계획관리,일반,,중형(500~2천평),7.8,중개거래,법인,법인,1905.8,148.8,406000,213.0,2727.9,2025-10,
남부,화성시,팔탄면 율암리,공장,계획관리,일반,2022,중형(500~2천평),44.5,중개거래,법인,법인,735.7,327.6,249770,339.5,762.3,2025-10,
남부,화성시,향남읍 화리현리,공장,계획관리,일반,,소형(~500평),38.2,중개거래,법인,개인,333.7,127.5,184530,553.1,1447.6,2025-11,
남부,화성시,팔탄면 창곡리,공장,계획관리,일반,2018,중형(500~2천평),53.2,중개거래,법인,법인,1498.6,797.5,481600,321.4,603.9,2025-11,
남부,화성시,송산면 지화리,공장,계획관리,일반,2025,소형(~500평),6.7,중개거래,개인,법인,338.8,22.7,53868,159.0,2374.3,2025-11,
남부,화성시,향남읍 백토리,공장,계획관리,일반,,소형(~500평),39.4,중개거래,법인,개인,262.0,103.2,70576,269.4,684.2,2025-11,
남부,화성시,장안면 수촌리,공장,계획관리,일반,2015,소형(~500평),95.3,중개거래,법인,법인,306.1,291.6,100000,326.7,342.9,2025-11,
남부,화성시,향남읍 증거리,공장,계획관리,일반,,소형(~500평),48.5,중개거래,법인,개인,343.0,166.4,130787,381.3,786.1,2025-11,
남부,화성시,장안면 수촌리,공장,계획관리,일반,2007,중형(500~2천평),28.4,중개거래,개인,법인,681.8,193.6,129708,190.2,669.9,2025-11,
남부,화성시,양감면 대양리,공장,계획관리,일반,2003,소형(~500평),66.4,중개거래,법인,법인,455.6,302.3,96794,212.5,320.2,2025-11,
남부,화성시,우정읍 조암리,공장,자연녹지,일반,1994,소형(~500평),55.6,중개거래,법인,개인,465.9,258.9,140000,300.5,540.7,2025-11,
남부,화성시,송산면 봉가리,창고시설,농림,일반,2017,소형(~500평),39.9,중개거래,개인,개인,199.3,79.6,35000,175.6,439.5,2025-11,
남부,화성시,서신면 송교리,공장,계획관리,일반,,대형(2천평~),24.3,중개거래,법인,법인,2570.3,625.1,593960,231.1,950.2,2025-11,
남부,화성시,팔탄면 율암리,공장,계획관리,일반,,중형(500~2천평),42.8,직거래,법인,법인,506.1,216.8,178949,353.6,825.5,2025-11,
남부,화성시,장안면 석포리,공장,계획관리,일반,,중형(500~2천평),39.9,직거래,법인,법인,553.6,221.1,218554,394.8,988.6,2025-11,
남부,화성시,팔탄면 하저리,공장,계획관리,일반,,소형(~500평),39.1,중개거래,개인,법인,301.0,117.7,100000,332.2,849.4,2025-11,
남부,화성시,남양읍 북양리,공장,계획관리,일반,2007,중형(500~2천평),12.8,중개거래,개인,법인,1694.9,216.8,651543,384.4,3005.7,2025-11,
남부,화성시,향남읍 구문천리,공장,일반공업,일반,2007,중형(500~2천평),30.7,중개거래,법인,법인,727.5,223.4,45000,61.9,201.5,2025-11,
남부,화성시,향남읍 구문천리,공장,일반공업,일반,2007,중형(500~2천평),31.9,중개거래,법인,법인,727.5,232.3,55000,75.6,236.7,2025-11,
남부,화성시,양감면 신왕리,공장,계획관리,일반,2004,소형(~500평),40.0,중개거래,법인,법인,370.6,148.1,75475,203.7,509.8,2025-11,
남부,화성시,향남읍 길성리,공장,계획관리,일반,,중형(500~2천평),7.2,중개거래,법인,법인,1393.6,99.8,276641,198.5,2771.3,2025-11,
남부,화성시,팔탄면 율암리,공장,계획관리,일반,2026,소형(~500평),37.8,중개거래,법인,법인,396.6,150.0,145977,368.1,972.9,2025-12,
남부,화성시,향남읍 구문천리,공장,일반공업,일반,,중형(500~2천평),69.4,중개거래,법인,법인,950.2,659.3,470000,494.6,712.9,2025-12,
남부,화성시,송산면 지화리,공장,계획관리,일반,2018,중형(500~2천평),23.4,직거래,개인,법인,1269.3,296.9,310000,244.2,1044.2,2025-12,
남부,화성시,마도면 송정리,공장,자연녹지,일반,1989,대형(2천평~),1.9,중개거래,법인,법인,2544.0,49.0,708800,278.6,14463.8,2025-12,
남부,화성시,양감면 신왕리,공장,계획관리,일반,,중형(500~2천평),46.9,중개거래,개인,법인,901.5,423.0,238445,264.5,563.7,2025-12,
남부,화성시,향남읍 길성리,공장,계획관리,일반,2020,소형(~500평),37.4,중개거래,법인,법인,484.9,181.5,188904,389.6,1040.8,2025-12,
남부,화성시,우정읍 매향리,창고시설,계획관리,일반,2006,중형(500~2천평),23.4,중개거래,법인,법인,805.0,188.8,150217,186.6,795.8,2025-12,
남부,화성시,양감면 송산리,공장,계획관리,일반,,중형(500~2천평),34.7,중개거래,법인,법인,534.5,185.5,221959,415.3,1196.6,2025-12,
남부,화성시,장안면 수촌리,공장,계획관리,일반,2023,중형(500~2천평),24.2,직거래,법인,법인,730.5,177.0,211500,289.5,1195.2,2025-12,
남부,화성시,서신면 매화리,공장,계획관리,일반,2024,중형(500~2천평),14.5,중개거래,법인,법인,1998.0,290.4,330000,165.2,1136.4,2025-12,
남부,화성시,마도면 청원리,공장,계획관리,일반,,소형(~500평),26.3,중개거래,개인,법인,464.0,122.1,120000,258.6,982.9,2025-12,
남부,화성시,남양읍 온석리,공장,계획관리,일반,2002,소형(~500평),111.9,중개거래,법인,개인,177.9,199.0,79785,448.6,401.0,2025-12,
남부,화성시,팔탄면 서근리,공장,계획관리,일반,2016,중형(500~2천평),50.8,중개거래,법인,법인,605.3,307.5,220533,364.3,717.3,2025-12,
남부,화성시,팔탄면 구장리,공장,계획관리,일반,2002,소형(~500평),30.1,중개거래,법인,개인,499.1,150.2,111000,222.4,739.1,2026-01,
남부,화성시,우정읍 주곡리,공장,계획관리,일반,2008,중형(500~2천평),49.3,중개거래,개인,법인,741.7,366.0,221498,298.6,605.1,2026-01,
남부,화성시,팔탄면 구장리,공장,자연녹지,일반,1991,대형(2천평~),18.1,직거래,법인,법인,5576.3,1011.9,2386404,428.0,2358.3,2026-01,
남부,화성시,장안면 노진리,공장,계획관리,일반,,대형(2천평~),24.7,중개거래,법인,개인,2400.0,593.2,485201,202.2,818.0,2026-01,
남부,화성시,남양읍 온석리,공장,계획관리,일반,2016,소형(~500평),33.5,중개거래,개인,개인,297.1,99.6,71227,239.8,714.8,2026-01,
남부,화성시,향남읍 증거리,공장,계획관리,일반,,중형(500~2천평),90.5,중개거래,법인,법인,728.1,659.0,329850,453.0,500.5,2026-01,
남부,화성시,양감면 사창리,공장,계획관리,일반,2002,중형(500~2천평),31.6,직거래,법인,법인,1805.0,570.7,357400,198.0,626.3,2026-01,
남부,화성시,장안면 석포리,공장,계획관리,일반,2024,중형(500~2천평),29.9,직거래,개인,법인,857.0,256.2,349760,408.1,1365.0,2026-01,
남부,화성시,팔탄면 하저리,공장,계획관리,일반,2001,소형(~500평),70.2,직거래,개인,법인,405.4,284.6,111887,276.0,393.1,2026-01,
남부,화성시,장안면 금의리,공장,계획관리,일반,2014,소형(~500평),30.0,중개거래,법인,법인,498.5,149.5,150000,300.9,1003.5,2026-01,
남부,화성시,장안면 수촌리,공장,계획관리,일반,,중형(500~2천평),41.4,중개거래,법인,법인,910.5,377.2,250000,274.6,662.7,2026-01,
남부,화성시,남양읍 북양리,공장,계획관리,일반,2005,소형(~500평),71.2,직거래,개인,법인,236.6,168.4,87100,368.2,517.3,2026-01,
남부,화성시,서신면 상안리,공장,계획관리,일반,2015,중형(500~2천평),48.0,직거래,개인,법인,904.5,434.5,304940,337.1,701.8,2026-01,
남부,화성시,향남읍 백토리,공장,계획관리,일반,,중형(500~2천평),42.4,중개거래,개인,법인,807.7,342.5,215000,266.2,627.8,2026-01,
남부,화성시,우정읍 이화리,공장,계획관리,일반,2007,소형(~500평),45.5,직거래,법인,법인,403.8,183.8,116450,288.4,633.6,2026-01,
남부,화성시,향남읍 동오리,공장,계획관리,일반,,중형(500~2천평),48.9,중개거래,법인,법인,932.9,455.9,319000,341.9,699.7,2026-01,
남부,화성시,장안면 금의리,공장,계획관리,일반,2015,소형(~500평),25.3,중개거래,법인,개인,395.1,99.8,36400,92.1,364.6,2026-02,
남부,화성시,남양읍 신남리,공장,계획관리,일반,2005,중형(500~2천평),61.9,직거래,개인,법인,946.8,586.0,293500,310.0,500.8,2026-02,
남부,화성시,향남읍 구문천리,공장,일반공업,일반,2010,중형(500~2천평),101.2,직거래,개인,법인,800.1,809.8,540000,674.9,666.9,2026-02,
남부,화성시,양감면 용소리,공장,계획관리,일반,1996,소형(~500평),32.8,직거래,개인,개인,446.2,146.3,102700,230.2,701.7,2026-02,
남부,화성시,우정읍 이화리,공장,계획관리,일반,2007,소형(~500평),43.1,직거래,개인,법인,427.1,184.2,130000,304.4,705.7,2026-02,
남부,화성시,양감면 요당리,공장,계획관리,일반,2008,대형(2천평~),85.4,직거래,법인,법인,4500.6,3843.2,1544962,343.3,402.0,2026-02,
남부,화성시,팔탄면 구장리,공장,계획관리,일반,2018,중형(500~2천평),95.8,중개거래,법인,법인,709.7,680.0,392823,553.5,577.7,2026-02,
남부,화성시,팔탄면 율암리,공장,계획관리,일반,2004,소형(~500평),59.1,중개거래,개인,법인,124.6,73.7,43840,351.8,595.0,2026-02,
남부,화성시,팔탄면 율암리,공장,계획관리,일반,,소형(~500평),61.6,중개거래,개인,법인,160.0,98.6,64080,400.4,649.8,2026-02,
남부,화성시,향남읍 관리,공장,계획관리,일반,2004,대형(2천평~),8.7,직거래,법인,법인,3295.7,286.2,1002751,304.3,3503.6,2026-02,
남부,화성시,서신면 광평리,공장,계획관리,일반,,중형(500~2천평),30.5,중개거래,개인,법인,979.8,298.4,263700,269.1,883.8,2026-02,
남부,화성시,양감면 정문리,공장,계획관리,일반,2002,중형(500~2천평),0.4,직거래,법인,법인,1408.4,5.4,440458,312.7,80892.2,2026-02,
남부,화성시,양감면 정문리,공장,계획관리,일반,2016,중형(500~2천평),24.4,직거래,법인,법인,1808.3,441.7,722192,399.4,1635.2,2026-02,
남부,화성시,양감면 신왕리,공장,계획관리,일반,2008,중형(500~2천평),41.3,중개거래,법인,법인,657.9,271.8,138180,210.0,508.3,2026-02,
남부,화성시,마도면 청원리,공장,계획관리,일반,2025,소형(~500평),40.4,중개거래,법인,법인,302.2,122.1,98380,325.5,805.8,2026-02,
남부,화성시,팔탄면 서근리,공장,계획관리,일반,2018,중형(500~2천평),62.2,중개거래,법인,법인,1141.6,710.6,393279,344.5,553.5,2026-02,
남부,화성시,향남읍 동오리,공장,계획관리,일반,2004,중형(500~2천평),21.0,중개거래,개인,법인,579.3,121.8,132541,228.8,1088.3,2026-03,
남부,화성시,서신면 상안리,공장,계획관리,일반,2008,중형(500~2천평),22.5,직거래,개인,법인,785.6,176.8,178500,227.2,1009.7,2026-03,
남부,화성시,향남읍 송곡리,공장,계획관리,일반,2025,중형(500~2천평),55.8,중개거래,법인,개인,1105.3,617.0,507500,459.1,822.5,2026-03,
남부,화성시,장안면 수촌리,공장,계획관리,일반,2022,소형(~500평),41.7,직거래,법인,법인,467.1,194.8,198500,425.0,1018.9,2026-03,
남부,화성시,팔탄면 서근리,공장,계획관리,일반,,중형(500~2천평),42.8,중개거래,개인,법인,912.9,390.4,80000,87.6,204.9,2026-03,
남부,화성시,우정읍 화산리,공장,계획관리,일반,,중형(500~2천평),29.3,중개거래,법인,법인,1473.8,431.5,372523,252.8,863.3,2026-03,
남부,화성시,우정읍 매향리,공장,계획관리,일반,2021,중형(500~2천평),25.7,직거래,개인,법인,865.2,222.3,185891,214.9,836.1,2026-03,
남부,화성시,장안면 독정리,공장,계획관리,일반,2022,소형(~500평),34.4,직거래,개인,개인,432.6,148.8,135161,312.5,908.1,2026-03,
남부,화성시,우정읍 운평리,공장,생산관리,일반,2022,중형(500~2천평),26.4,직거래,법인,개인,660.1,174.2,136000,206.0,780.5,2026-03,
남부,화성시,양감면 요당리,공장,계획관리,일반,2008,중형(500~2천평),47.4,중개거래,개인,법인,808.6,383.3,198420,245.4,517.6,2026-03,
남부,화성시,팔탄면 하저리,공장,계획관리,일반,,중형(500~2천평),40.0,직거래,법인,법인,998.6,399.3,398000,398.6,996.7,2026-04,
남부,화성시,송산면 사강리,공장,계획관리,일반,2023,소형(~500평),48.3,중개거래,개인,개인,228.7,110.6,98730,431.7,893.1,2026-04,
남부,화성시,팔탄면 하저리,공장,계획관리,일반,2023,중형(500~2천평),26.4,직거래,법인,법인,998.6,263.8,418000,418.6,1584.7,2026-04,
남부,화성시,서신면 전곡리,공장,계획관리,일반,2025,중형(500~2천평),43.9,중개거래,법인,법인,836.4,366.9,284760,340.5,776.1,2026-04,
남부,화성시,향남읍 수직리,공장,계획관리,일반,2022,대형(2천평~),25.6,중개거래,법인,법인,2020.4,517.8,685931,339.5,1324.8,2026-04,
남부,화성시,장안면 금의리,공장,계획관리,일반,2013,중형(500~2천평),44.4,중개거래,개인,법인,675.2,299.5,101000,149.6,337.3,2026-04,
남부,화성시,팔탄면 하저리,공장,계획관리,일반,2001,중형(500~2천평),43.3,중개거래,법인,법인,564.5,244.5,156300,276.9,639.3,2026-04,
남부,화성시,마도면 청원리,공장,일반공업,일반,2018,중형(500~2천평),74.0,중개거래,법인,법인,1018.3,753.6,540000,530.3,716.6,2026-04,
남부,화성시,남양읍 북양리,공장,계획관리,일반,2004,중형(500~2천평),75.2,중개거래,법인,법인,536.0,403.2,232000,432.8,575.4,2026-04,
남부,화성시,팔탄면 구장리,공장,계획관리,일반,2001,중형(500~2천평),39.4,중개거래,법인,법인,611.1,240.7,243335,398.2,1010.9,2026-04,
남부,화성시,양감면 요당리,공장,계획관리,일반,2022,중형(500~2천평),66.4,직거래,법인,법인,1126.8,748.4,634812,563.4,848.3,2026-04,
남부,화성시,장안면 석포리,공장,계획관리,일반,2006,중형(500~2천평),71.0,중개거래,법인,법인,981.0,696.2,340000,346.6,488.4,2026-04,
남부,화성시,마도면 청원리,공장,일반공업,일반,2018,중형(500~2천평),61.0,중개거래,법인,법인,1016.7,620.2,560000,550.8,902.9,2026-04,
남부,화성시,팔탄면 고주리,공장,계획관리,일반,,중형(500~2천평),61.8,직거래,개인,법인,1000.1,618.3,400672,400.6,648.1,2026-04,
남부,화성시,마도면 석교리,공장,계획관리,일반,2016,소형(~500평),40.7,중개거래,개인,법인,359.1,146.2,139830,389.4,956.6,2026-04,
남부,화성시,마도면 석교리,공장,계획관리,일반,2016,소형(~500평),34.3,중개거래,개인,법인,359.1,123.3,139830,389.4,1134.5,2026-04,
남부,화성시,장안면 금의리,공장,계획관리,일반,1995,소형(~500평),59.9,직거래,개인,법인,419.3,251.2,71000,169.3,282.6,2026-04,
남부,화성시,장안면 금의리,창고시설,계획관리,일반,2002,소형(~500평),37.0,직거래,개인,법인,474.3,175.7,75000,158.1,426.9,2026-04,
남부,화성시,장안면 수촌리,공장,계획관리,일반,2025,소형(~500평),38.6,직거래,법인,법인,377.5,145.8,133000,352.3,912.3,2026-04,
남부,화성시,송산면 고포리,공장,계획관리,일반,2018,소형(~500평),68.0,중개거래,개인,법인,350.0,237.8,139250,397.9,585.5,2026-04,
남부,화성시,향남읍 길성리,공장,계획관리,일반,2023,중형(500~2천평),21.1,중개거래,법인,법인,743.8,157.2,228779,307.6,1455.5,2026-04,
남부,화성시,향남읍 증거리,공장,계획관리,일반,2016,소형(~500평),37.2,중개거래,법인,법인,374.5,139.3,141218,377.1,1014.0,2026-04,
남부,화성시,마도면 고모리,공장,계획관리,일반,,중형(500~2천평),19.9,직거래,법인,개인,1709.7,340.0,270000,157.9,794.1,2026-05,
남부,화성시,향남읍 백토리,공장,계획관리,일반,,중형(500~2천평),31.5,중개거래,법인,개인,657.6,207.2,208990,317.8,1008.7,2026-05,
남부,화성시,남양읍 활초리,공장,계획관리,일반,2026,소형(~500평),36.9,중개거래,개인,법인,405.4,149.7,146880,362.4,980.9,2026-05,
남부,화성시,마도면 쌍송리,공장,일반공업,일반,2006,중형(500~2천평),62.9,중개거래,법인,법인,1770.9,1114.3,845000,477.2,758.3,2026-05,
남부,화성시,향남읍 구문천리,공장,일반공업,일반,2011,중형(500~2천평),83.9,중개거래,개인,법인,500.0,419.5,240000,480.0,572.1,2026-05,
남부,화성시,향남읍 상두리,공장,계획관리,일반,2020,소형(~500평),34.2,중개거래,개인,법인,437.4,149.5,158000,361.2,1056.9,2026-05,
남부,화성시,서신면 전곡리,공장,일반공업,일반,2017,중형(500~2천평),81.2,직거래,법인,개인,590.4,479.2,261357,442.7,545.4,2026-05,
남부,화성시,팔탄면 해창리,창고시설,계획관리,일반,2023,대형(2천평~),158.2,직거래,법인,법인,10498.3,16606.3,8184235,779.6,492.8,2026-05,
남부,화성시,향남읍 갈천리,공장,계획관리,일반,2023,소형(~500평),66.4,중개거래,개인,법인,486.1,322.6,233581,480.5,724.0,2026-05,
남부,화성시,장안면 수촌리,공장,계획관리,일반,2018,중형(500~2천평),41.5,중개거래,개인,개인,721.8,299.5,243223,337.0,812.2,2026-05,
남부,화성시,팔탄면 화당리,공장,농림,일반,,중형(500~2천평),26.2,직거래,개인,법인,788.9,206.7,143788,182.3,695.6,2026-05,
남부,화성시,우정읍 이화리,공장,계획관리,일반,2007,소형(~500평),47.5,직거래,개인,개인,426.5,202.8,127838,299.7,630.4,2026-05,
남부,화성시,향남읍 구문천리,공장,일반공업,집합,2019,소형(~500평),0,중개거래,법인,법인,0,58.3,103924,0,1783.8,2026-05,
남부,화성시,팔탄면 창곡리,공장,계획관리,일반,,중형(500~2천평),53.1,중개거래,법인,법인,545.1,289.4,147200,270.0,508.6,2026-05,
남부,화성시,팔탄면 창곡리,공장,계획관리,일반,,중형(500~2천평),38.2,중개거래,법인,법인,601.1,229.9,162300,270.0,706.0,2026-05,
남부,화성시,마도면 송정리,공장,계획관리,일반,2007,소형(~500평),46.9,중개거래,법인,법인,401.4,188.2,154999,386.1,823.7,2026-06,
남부,화성시,마도면 청원리,공장,일반공업,일반,2016,중형(500~2천평),76.1,중개거래,개인,법인,849.6,646.4,420000,494.3,649.7,2026-06,
남부,화성시,팔탄면 덕우리,공장,계획관리,일반,2021,소형(~500평),37.0,직거래,개인,법인,348.2,129.0,123438,354.5,957.0,2026-06,
남부,화성시,장안면 독정리,공장,계획관리,일반,,소형(~500평),39.3,중개거래,법인,개인,382.1,150.0,93149,243.8,621.0,2026-06,
남부,화성시,정남면 고지리,창고시설,생산관리,일반,2025,소형(~500평),33.4,직거래,개인,법인,150.2,50.1,55691,370.8,1111.5,2025-07,
남부,화성시,봉담읍 상기리,공장,계획관리,일반,,대형(2천평~),53.6,중개거래,법인,법인,2117.5,1134.6,564895,266.8,497.9,2025-07,
남부,화성시,정남면 귀래리,공장,계획관리,일반,,중형(500~2천평),44.4,중개거래,법인,법인,657.0,291.5,214260,326.1,735.1,2025-07,
남부,화성시,정남면 수면리,공장,생산관리,일반,2019,중형(500~2천평),39.6,중개거래,법인,법인,755.9,299.1,237870,314.7,795.3,2025-07,
남부,화성시,정남면 수면리,공장,생산관리,일반,2018,중형(500~2천평),19.9,중개거래,법인,법인,705.1,140.5,198760,281.9,1415.0,2025-07,
남부,화성시,봉담읍 수영리,공장,개발제한구역,일반,1995,중형(500~2천평),95.5,중개거래,법인,법인,1148.6,1096.8,440000,383.1,401.2,2025-08,
남부,화성시,봉담읍 덕우리,공장,계획관리,일반,,소형(~500평),43.6,중개거래,개인,개인,481.6,210.1,151400,314.4,720.8,2025-08,
남부,화성시,정남면 음양리,공장,일반공업,일반,2019,중형(500~2천평),127.3,중개거래,법인,법인,854.0,1087.0,790000,925.1,726.7,2025-09,
남부,화성시,봉담읍 왕림리,공장,생산녹지,일반,2002,소형(~500평),71.9,직거래,개인,법인,200.9,144.5,57000,283.8,394.5,2025-10,
남부,화성시,봉담읍 분천리,공장,자연녹지,일반,1999,소형(~500평),58.7,직거래,법인,법인,383.9,225.2,120000,312.6,532.8,2025-10,
남부,화성시,봉담읍 분천리,공장,자연녹지,일반,2000,소형(~500평),36.6,중개거래,개인,법인,421.4,154.3,146800,348.4,951.5,2025-10,
남부,화성시,정남면 문학리,공장,계획관리,일반,2025,소형(~500평),34.8,중개거래,법인,개인,172.7,60.0,66631,385.8,1109.9,2025-10,
남부,화성시,봉담읍 상기리,공장,계획관리,일반,2018,중형(500~2천평),20.0,중개거래,개인,법인,702.4,140.4,182620,260.0,1301.1,2025-10,
남부,화성시,정남면 금복리,공장,계획관리,일반,2015,중형(500~2천평),19.6,중개거래,법인,법인,753.2,147.6,106114,140.9,718.8,2025-11,
남부,화성시,봉담읍 당하리,공장,자연녹지,일반,,소형(~500평),46.5,중개거래,개인,개인,467.1,217.0,180000,385.4,829.3,2025-11,
남부,화성시,배양동,공장,생산녹지,일반,2000,소형(~500평),33.0,중개거래,개인,개인,177.0,58.4,65000,367.3,1112.6,2025-11,
남부,화성시,봉담읍 덕우리,공장,계획관리,일반,1996,중형(500~2천평),45.1,중개거래,법인,법인,1800.2,812.5,569700,316.5,701.1,2025-12,
남부,화성시,봉담읍 동화리,공장,자연녹지,일반,2002,소형(~500평),77.7,중개거래,법인,법인,441.0,342.5,197479,447.8,576.5,2026-01,
남부,화성시,비봉면 양노리,공장,계획관리,일반,2000,중형(500~2천평),64.5,중개거래,법인,법인,559.6,360.7,220000,393.1,609.9,2026-01,
남부,화성시,비봉면 양노리,공장,계획관리,일반,2007,소형(~500평),38.8,중개거래,개인,개인,209.0,81.2,79500,380.3,979.2,2026-02,
남부,화성시,정남면 괘랑리,공장,자연녹지,일반,2003,소형(~500평),38.3,중개거래,개인,개인,351.8,134.9,100000,284.2,741.2,2026-03,
남부,화성시,비봉면 삼화리,공장,제1종일반주거,일반,2025,소형(~500평),98.4,중개거래,개인,법인,343.6,338.3,300000,873.0,886.8,2026-03,
남부,화성시,정남면 음양리,공장,일반공업,일반,2022,중형(500~2천평),59.8,직거래,법인,법인,500.2,298.9,380000,759.8,1271.4,2026-03,
남부,화성시,정남면 음양리,공장,일반공업,일반,2020,중형(500~2천평),61.6,직거래,법인,법인,1298.7,799.6,880000,677.6,1100.6,2026-04,
남부,화성시,비봉면 청요리,공장,계획관리,일반,,중형(500~2천평),29.4,중개거래,법인,개인,1027.6,302.5,247070,240.4,816.9,2026-04,
남부,화성시,봉담읍 덕우리,공장,계획관리,일반,,소형(~500평),111.6,중개거래,법인,법인,378.1,422.0,127755,337.9,302.7,2026-04,
남부,화성시,정남면 제기리,공장,계획관리,일반,2026,중형(500~2천평),61.9,중개거래,법인,법인,872.1,539.8,417315,478.5,773.1,2026-04,
남부,화성시,봉담읍 마하리,공장,계획관리,일반,,소형(~500평),45.0,중개거래,개인,개인,266.2,119.8,83758,314.6,699.2,2026-05,
남부,화성시,정남면 문학리,공장,계획관리,일반,,소형(~500평),54.5,중개거래,개인,개인,231.1,125.8,48120,208.2,382.4,2026-05,
남부,화성시,봉담읍 당하리,공장,자연녹지,일반,2000,중형(500~2천평),54.8,직거래,개인,개인,538.1,294.9,155000,288.0,525.5,2026-05,
남부,화성시,정남면 귀래리,공장,계획관리,일반,1998,중형(500~2천평),23.0,직거래,개인,법인,567.5,130.7,175627,309.5,1343.9,2026-05,
남부,화성시,비봉면 양노리,공장,계획관리,일반,2019,중형(500~2천평),49.1,직거래,개인,법인,948.6,465.6,439563,463.4,944.1,2026-05,
남부,화성시,정남면 망월리,공장,계획관리,일반,2003,소형(~500평),75.8,중개거래,개인,법인,398.7,302.0,150000,376.2,496.7,2026-05,
남부,화성시,정남면 망월리,공장,생산관리,일반,2001,소형(~500평),58.9,중개거래,법인,개인,250.2,147.5,80483,321.7,545.8,2026-05,
남부,화성시,기안동,창고시설,생산녹지,일반,2007,소형(~500평),14.9,중개거래,개인,개인,199.7,29.8,113500,568.5,3813.1,2026-05,
남부,화성시,정남면 귀래리,공장,계획관리,일반,2016,소형(~500평),47.9,중개거래,개인,법인,470.1,225.2,195000,414.8,865.7,2026-06,
남부,화성시,봉담읍 덕우리,공장,계획관리,일반,2002,중형(500~2천평),38.8,중개거래,법인,개인,1684.6,653.9,401800,238.5,614.4,2026-06,
남부,화성시,반정동,공장,계획관리,일반,1998,소형(~500평),39.1,중개거래,개인,법인,187.9,73.5,127500,678.7,1735.7,2025-08,
남부,화성시,반월동,공장,준주거,집합,,소형(~500평),0,직거래,법인,개인,0,9.1,20836,0,2299.0,2025-09,
남부,화성시,안녕동,공장,자연녹지,일반,2000,소형(~500평),53.7,중개거래,법인,개인,458.6,246.1,42300,92.2,171.9,2025-09,
남부,화성시,안녕동,공장,자연녹지,일반,,소형(~500평),58.3,중개거래,법인,법인,339.1,197.8,187505,552.9,948.2,2025-12,
남부,화성시,반월동,공장,준주거,집합,2024,소형(~500평),0,직거래,개인,법인,0,9.1,11233,0,1228.0,2026-03,
남부,화성시,기산동,창고시설,계획관리,일반,2003,소형(~500평),39.2,직거래,개인,법인,151.3,59.3,70000,462.8,1180.6,2026-04,
남부,화성시,반월동,공장,준주거,집합,2024,소형(~500평),0,직거래,법인,법인,0,9.2,19097,0,2078.0,2026-06,
남부,화성시,안녕동,공장,자연녹지,일반,1997,소형(~500평),100.8,직거래,법인,법인,427.7,431.4,236500,552.9,548.3,2026-06,
남부,화성시,반월동,창고시설,준주거,집합,,소형(~500평),0,중개거래,개인,개인,0,8.1,4000,0,491.9,2026-06,
남부,화성시,방교동,공장,일반공업,일반,2018,중형(500~2천평),74.8,중개거래,법인,법인,1029.3,770.0,1340000,1301.8,1740.4,2025-07,
남부,화성시,영천동,공장,준주거,집합,2021,소형(~500평),0,중개거래,법인,법인,0,22.8,40000,0,1757.2,2025-07,
남부,화성시,영천동,공장,준주거,집합,2021,소형(~500평),0,중개거래,법인,법인,0,13.9,24000,0,1724.8,2025-07,
남부,화성시,영천동,공장,준주거,집합,2021,소형(~500평),0,중개거래,법인,법인,0,19.8,40000,0,2018.8,2025-07,
남부,화성시,영천동,공장,준주거,집합,2019,소형(~500평),0,직거래,법인,법인,0,15.2,15047,0,990.5,2025-07,
남부,화성시,영천동,공장,준주거,집합,2020,소형(~500평),0,중개거래,개인,법인,0,18.2,18000,0,989.4,2025-07,
남부,화성시,영천동,공장,준주거,집합,2018,소형(~500평),0,중개거래,개인,개인,0,14.0,10600,0,759.0,2025-07,
남부,화성시,영천동,공장,준주거,집합,2018,소형(~500평),0,중개거래,개인,개인,0,14.0,10800,0,773.3,2025-07,
남부,화성시,영천동,공장,준주거,집합,2023,소형(~500평),0,중개거래,개인,법인,0,32.3,58000,0,1793.3,2025-07,
남부,화성시,영천동,공장,준주거,집합,2023,소형(~500평),0,중개거래,개인,법인,0,19.6,35100,0,1788.2,2025-07,
남부,화성시,영천동,공장,준주거,집합,2023,소형(~500평),0,중개거래,개인,법인,0,18.3,32700,0,1787.4,2025-07,
남부,화성시,영천동,공장,준주거,집합,2023,소형(~500평),0,중개거래,개인,법인,0,18.3,32800,0,1790.2,2025-07,
남부,화성시,영천동,공장,준주거,집합,2023,소형(~500평),0,중개거래,개인,개인,0,5.7,10900,0,1911.6,2025-07,
남부,화성시,영천동,공장,준주거,집합,2021,소형(~500평),0,중개거래,법인,법인,0,24.9,47512,0,1906.1,2025-07,
남부,화성시,영천동,공장,준주거,집합,2021,소형(~500평),0,중개거래,법인,법인,0,28.7,54777,0,1906.1,2025-07,
남부,화성시,방교동,공장,일반공업,일반,,중형(500~2천평),40.2,중개거래,법인,법인,1024.0,411.9,1000000,976.5,2427.7,2025-07,
남부,화성시,영천동,공장,준주거,집합,,소형(~500평),0,중개거래,개인,법인,0,10.6,20497,0,1942.6,2025-07,
남부,화성시,영천동,공장,준주거,집합,,소형(~500평),0,중개거래,법인,법인,0,22.3,43151,0,1932.9,2025-07,
남부,화성시,영천동,공장,준주거,집합,,소형(~500평),0,중개거래,법인,법인,0,21.0,43151,0,2053.1,2025-07,
남부,화성시,영천동,공장,준주거,집합,,소형(~500평),0,중개거래,법인,법인,0,22.7,45309,0,1993.1,2025-07,
남부,화성시,영천동,공장,준주거,집합,2021,소형(~500평),0,중개거래,개인,법인,0,24.5,38928,0,1587.0,2025-07,
남부,화성시,영천동,공장,준주거,집합,2021,소형(~500평),0,중개거래,개인,법인,0,14.4,22808,0,1586.7,2025-07,
남부,화성시,영천동,공장,준주거,집합,2021,소형(~500평),0,중개거래,개인,법인,0,21.4,33960,0,1587.0,2025-07,
남부,화성시,영천동,공장,준주거,집합,2021,소형(~500평),0,직거래,법인,개인,0,12.3,19621,0,1589.8,2025-07,
남부,화성시,영천동,공장,준주거,집합,2021,소형(~500평),0,직거래,법인,개인,0,24.9,39627,0,1589.8,2025-07,
남부,화성시,영천동,공장,준주거,집합,2018,소형(~500평),0,직거래,개인,법인,0,13.3,20000,0,1499.2,2025-07,
남부,화성시,영천동,공장,준주거,집합,2024,소형(~500평),0,직거래,법인,개인,0,8.3,20971,0,2539.4,2025-09,
남부,화성시,영천동,공장,준주거,집합,2018,소형(~500평),0,중개거래,법인,법인,0,11.7,12000,0,1027.4,2026-01,
남부,화성시,영천동,공장,준주거,집합,2023,소형(~500평),0,중개거래,개인,법인,0,6.2,11500,0,1849.1,2025-08,
남부,화성시,영천동,공장,준주거,집합,2017,소형(~500평),0,중개거래,개인,개인,0,37.9,43000,0,1135.9,2025-08,
남부,화성시,영천동,공장,준주거,집합,2023,소형(~500평),0,중개거래,개인,개인,0,5.7,11000,0,1929.1,2025-08,
남부,화성시,영천동,공장,준주거,집합,2017,소형(~500평),0,중개거래,개인,법인,0,54.7,88000,0,1608.8,2025-08,
남부,화성시,영천동,공장,준주거,집합,2019,소형(~500평),0,중개거래,법인,법인,0,31.7,44500,0,1403.7,2025-08,
남부,화성시,영천동,공장,준주거,집합,2019,소형(~500평),0,중개거래,개인,법인,0,11.3,15665,0,1384.6,2025-08,
남부,화성시,영천동,공장,준주거,집합,2019,소형(~500평),0,직거래,개인,법인,0,14.6,10000,0,686.1,2025-08,
남부,화성시,영천동,공장,준주거,집합,2019,소형(~500평),0,중개거래,법인,법인,0,22.5,29000,0,1286.5,2026-04,
남부,화성시,영천동,공장,준주거,집합,2017,소형(~500평),0,중개거래,개인,법인,0,12.6,19750,0,1564.9,2025-08,
남부,화성시,영천동,공장,준주거,집합,2019,소형(~500평),0,중개거래,법인,법인,0,55.9,64000,0,1144.2,2025-09,
남부,화성시,영천동,공장,준주거,집합,2024,소형(~500평),0,직거래,법인,개인,0,8.3,21237,0,2571.6,2025-09,
남부,화성시,영천동,공장,준주거,집합,2021,소형(~500평),0,중개거래,개인,법인,0,28.7,56000,0,1948.7,2025-09,
남부,화성시,영천동,공장,준주거,집합,2021,소형(~500평),0,중개거래,개인,법인,0,24.9,48000,0,1925.7,2025-09,
남부,화성시,영천동,공장,준주거,집합,2018,소형(~500평),0,중개거래,법인,법인,0,31.6,43000,0,1361.6,2025-09,
남부,화성시,영천동,공장,준주거,집합,,소형(~500평),0,중개거래,개인,법인,0,18.2,16000,0,879.5,2025-09,
남부,화성시,영천동,공장,준주거,집합,2021,소형(~500평),0,중개거래,개인,개인,0,7.1,11800,0,1656.4,2025-09,
남부,화성시,영천동,공장,준주거,집합,,소형(~500평),0,직거래,법인,법인,0,12.0,6128,0,509.4,2025-09,
남부,화성시,영천동,공장,준주거,집합,2017,소형(~500평),0,중개거래,법인,개인,0,10.8,2650,0,244.6,2025-09,
남부,화성시,영천동,공장,준주거,집합,2017,소형(~500평),0,중개거래,개인,법인,0,12.6,16500,0,1307.7,2025-09,
남부,화성시,영천동,공장,준주거,집합,2023,소형(~500평),0,중개거래,개인,법인,0,10.5,21364,0,2026.0,2025-09,
남부,화성시,영천동,공장,준주거,집합,2023,소형(~500평),0,중개거래,개인,법인,0,21.1,32714,0,1551.1,2025-09,
남부,화성시,영천동,공장,준주거,집합,2021,소형(~500평),0,중개거래,개인,법인,0,12.2,22000,0,1806.9,2025-09,
남부,화성시,영천동,공장,준주거,집합,2021,소형(~500평),0,중개거래,개인,법인,0,10.6,18500,0,1747.3,2025-09,
남부,화성시,영천동,공장,준주거,집합,2018,소형(~500평),0,중개거래,개인,법인,0,22.2,22500,0,1014.5,2025-09,
남부,화성시,영천동,공장,준주거,집합,2017,소형(~500평),0,중개거래,개인,법인,0,17.1,20000,0,1167.1,2025-09,
남부,화성시,영천동,공장,준주거,집합,2023,소형(~500평),0,직거래,법인,법인,0,22.9,40700,0,1777.6,2025-09,
남부,화성시,영천동,공장,준주거,집합,2023,소형(~500평),0,직거래,법인,법인,0,22.1,39400,0,1782.3,2025-09,
남부,화성시,영천동,공장,준주거,집합,2023,소형(~500평),0,직거래,법인,법인,0,25.2,45500,0,1804.8,2025-09,
남부,화성시,영천동,공장,준주거,집합,2023,소형(~500평),0,직거래,법인,법인,0,18.5,31500,0,1701.8,2025-09,
남부,화성시,영천동,공장,준주거,집합,2023,소형(~500평),0,직거래,법인,법인,0,13.4,22100,0,1652.5,2025-09,
남부,화성시,영천동,공장,준주거,집합,2023,소형(~500평),0,직거래,법인,법인,0,20.2,33600,0,1662.0,2025-09,
남부,화성시,영천동,공장,준주거,집합,2023,소형(~500평),0,직거래,법인,법인,0,14.5,24000,0,1657.4,2025-09,
남부,화성시,영천동,공장,준주거,집합,2023,소형(~500평),0,직거래,법인,법인,0,15.0,26700,0,1779.9,2025-09,
남부,화성시,영천동,공장,준주거,집합,2023,소형(~500평),0,직거래,법인,법인,0,25.6,43200,0,1684.5,2025-09,
남부,화성시,영천동,공장,준주거,집합,2023,소형(~500평),0,직거래,법인,법인,0,24.7,45800,0,1850.7,2025-09,
남부,화성시,영천동,공장,준주거,집합,2023,소형(~500평),0,직거래,법인,법인,0,24.7,42100,0,1705.8,2025-09,
남부,화성시,영천동,공장,준주거,집합,2023,소형(~500평),0,직거래,법인,법인,0,21.3,38000,0,1780.3,2025-09,
남부,화성시,영천동,공장,준주거,집합,2023,소형(~500평),0,직거래,법인,법인,0,26.0,46800,0,1802.7,2025-09,
남부,화성시,영천동,공장,준주거,집합,2023,소형(~500평),0,직거래,법인,법인,0,24.7,45100,0,1828.4,2025-09,
남부,화성시,영천동,공장,준주거,집합,2023,소형(~500평),0,직거래,법인,법인,0,27.6,49900,0,1804.8,2025-09,
남부,화성시,영천동,공장,준주거,집합,2023,소형(~500평),0,직거래,법인,법인,0,29.5,57600,0,1950.0,2025-09,
남부,화성시,영천동,공장,준주거,집합,2023,소형(~500평),0,직거래,법인,법인,0,30.3,57600,0,1902.2,2025-09,
남부,화성시,영천동,공장,준주거,집합,2023,소형(~500평),0,직거래,법인,법인,0,29.5,56900,0,1926.3,2025-09,
남부,화성시,영천동,공장,준주거,집합,2023,소형(~500평),0,직거래,법인,법인,0,30.9,59700,0,1934.1,2025-09,
남부,화성시,영천동,공장,준주거,집합,2021,소형(~500평),0,중개거래,개인,법인,0,24.9,38000,0,1524.5,2025-10,
남부,화성시,영천동,공장,준주거,집합,2018,소형(~500평),0,중개거래,개인,법인,0,24.2,27500,0,1136.4,2025-10,
남부,화성시,영천동,공장,준주거,집합,2018,소형(~500평),0,중개거래,개인,법인,0,28.1,31000,0,1101.9,2025-10,
남부,화성시,영천동,공장,준주거,집합,,소형(~500평),0,중개거래,법인,법인,0,14.5,28600,0,1975.0,2025-10,
남부,화성시,영천동,공장,준주거,집합,,소형(~500평),0,중개거래,법인,법인,0,13.4,25300,0,1891.8,2025-10,
남부,화성시,영천동,공장,준주거,집합,,소형(~500평),0,중개거래,법인,법인,0,13.4,24200,0,1809.5,2025-10,
남부,화성시,영천동,공장,준주거,집합,,소형(~500평),0,중개거래,법인,법인,0,15.0,31900,0,2126.5,2025-10,
남부,화성시,영천동,공장,준주거,집합,2017,소형(~500평),0,직거래,법인,법인,0,26.8,20000,0,745.4,2025-10,
남부,화성시,영천동,공장,준주거,집합,2018,소형(~500평),0,중개거래,법인,법인,0,25.2,20000,0,794.7,2026-01,
남부,화성시,영천동,공장,준주거,집합,2019,소형(~500평),0,중개거래,법인,법인,0,30.7,42600,0,1385.4,2025-10,
남부,화성시,영천동,공장,준주거,집합,2019,소형(~500평),0,중개거래,법인,법인,0,20.3,28400,0,1396.5,2025-10,
남부,화성시,영천동,공장,준주거,집합,2023,소형(~500평),0,중개거래,법인,법인,0,5.7,10500,0,1841.4,2025-10,
남부,화성시,영천동,공장,준주거,집합,,소형(~500평),0,중개거래,개인,법인,0,15.4,19200,0,1246.0,2025-10,
남부,화성시,영천동,공장,준주거,집합,2018,소형(~500평),0,중개거래,개인,개인,0,23.1,28500,0,1235.8,2025-10,
남부,화성시,영천동,공장,준주거,집합,2018,소형(~500평),0,중개거래,개인,개인,0,29.5,38000,0,1288.3,2025-10,
남부,화성시,영천동,공장,준주거,집합,2017,소형(~500평),0,중개거래,법인,법인,0,44.8,72700,0,1621.6,2025-10,
남부,화성시,영천동,공장,준주거,집합,2018,소형(~500평),0,중개거래,개인,법인,0,35.4,37600,0,1062.4,2025-11,
남부,화성시,영천동,공장,준주거,집합,2018,소형(~500평),0,중개거래,개인,법인,0,47.2,50400,0,1068.0,2025-11,
남부,화성시,금곡동,공장,자연녹지,일반,1998,소형(~500평),31.6,직거래,개인,개인,187.6,59.3,87000,463.9,1467.4,2025-11,
남부,화성시,영천동,공장,준주거,집합,2021,소형(~500평),0,중개거래,개인,법인,0,7.1,11700,0,1642.4,2026-02,
남부,화성시,영천동,공장,준주거,집합,2017,소형(~500평),0,직거래,법인,개인,0,23.2,17300,0,744.4,2025-11,
남부,화성시,방교동,공장,일반공업,일반,2017,중형(500~2천평),15.7,직거래,법인,법인,556.1,87.1,558000,1003.5,6405.0,2025-11,
남부,화성시,영천동,공장,준주거,집합,2017,소형(~500평),0,직거래,법인,법인,0,50.0,34100,0,681.5,2025-11,
남부,화성시,영천동,공장,준주거,집합,2021,소형(~500평),0,중개거래,법인,법인,0,21.2,32500,0,1531.8,2025-11,
남부,화성시,영천동,공장,준주거,집합,2023,소형(~500평),0,중개거래,개인,개인,0,21.3,46000,0,2160.3,2025-11,
남부,화성시,영천동,공장,준주거,집합,2021,소형(~500평),0,중개거래,법인,법인,0,19.7,30500,0,1548.8,2025-11,
남부,화성시,영천동,공장,준주거,집합,2023,소형(~500평),0,중개거래,개인,법인,0,25.1,44900,0,1789.4,2025-11,
남부,화성시,영천동,공장,준주거,집합,2021,소형(~500평),0,중개거래,개인,법인,0,12.5,20000,0,1604.8,2026-06,
남부,화성시,영천동,공장,준주거,집합,2021,소형(~500평),0,중개거래,개인,개인,0,28.7,74100,0,2578.5,2025-11,
남부,화성시,영천동,공장,준주거,집합,2021,소형(~500평),0,중개거래,개인,개인,0,24.9,45900,0,1841.5,2025-11,
남부,화성시,영천동,공장,준주거,집합,2021,소형(~500평),0,중개거래,개인,법인,0,24.7,47000,0,1904.1,2025-11,
남부,화성시,영천동,공장,준주거,집합,2023,소형(~500평),0,중개거래,법인,개인,0,13.4,18000,0,1345.9,2026-03,
남부,화성시,영천동,공장,준주거,집합,2017,소형(~500평),0,중개거래,법인,법인,0,34.6,53500,0,1547.9,2025-11,
남부,화성시,영천동,공장,준주거,집합,2022,소형(~500평),0,중개거래,개인,개인,0,18.1,24200,0,1335.6,2025-12,
남부,화성시,방교동,공장,일반공업,일반,2012,중형(500~2천평),120.8,중개거래,법인,법인,517.2,624.8,635000,1227.7,1016.3,2025-12,
남부,화성시,영천동,공장,준주거,집합,2019,소형(~500평),0,중개거래,개인,법인,0,10.6,7000,0,659.3,2025-12,
남부,화성시,영천동,공장,준주거,집합,,소형(~500평),0,중개거래,개인,법인,0,12.5,12100,0,964.3,2025-12,
남부,화성시,영천동,공장,준주거,집합,,소형(~500평),0,중개거래,개인,법인,0,12.5,17000,0,1354.8,2025-12,
남부,화성시,영천동,공장,준주거,집합,,소형(~500평),0,중개거래,개인,법인,0,14.1,21000,0,1488.5,2025-12,
남부,화성시,영천동,공장,준주거,집합,2023,소형(~500평),0,직거래,개인,법인,0,16.0,26400,0,1654.1,2025-12,
남부,화성시,장지동,공장,생산관리,일반,,소형(~500평),20.0,직거래,개인,기타,294.6,58.8,74000,251.2,1257.5,2025-12,
남부,화성시,영천동,공장,준주거,집합,2017,소형(~500평),0,중개거래,법인,법인,0,10.2,2750,0,268.8,2025-12,
남부,화성시,영천동,공장,준주거,집합,2023,소형(~500평),0,중개거래,개인,법인,0,12.2,19000,0,1553.2,2025-12,
남부,화성시,영천동,공장,준주거,집합,2017,소형(~500평),0,중개거래,법인,법인,0,42.7,64000,0,1499.2,2025-12,
남부,화성시,영천동,공장,준주거,집합,2017,소형(~500평),0,중개거래,개인,법인,0,41.4,69000,0,1665.9,2025-12,
남부,화성시,영천동,공장,준주거,집합,,소형(~500평),0,중개거래,개인,법인,0,4.7,3400,0,718.6,2026-02,
남부,화성시,영천동,공장,준주거,집합,2019,소형(~500평),0,중개거래,개인,개인,0,6.4,4000,0,620.8,2025-12,
남부,화성시,영천동,공장,준주거,집합,2019,소형(~500평),0,중개거래,개인,개인,0,8.9,4500,0,507.0,2025-12,
남부,화성시,방교동,공장,일반공업,일반,2013,중형(500~2천평),131.4,중개거래,법인,법인,1148.0,1508.5,1530000,1332.8,1014.3,2025-12,
남부,화성시,방교동,공장,일반공업,일반,2013,중형(500~2천평),139.5,중개거래,법인,법인,776.9,1083.6,900000,1158.4,830.6,2025-12,
남부,화성시,영천동,공장,준주거,집합,2017,소형(~500평),0,중개거래,법인,개인,0,27.4,33000,0,1206.2,2025-12,
남부,화성시,영천동,공장,준주거,집합,2023,소형(~500평),0,중개거래,개인,법인,0,6.2,11000,0,1768.7,2026-05,
남부,화성시,영천동,공장,준주거,집합,2017,소형(~500평),0,중개거래,개인,법인,0,24.7,35000,0,1416.4,2025-12,
남부,화성시,영천동,공장,준주거,집합,2017,소형(~500평),0,중개거래,개인,법인,0,27.4,39000,0,1425.5,2025-12,
남부,화성시,영천동,공장,준주거,집합,2017,소형(~500평),0,중개거래,개인,법인,0,28.0,41000,0,1466.9,2025-12,
남부,화성시,영천동,공장,준주거,집합,2019,소형(~500평),0,중개거래,개인,개인,0,11.8,7900,0,671.7,2025-12,
남부,화성시,영천동,공장,준주거,집합,2021,소형(~500평),0,중개거래,개인,개인,0,4.6,5000,0,1092.5,2025-12,
남부,화성시,영천동,공장,준주거,집합,,소형(~500평),0,직거래,법인,법인,0,15.4,8936,0,581.0,2025-12,
남부,화성시,방교동,공장,일반공업,일반,2020,대형(2천평~),159.4,직거래,법인,공공기관,2722.0,4339.4,3709100,1362.6,854.8,2025-12,
남부,화성시,영천동,공장,준주거,일반,2004,중형(500~2천평),207.6,직거래,개인,개인,937.0,1945.3,462000,493.1,237.5,2025-12,
남부,화성시,영천동,공장,준주거,집합,2023,소형(~500평),0,중개거래,개인,개인,0,13.4,20700,0,1547.8,2026-01,
남부,화성시,영천동,공장,준주거,집합,2018,소형(~500평),0,중개거래,법인,법인,0,30.0,34000,0,1132.8,2026-01,
남부,화성시,영천동,공장,자연녹지,집합,2019,소형(~500평),0,직거래,법인,개인,0,24.3,36000,0,1484.1,2026-01,
남부,화성시,방교동,공장,일반공업,일반,2015,중형(500~2천평),184.6,중개거래,법인,법인,515.3,951.3,750000,1455.5,788.4,2026-01,
남부,화성시,영천동,공장,준주거,집합,2021,소형(~500평),0,중개거래,개인,법인,0,10.0,15000,0,1507.2,2026-01,
남부,화성시,영천동,공장,준주거,집합,2021,소형(~500평),0,중개거래,개인,법인,0,11.5,18900,0,1645.5,2026-01,
남부,화성시,영천동,공장,준주거,집합,,소형(~500평),0,중개거래,개인,개인,0,8.9,5300,0,597.2,2026-01,
남부,화성시,영천동,공장,준주거,집합,2023,소형(~500평),0,중개거래,개인,법인,0,32.9,55018,0,1670.1,2026-01,
남부,화성시,영천동,공장,준주거,집합,2021,소형(~500평),0,중개거래,개인,법인,0,22.8,41331,0,1815.7,2026-01,
남부,화성시,영천동,공장,준주거,집합,2021,소형(~500평),0,중개거래,개인,법인,0,19.8,34466,0,1739.5,2026-01,
남부,화성시,영천동,공장,준주거,집합,2021,소형(~500평),0,중개거래,개인,법인,0,13.9,24203,0,1739.3,2026-01,
남부,화성시,영천동,공장,준주거,집합,2021,소형(~500평),0,직거래,개인,개인,0,7.1,14000,0,1965.2,2026-01,
남부,화성시,방교동,공장,일반공업,일반,2015,중형(500~2천평),80.3,직거래,법인,법인,723.5,580.7,850000,1174.8,1463.6,2026-01,
남부,화성시,영천동,공장,준주거,집합,,소형(~500평),0,중개거래,법인,개인,0,24.9,55500,0,2226.6,2026-01,
남부,화성시,영천동,공장,준주거,집합,2017,소형(~500평),0,직거래,개인,법인,0,23.4,33200,0,1418.9,2026-01,
남부,화성시,영천동,공장,준주거,집합,2021,소형(~500평),0,중개거래,법인,법인,0,24.5,38643,0,1575.4,2026-01,
남부,화성시,영천동,공장,준주거,집합,2021,소형(~500평),0,중개거래,법인,법인,0,21.4,33711,0,1575.4,2026-01,
남부,화성시,영천동,공장,준주거,집합,2021,소형(~500평),0,중개거래,법인,법인,0,14.4,22646,0,1575.4,2026-01,
남부,화성시,영천동,공장,준주거,집합,2019,소형(~500평),0,직거래,법인,법인,0,106.7,95000,0,890.4,2026-02,
남부,화성시,영천동,공장,준주거,집합,2023,소형(~500평),0,중개거래,개인,법인,0,11.6,13000,0,1122.1,2026-02,
남부,화성시,영천동,공장,준주거,집합,2021,소형(~500평),0,중개거래,개인,개인,0,7.1,9300,0,1305.5,2026-02,
남부,화성시,영천동,공장,준주거,집합,2021,소형(~500평),0,중개거래,개인,개인,0,7.1,10000,0,1403.7,2026-02,
남부,화성시,영천동,공장,준주거,집합,2017,소형(~500평),0,중개거래,법인,법인,0,23.1,40869,0,1767.7,2026-02,
남부,화성시,영천동,공장,준주거,집합,2017,소형(~500평),0,중개거래,법인,법인,0,22.5,39690,0,1767.8,2026-02,
남부,화성시,영천동,공장,준주거,집합,2017,소형(~500평),0,중개거래,법인,법인,0,20.8,36828,0,1767.8,2026-02,
남부,화성시,영천동,공장,준주거,집합,2019,소형(~500평),0,직거래,법인,법인,0,58.9,32788,0,556.8,2026-02,
남부,화성시,영천동,공장,준주거,집합,,소형(~500평),0,중개거래,개인,개인,0,6.6,5000,0,754.7,2026-02,
남부,화성시,영천동,공장,준주거,집합,2018,소형(~500평),0,직거래,개인,법인,0,12.7,27300,0,2148.8,2026-02,
남부,화성시,영천동,공장,준주거,집합,2021,소형(~500평),0,중개거래,법인,법인,0,13.1,18200,0,1389.8,2026-02,
남부,화성시,영천동,공장,준주거,집합,2021,소형(~500평),0,중개거래,법인,법인,0,11.4,15900,0,1390.5,2026-02,
남부,화성시,영천동,공장,준주거,집합,2017,소형(~500평),0,직거래,법인,법인,0,23.4,17400,0,743.8,2026-02,
남부,화성시,영천동,공장,준주거,집합,,소형(~500평),0,중개거래,개인,개인,0,6.6,4700,0,709.5,2026-02,
남부,화성시,영천동,공장,준주거,집합,2017,소형(~500평),0,중개거래,법인,법인,0,9.4,2700,0,288.1,2026-02,
남부,화성시,영천동,공장,준주거,집합,2018,소형(~500평),0,직거래,법인,법인,0,33.7,33500,0,995.0,2026-03,
남부,화성시,영천동,공장,준주거,집합,2023,소형(~500평),0,중개거래,개인,개인,0,5.7,10000,0,1753.7,2026-03,
남부,화성시,영천동,공장,준주거,집합,2023,소형(~500평),0,중개거래,법인,개인,0,15.0,22000,0,1466.6,2026-03,
남부,화성시,영천동,공장,준주거,집합,2017,소형(~500평),0,중개거래,개인,법인,0,34.9,35000,0,1003.6,2026-03,
남부,화성시,영천동,공장,준주거,집합,2024,소형(~500평),0,직거래,법인,개인,0,14.1,36473,0,2592.9,2026-03,
남부,화성시,영천동,공장,준주거,집합,2024,소형(~500평),0,직거래,법인,개인,0,8.3,21059,0,2550.1,2026-03,
남부,화성시,영천동,공장,준주거,집합,2021,소형(~500평),0,중개거래,법인,법인,0,23.9,25600,0,1070.4,2026-03,
남부,화성시,영천동,공장,준주거,집합,2021,소형(~500평),0,중개거래,법인,법인,0,24.7,26400,0,1070.0,2026-03,
남부,화성시,영천동,공장,준주거,집합,2023,소형(~500평),0,중개거래,개인,법인,0,12.5,17500,0,1394.7,2026-03,
남부,화성시,영천동,공장,준주거,집합,2019,소형(~500평),0,직거래,기타,기타,0,89.8,107800,0,1200.4,2026-03,
남부,화성시,영천동,공장,준주거,집합,,소형(~500평),0,중개거래,개인,법인,0,14.1,20000,0,1417.6,2026-03,
남부,화성시,영천동,공장,준주거,집합,2021,소형(~500평),0,중개거래,개인,법인,0,24.6,26549,0,1079.5,2026-03,
남부,화성시,영천동,공장,준주거,집합,2021,소형(~500평),0,중개거래,개인,법인,0,23.9,25817,0,1079.5,2026-03,
남부,화성시,영천동,공장,준주거,집합,2019,소형(~500평),0,직거래,개인,기타,0,5.9,4500,0,765.2,2026-03,
남부,화성시,영천동,공장,준주거,집합,2018,소형(~500평),0,중개거래,개인,개인,0,31.6,29000,0,918.3,2026-03,
남부,화성시,영천동,공장,준주거,집합,2021,소형(~500평),0,중개거래,개인,개인,0,4.7,4100,0,873.9,2026-03,
남부,화성시,영천동,공장,준주거,집합,2021,소형(~500평),0,중개거래,개인,법인,0,21.4,40000,0,1865.8,2026-03,
남부,화성시,영천동,공장,준주거,집합,2021,소형(~500평),0,중개거래,개인,법인,0,24.9,44000,0,1765.2,2026-03,
남부,화성시,영천동,공장,준주거,집합,2021,소형(~500평),0,중개거래,개인,법인,0,21.8,39500,0,1808.1,2026-03,
남부,화성시,영천동,공장,준주거,집합,2019,소형(~500평),0,직거래,개인,법인,0,10.5,15700,0,1500.0,2026-03,
남부,화성시,영천동,공장,준주거,집합,2019,소형(~500평),0,직거래,개인,법인,0,10.2,15300,0,1502.6,2026-03,
남부,화성시,영천동,공장,준주거,집합,2019,소형(~500평),0,직거래,개인,법인,0,10.7,16100,0,1498.0,2026-03,
남부,화성시,영천동,공장,준주거,집합,2019,소형(~500평),0,직거래,개인,법인,0,17.7,26500,0,1500.6,2026-03,
남부,화성시,영천동,공장,준주거,집합,2019,소형(~500평),0,직거래,개인,법인,0,15.3,23100,0,1505.6,2026-03,
남부,화성시,영천동,공장,준주거,집합,2019,소형(~500평),0,직거래,개인,법인,0,11.9,17800,0,1498.4,2026-03,
남부,화성시,영천동,공장,준주거,집합,2017,소형(~500평),0,직거래,법인,법인,0,35.2,40000,0,1137.2,2026-03,
남부,화성시,영천동,공장,준주거,집합,2019,소형(~500평),0,중개거래,개인,법인,0,30.7,36655,0,1192.2,2026-04,
남부,화성시,영천동,공장,준주거,집합,2019,소형(~500평),0,중개거래,개인,법인,0,29.6,35346,0,1192.2,2026-04,
남부,화성시,영천동,공장,준주거,집합,,소형(~500평),0,중개거래,개인,법인,0,13.4,10000,0,747.7,2026-04,
남부,화성시,영천동,공장,준주거,집합,2021,소형(~500평),0,중개거래,개인,법인,0,7.1,11500,0,1614.3,2026-04,
남부,화성시,영천동,공장,준주거,집합,2021,소형(~500평),0,중개거래,법인,개인,0,13.3,16000,0,1205.9,2026-04,
남부,화성시,영천동,공장,준주거,집합,2019,소형(~500평),0,중개거래,법인,법인,0,15.1,21500,0,1427.2,2026-04,
남부,화성시,영천동,공장,준주거,집합,2023,소형(~500평),0,중개거래,개인,법인,0,24.2,39000,0,1608.8,2026-04,
남부,화성시,영천동,공장,준주거,집합,,소형(~500평),0,중개거래,개인,법인,0,11.7,11000,0,941.8,2026-04,
남부,화성시,영천동,공장,준주거,집합,2019,소형(~500평),0,중개거래,법인,법인,0,34.9,47000,0,1345.6,2026-04,
남부,화성시,영천동,공장,준주거,집합,2019,소형(~500평),0,중개거래,개인,법인,0,14.6,21490,0,1470.5,2026-04,
남부,화성시,영천동,공장,준주거,집합,2019,소형(~500평),0,중개거래,개인,법인,0,14.7,21510,0,1466.4,2026-04,
남부,화성시,영천동,공장,준주거,집합,2017,소형(~500평),0,직거래,법인,법인,0,24.7,32000,0,1295.0,2026-04,
남부,화성시,영천동,공장,준주거,집합,2018,소형(~500평),0,중개거래,법인,개인,0,29.5,35000,0,1186.6,2026-04,
남부,화성시,영천동,공장,준주거,집합,2021,소형(~500평),0,중개거래,개인,법인,0,23.4,38032,0,1626.7,2026-05,
남부,화성시,영천동,공장,준주거,집합,2023,소형(~500평),0,중개거래,개인,법인,0,23.1,40662,0,1762.4,2026-05,
남부,화성시,영천동,공장,준주거,집합,2023,소형(~500평),0,중개거래,개인,법인,0,22.3,39338,0,1762.6,2026-05,
남부,화성시,영천동,공장,준주거,집합,,소형(~500평),0,중개거래,개인,개인,0,11.3,6000,0,530.3,2026-05,
남부,화성시,영천동,공장,준주거,집합,,소형(~500평),0,중개거래,개인,개인,0,6.4,4750,0,737.2,2026-05,
남부,화성시,영천동,공장,준주거,집합,2021,소형(~500평),0,중개거래,개인,개인,0,29.4,45000,0,1530.5,2026-05,
남부,화성시,영천동,공장,준주거,집합,2019,소형(~500평),0,직거래,법인,법인,0,21.1,31349,0,1484.7,2026-05,
남부,화성시,영천동,공장,준주거,집합,2019,소형(~500평),0,직거래,법인,법인,0,21.8,32379,0,1484.8,2026-05,
남부,화성시,영천동,공장,준주거,집합,2019,소형(~500평),0,직거래,법인,법인,0,23.3,35321,0,1516.2,2026-05,
남부,화성시,영천동,공장,준주거,집합,2019,소형(~500평),0,직거래,법인,법인,0,27.1,41101,0,1516.2,2026-05,
남부,화성시,영천동,공장,준주거,집합,2019,소형(~500평),0,직거래,법인,법인,0,25.5,37425,0,1468.6,2026-05,
남부,화성시,영천동,공장,준주거,집합,2020,소형(~500평),0,직거래,개인,개인,0,10.6,6520,0,614.1,2026-05,
남부,화성시,영천동,공장,준주거,집합,2019,소형(~500평),0,직거래,개인,개인,0,10.6,6000,0,565.1,2026-05,
남부,화성시,영천동,공장,준주거,집합,2017,소형(~500평),0,중개거래,법인,법인,0,54.2,54000,0,996.1,2026-05,
남부,화성시,영천동,공장,준주거,집합,2021,소형(~500평),0,중개거래,법인,법인,0,22.8,30320,0,1332.0,2026-05,
남부,화성시,영천동,공장,준주거,집합,2021,소형(~500평),0,중개거래,법인,법인,0,19.8,25364,0,1280.1,2026-05,
남부,화성시,영천동,공장,준주거,집합,2021,소형(~500평),0,중개거래,법인,법인,0,13.9,17816,0,1280.3,2026-05,
남부,화성시,영천동,공장,준주거,집합,2021,소형(~500평),0,중개거래,개인,법인,0,24.0,25000,0,1042.2,2026-05,
남부,화성시,방교동,공장,일반공업,일반,,대형(2천평~),127.9,중개거래,법인,법인,3952.9,5056.1,5950000,1505.2,1176.8,2026-05,
남부,화성시,영천동,공장,준주거,집합,2021,소형(~500평),0,중개거래,개인,개인,0,7.1,10800,0,1516.0,2026-05,
남부,화성시,영천동,공장,준주거,집합,2021,소형(~500평),0,중개거래,개인,개인,0,7.1,10500,0,1473.9,2026-05,
남부,화성시,영천동,공장,준주거,집합,,소형(~500평),0,중개거래,개인,개인,0,6.4,4450,0,690.6,2026-05,
남부,화성시,영천동,공장,준주거,집합,2021,소형(~500평),0,직거래,개인,기타,0,12.3,16000,0,1296.4,2026-05,
남부,화성시,영천동,공장,준주거,집합,2023,소형(~500평),0,중개거래,개인,법인,0,12.5,22250,0,1773.2,2026-06,
남부,화성시,영천동,공장,준주거,집합,2021,소형(~500평),0,중개거래,개인,개인,0,7.1,10400,0,1459.9,2026-06,
남부,화성시,영천동,공장,준주거,집합,2021,소형(~500평),0,중개거래,개인,법인,0,12.5,12000,0,962.9,2026-06,
남부,화성시,영천동,공장,준주거,집합,2021,소형(~500평),0,중개거래,개인,법인,0,28.7,39320,0,1368.2,2026-06,
남부,화성시,영천동,공장,준주거,집합,2021,소형(~500평),0,중개거래,개인,법인,0,24.9,34110,0,1368.5,2026-06,
남부,화성시,영천동,공장,준주거,집합,2021,소형(~500평),0,중개거래,개인,법인,0,19.9,27240,0,1368.5,2026-06,
남부,화성시,영천동,공장,준주거,집합,2021,소형(~500평),0,중개거래,개인,법인,0,21.4,29330,0,1368.1,2026-06,
남부,화성시,영천동,공장,준주거,집합,2018,소형(~500평),0,중개거래,법인,법인,0,28.1,35000,0,1244.1,2026-06,
남부,화성시,영천동,공장,준주거,집합,2021,소형(~500평),0,중개거래,개인,개인,0,24.9,31500,0,1263.7,2026-06,
남부,화성시,영천동,공장,준주거,집합,2019,소형(~500평),0,직거래,법인,개인,0,10.6,9000,0,847.6,2026-06,
남부,화성시,영천동,공장,준주거,집합,2021,소형(~500평),0,중개거래,개인,법인,0,24.9,40302,0,1616.9,2026-06,
남부,화성시,방교동,공장,일반공업,일반,2013,소형(~500평),108.2,직거래,기타,기타,373.9,404.5,380000,1016.4,939.5,2026-06,
남부,화성시,방교동,공장,일반공업,일반,2013,소형(~500평),108.2,직거래,개인,기타,186.9,202.2,200000,1069.9,988.9,2026-06,
남부,광주시,초월읍 선동리,창고시설,계획관리,일반,1996,대형(2천평~),84.9,직거래,법인,법인,2694.4,2288.4,1214964,450.9,530.9,2025-07,
남부,광주시,도척면 방도리,공장,계획관리,일반,,중형(500~2천평),33.4,직거래,법인,개인,758.1,253.5,310449,409.5,1224.7,2025-07,
남부,광주시,도척면 진우리,창고시설,계획관리,일반,1998,소형(~500평),52.4,중개거래,개인,개인,111.6,58.5,32000,286.7,546.7,2025-07,
남부,광주시,추자동,공장,제1종일반주거,일반,1994,소형(~500평),41.0,중개거래,개인,개인,440.7,180.6,154000,349.4,852.6,2025-07,
남부,광주시,초월읍 학동리,창고시설,계획관리,일반,2007,소형(~500평),63.7,중개거래,개인,개인,437.1,278.4,171860,393.2,617.4,2025-08,
남부,광주시,초월읍 학동리,창고시설,계획관리,일반,2002,중형(500~2천평),31.9,중개거래,개인,개인,941.4,299.9,277640,294.9,925.7,2025-08,
남부,광주시,초월읍 쌍동리,공장,계획관리,일반,1997,소형(~500평),51.9,중개거래,개인,법인,465.9,241.8,221150,474.7,914.4,2025-08,
남부,광주시,회덕동,공장,계획관리,일반,1996,소형(~500평),39.7,중개거래,개인,개인,301.6,119.9,131570,436.3,1097.6,2025-09,
남부,광주시,문형동,창고시설,계획관리,일반,,중형(500~2천평),74.4,중개거래,개인,법인,602.6,448.3,276000,458.0,615.7,2025-09,
남부,광주시,곤지암읍 부항리,공장,계획관리,일반,2012,중형(500~2천평),24.9,중개거래,법인,법인,1176.1,292.8,285000,242.3,973.3,2025-09,
남부,광주시,초월읍 학동리,공장,계획관리,일반,2004,중형(500~2천평),22.8,중개거래,개인,법인,665.2,152.0,214462,322.4,1411.2,2025-09,
남부,광주시,매산동,공장,계획관리,일반,1999,중형(500~2천평),46.7,중개거래,개인,개인,518.8,242.3,174000,335.4,718.1,2025-09,
남부,광주시,추자동,공장,농림,일반,2021,중형(500~2천평),22.9,중개거래,개인,법인,747.8,171.6,295000,394.5,1719.5,2025-09,
남부,광주시,초월읍 선동리,공장,계획관리,일반,2023,소형(~500평),37.7,중개거래,법인,법인,144.6,54.5,57100,394.9,1047.5,2025-10,
남부,광주시,초월읍 학동리,공장,계획관리,일반,2005,중형(500~2천평),25.9,직거래,개인,법인,959.5,248.6,325776,339.5,1310.6,2025-10,
남부,광주시,능평동,창고시설,계획관리,일반,2003,소형(~500평),39.1,중개거래,개인,개인,253.5,99.2,58000,228.8,584.6,2025-10,
남부,광주시,도척면 진우리,공장,생산관리,일반,2000,중형(500~2천평),13.9,중개거래,법인,법인,1622.9,225.4,207716,128.0,921.7,2025-10,
남부,광주시,도척면 노곡리,공장,계획관리,일반,2021,중형(500~2천평),55.4,직거래,법인,법인,578.7,320.3,244986,423.4,764.9,2025-10,
남부,광주시,초월읍 신월리,공장,계획관리,일반,1996,소형(~500평),34.4,중개거래,개인,법인,350.0,120.4,130000,371.4,1079.8,2025-10,
남부,광주시,목동,창고시설,계획관리,일반,2018,중형(500~2천평),31.4,중개거래,법인,법인,738.7,232.3,275525,373.0,1186.0,2025-10,
남부,광주시,곤지암읍 만선리,공장,계획관리,일반,1997,소형(~500평),60.6,직거래,개인,개인,493.7,299.2,132600,268.6,443.2,2025-11,
남부,광주시,도척면 추곡리,공장,계획관리,일반,,소형(~500평),48.3,중개거래,개인,법인,400.2,193.1,98000,244.9,507.4,2025-11,
남부,광주시,곤지암읍 부항리,공장,계획관리,일반,1993,소형(~500평),33.3,중개거래,개인,개인,269.8,89.8,59000,218.7,656.7,2025-11,
남부,광주시,초월읍 신월리,공장,계획관리,일반,,소형(~500평),22.9,중개거래,개인,법인,392.3,89.9,138249,352.4,1537.0,2025-11,
남부,광주시,초월읍 신월리,공장,계획관리,일반,,소형(~500평),37.0,중개거래,개인,법인,386.0,142.9,128676,333.4,900.6,2025-11,
남부,광주시,도척면 노곡리,창고시설,계획관리,일반,2023,대형(2천평~),185.7,직거래,법인,법인,8756.2,16257.6,9983869,1140.2,614.1,2025-12,
남부,광주시,초월읍 신월리,공장,계획관리,일반,1995,소형(~500평),54.0,중개거래,법인,법인,497.9,268.8,200000,401.7,744.0,2025-12,
남부,광주시,양벌동,공장,자연녹지,일반,1984,중형(500~2천평),58.6,직거래,법인,법인,994.0,582.6,239725,241.2,411.5,2025-12,
남부,광주시,직동,공장,계획관리,일반,,소형(~500평),55.8,중개거래,개인,법인,303.1,169.1,200500,661.5,1185.4,2025-12,
남부,광주시,도척면 진우리,공장,계획관리,일반,1996,소형(~500평),38.7,중개거래,개인,법인,497.0,192.5,114800,231.0,596.3,2026-01,
남부,광주시,도척면 진우리,창고시설,계획관리,일반,2004,소형(~500평),38.9,중개거래,개인,법인,388.7,151.0,83200,214.0,550.8,2026-01,
남부,광주시,추자동,창고시설,계획관리,일반,2004,소형(~500평),36.6,중개거래,개인,법인,329.7,120.8,108897,330.3,901.7,2026-01,
남부,광주시,추자동,공장,계획관리,일반,2004,소형(~500평),9.5,중개거래,개인,법인,462.2,43.9,136627,295.6,3114.9,2026-01,
남부,광주시,문형동,공장,계획관리,일반,2002,소형(~500평),77.3,중개거래,개인,법인,239.3,185.0,135000,564.2,729.7,2026-02,
남부,광주시,매산동,공장,계획관리,일반,2002,중형(500~2천평),29.9,중개거래,법인,법인,1629.6,487.0,530000,325.2,1088.2,2026-02,
남부,광주시,매산동,공장,계획관리,일반,1995,소형(~500평),45.3,직거래,개인,개인,493.1,223.2,238500,483.7,1068.3,2026-02,
남부,광주시,초월읍 학동리,공장,계획관리,일반,1997,소형(~500평),43.1,중개거래,개인,법인,382.1,164.7,91000,238.2,552.5,2026-02,
남부,광주시,초월읍 신월리,공장,계획관리,일반,1999,소형(~500평),62.6,중개거래,개인,법인,269.8,168.9,98264,364.2,581.9,2026-03,
남부,광주시,초월읍 신월리,창고시설,계획관리,일반,,소형(~500평),27.7,중개거래,개인,법인,432.6,119.8,129472,299.3,1080.8,2026-03,
남부,광주시,곤지암읍 수양리,공장,계획관리,일반,,중형(500~2천평),33.2,중개거래,법인,개인,561.1,186.2,136000,242.4,730.3,2026-03,
남부,광주시,삼동,공장,계획관리,일반,1998,소형(~500평),91.3,직거래,법인,개인,250.2,228.5,165000,659.6,722.2,2026-03,
남부,광주시,문형동,공장,계획관리,일반,2003,소형(~500평),79.6,직거래,개인,법인,458.3,365.0,225242,491.5,617.1,2026-03,
남부,광주시,퇴촌면 도마리,창고시설,개발제한구역,일반,1993,소형(~500평),25.1,중개거래,개인,개인,364.2,91.4,45000,123.6,492.4,2026-04,
남부,광주시,고산동,공장,제2종일반주거,일반,1995,소형(~500평),41.5,중개거래,개인,법인,354.2,147.0,354628,1001.1,2412.2,2026-04,
남부,광주시,초월읍 지월리,공장,계획관리,일반,2003,중형(500~2천평),43.9,직거래,개인,법인,532.4,233.9,208100,390.9,889.6,2026-04,
남부,광주시,초월읍 지월리,공장,계획관리,일반,2004,소형(~500평),45.3,직거래,개인,법인,449.2,203.6,226900,505.1,1114.3,2026-04,
남부,광주시,곤지암읍 열미리,창고시설,계획관리,일반,,소형(~500평),38.0,중개거래,법인,법인,462.5,175.5,157000,339.4,894.4,2026-04,
남부,광주시,곤지암읍 만선리,창고시설,계획관리,일반,2008,소형(~500평),38.3,직거래,개인,법인,425.9,163.0,53453,125.5,327.9,2026-04,
남부,광주시,곤지암읍 부항리,공장,생산관리,일반,,중형(500~2천평),18.8,직거래,개인,법인,616.5,116.2,195612,317.3,1684.0,2026-04,
남부,광주시,곤지암읍 열미리,공장,계획관리,일반,,중형(500~2천평),30.8,중개거래,개인,법인,1008.8,311.1,334000,331.1,1073.5,2026-04,
남부,광주시,초월읍 용수리,창고시설,계획관리,일반,2005,소형(~500평),59.1,직거래,개인,법인,399.0,235.9,179550,450.0,761.0,2026-04,
남부,광주시,초월읍 무갑리,창고시설,계획관리,일반,2017,중형(500~2천평),60.8,직거래,개인,법인,867.0,527.1,332285,383.3,630.4,2026-04,
남부,광주시,도척면 진우리,공장,계획관리,일반,,중형(500~2천평),31.0,중개거래,법인,법인,934.7,289.6,295000,315.6,1018.7,2026-05,
남부,광주시,곤지암읍 열미리,공장,계획관리,일반,1983,중형(500~2천평),18.9,중개거래,개인,법인,742.0,140.3,212137,285.9,1512.4,2026-05,
남부,광주시,곤지암읍 오향리,공장,계획관리,일반,1995,중형(500~2천평),58.1,중개거래,개인,개인,523.3,304.2,188000,359.2,618.1,2026-06,
남부,광주시,초월읍 학동리,공장,계획관리,일반,1996,소형(~500평),32.2,중개거래,개인,개인,372.1,119.8,140000,376.3,1168.7,2026-06,
남부,광주시,문형동,창고시설,계획관리,일반,2002,소형(~500평),40.1,중개거래,개인,개인,400.2,160.5,148000,369.8,922.1,2026-06,
남부,광주시,초월읍 신월리,공장,계획관리,일반,1998,중형(500~2천평),46.7,직거래,개인,법인,508.8,237.8,230549,453.1,969.4,2026-06,
남부,광주시,곤지암읍 곤지암리,공장,자연녹지,일반,1998,중형(500~2천평),37.1,직거래,개인,개인,818.9,303.7,248990,304.1,819.8,2026-06,
북부,양주시,은현면 운암리,공장,자연녹지,일반,1991,소형(~500평),35.2,중개거래,개인,법인,414.4,146.1,61200,147.7,419.0,2025-07,
북부,양주시,회암동,공장,계획관리,일반,1991,중형(500~2천평),61.8,중개거래,개인,개인,596.2,368.4,150000,251.6,407.2,2025-07,
북부,양주시,옥정동,공장,준주거,집합,2022,소형(~500평),0,직거래,개인,개인,0,38.0,48334,0,1272.7,2025-08,
북부,양주시,광적면 우고리,공장,계획관리,일반,2020,중형(500~2천평),57.5,직거래,법인,법인,1098.4,631.6,205000,186.6,324.6,2025-08,
북부,양주시,회암동,창고시설,계획관리,일반,2021,소형(~500평),57.9,직거래,개인,법인,412.1,238.5,162500,394.3,681.5,2025-08,
북부,양주시,남면 경신리,공장,계획관리,일반,2007,중형(500~2천평),6.7,중개거래,개인,개인,795.6,53.4,16500,20.7,308.8,2025-08,
북부,양주시,남면 경신리,공장,계획관리,일반,2007,중형(500~2천평),7.3,중개거래,개인,개인,795.6,58.4,16500,20.7,282.7,2025-08,
북부,양주시,남면 경신리,공장,계획관리,일반,2007,중형(500~2천평),6.5,중개거래,개인,개인,795.6,51.5,15000,18.9,291.2,2025-08,
북부,양주시,남면 경신리,공장,계획관리,일반,2007,중형(500~2천평),6.6,중개거래,개인,개인,795.6,52.3,15000,18.9,287.0,2025-08,
북부,양주시,은현면 선암리,공장,계획관리,일반,2013,중형(500~2천평),28.9,중개거래,개인,법인,749.0,216.1,27701,37.0,128.2,2025-08,
북부,양주시,봉양동,공장,일반공업,일반,,소형(~500평),64.3,직거래,개인,개인,199.7,128.4,50000,250.4,389.3,2025-08,
북부,양주시,고읍동,창고시설,자연녹지,일반,2007,소형(~500평),19.8,직거래,개인,법인,183.9,36.5,21800,118.5,597.6,2025-09,
북부,양주시,광적면 가납리,공장,일반공업,일반,1999,소형(~500평),57.6,중개거래,개인,법인,498.5,287.3,146910,294.7,511.4,2025-09,
북부,양주시,광적면 가납리,공장,일반공업,일반,,소형(~500평),5.8,중개거래,개인,법인,498.5,28.8,14160,28.4,491.7,2025-09,
북부,양주시,은현면 하패리,공장,계획관리,일반,1991,중형(500~2천평),35.1,중개거래,개인,법인,520.9,183.0,75000,144.0,409.9,2025-09,
북부,양주시,광적면 가납리,공장,준공업,일반,1997,중형(500~2천평),137.9,직거래,법인,기타,536.6,739.8,95432,177.8,129.0,2025-09,
북부,양주시,은현면 용암리,창고시설,제1종일반주거,일반,2017,소형(~500평),59.4,중개거래,개인,법인,199.7,118.6,58000,290.5,489.1,2025-10,
북부,양주시,만송동,창고시설,생산녹지,일반,2009,소형(~500평),25.1,직거래,개인,개인,115.7,29.1,31000,267.9,1066.2,2025-11,
북부,양주시,광적면 덕도리,공장,계획관리,일반,,소형(~500평),40.7,직거래,기타,법인,228.4,92.9,22000,96.3,236.9,2025-12,
북부,양주시,회암동,공장,계획관리,일반,1999,소형(~500평),40.2,직거래,기타,개인,350.0,140.8,60000,171.4,426.1,2025-12,
북부,양주시,광적면 덕도리,창고시설,계획관리,일반,2006,대형(2천평~),30.0,직거래,법인,법인,7257.0,2180.1,1183320,163.1,542.8,2025-12,
북부,양주시,광적면 가납리,공장,계획관리,일반,1999,중형(500~2천평),38.8,직거래,개인,법인,982.8,381.5,155828,158.6,408.5,2025-12,
북부,양주시,은현면 운암리,공장,자연녹지,일반,1991,대형(2천평~),42.0,직거래,개인,법인,2423.9,1018.2,450000,185.6,441.9,2026-01,
북부,양주시,은현면 하패리,공장,제1종일반주거,일반,,중형(500~2천평),33.0,중개거래,개인,법인,711.2,235.0,123100,173.1,523.8,2026-01,
북부,양주시,남면 상수리,공장,일반공업,일반,2005,소형(~500평),187.4,중개거래,법인,법인,438.0,820.6,125000,285.4,152.3,2026-01,
북부,양주시,남면 상수리,공장,일반공업,일반,2005,소형(~500평),187.4,직거래,개인,법인,438.0,820.6,78000,178.1,95.1,2026-01,
북부,양주시,삼숭동,창고시설,계획관리,일반,2007,중형(500~2천평),21.8,중개거래,개인,법인,600.5,130.7,184421,307.1,1411.2,2026-01,
북부,양주시,은현면 용암리,공장,제1종일반주거,일반,1995,소형(~500평),26.2,중개거래,개인,개인,459.5,120.4,84600,184.1,702.7,2026-01,
북부,양주시,은현면 용암리,공장,제1종일반주거,일반,2020,소형(~500평),48.9,중개거래,개인,개인,153.7,75.2,42100,274.0,560.0,2026-01,
북부,양주시,광적면 석우리,창고시설,농림,일반,,소형(~500평),43.4,중개거래,개인,개인,226.0,98.0,24860,110.0,253.6,2026-02,
북부,양주시,백석읍 홍죽리,공장,일반공업,일반,2013,대형(2천평~),52.0,직거래,법인,법인,4998.8,2601.5,1720000,344.1,661.2,2026-02,
북부,양주시,남면 입암리,공장,계획관리,일반,2024,중형(500~2천평),36.9,중개거래,개인,법인,1088.7,401.4,209960,192.9,523.0,2026-02,
북부,양주시,봉양동,공장,자연녹지,일반,1990,소형(~500평),148.2,직거래,개인,개인,205.2,304.3,38000,185.1,124.9,2026-03,
북부,양주시,남면 한산리,공장,계획관리,일반,2006,중형(500~2천평),80.2,직거래,법인,법인,1168.3,937.2,284000,243.1,303.0,2026-03,
북부,양주시,장흥면 일영리,창고시설,자연녹지,일반,,소형(~500평),37.1,중개거래,개인,개인,291.9,108.2,43000,147.3,397.5,2026-03,
북부,양주시,백석읍 가업리,공장,제1종일반주거,일반,2002,소형(~500평),63.1,직거래,개인,법인,220.5,139.2,55000,249.4,395.2,2026-03,
북부,양주시,백석읍 홍죽리,공장,계획관리,일반,2001,소형(~500평),28.2,직거래,개인,법인,482.2,135.9,66000,136.9,485.6,2026-03,
북부,양주시,옥정동,공장,준주거,집합,2024,소형(~500평),0,직거래,법인,개인,0,23.0,25466,0,1107.1,2026-05,
북부,양주시,옥정동,공장,준주거,집합,2024,소형(~500평),0,직거래,법인,개인,0,19.7,21746,0,1105.3,2026-04,
북부,양주시,옥정동,공장,준주거,집합,2024,소형(~500평),0,직거래,법인,개인,0,30.0,29520,0,982.5,2026-04,
북부,양주시,옥정동,공장,준주거,집합,2024,소형(~500평),0,직거래,법인,개인,0,22.0,24101,0,1093.4,2026-04,
북부,양주시,남면 상수리,공장,일반공업,일반,,중형(500~2천평),56.0,직거래,개인,법인,594.1,333.0,150000,252.5,450.5,2026-04,
북부,양주시,옥정동,공장,준주거,집합,2024,소형(~500평),0,직거래,법인,개인,0,25.7,31599,0,1230.5,2026-04,
북부,양주시,옥정동,공장,준주거,집합,2024,소형(~500평),0,직거래,법인,개인,0,22.0,27124,0,1230.5,2026-04,
북부,양주시,옥정동,공장,준주거,집합,2024,소형(~500평),0,직거래,법인,개인,0,28.6,36006,0,1258.2,2026-04,
북부,양주시,옥정동,공장,준주거,집합,2022,소형(~500평),0,직거래,개인,법인,0,23.3,31500,0,1353.2,2026-04,
북부,양주시,덕정동,공장,일반공업,일반,1999,소형(~500평),52.7,직거래,개인,개인,248.1,130.7,44000,177.4,336.5,2026-04,
북부,양주시,은현면 운암리,공장,자연녹지,일반,2001,중형(500~2천평),34.3,중개거래,개인,법인,689.4,236.3,82000,118.9,347.0,2026-04,
북부,양주시,은현면 봉암리,공장,일반공업,일반,,중형(500~2천평),36.6,직거래,개인,개인,801.6,293.7,112200,140.0,382.0,2026-04,
북부,양주시,옥정동,공장,준주거,집합,2024,소형(~500평),0,직거래,법인,개인,0,17.2,22816,0,1328.1,2026-05,
북부,양주시,옥정동,공장,준주거,집합,2024,소형(~500평),0,직거래,법인,개인,0,19.7,24620,0,1251.4,2026-05,
북부,양주시,옥정동,공장,준주거,집합,2024,소형(~500평),0,직거래,법인,개인,0,39.1,42193,0,1079.4,2026-05,
북부,양주시,옥정동,공장,준주거,집합,2024,소형(~500평),0,직거래,법인,개인,0,25.0,26984,0,1079.4,2026-05,
북부,양주시,옥정동,공장,준주거,집합,2024,소형(~500평),0,직거래,법인,개인,0,25.7,27720,0,1079.5,2026-05,
북부,양주시,옥정동,공장,준주거,집합,2024,소형(~500평),0,직거래,법인,개인,0,22.0,23794,0,1079.4,2026-05,
북부,양주시,옥정동,공장,준주거,집합,2024,소형(~500평),0,직거래,법인,개인,0,26.3,28428,0,1079.4,2026-05,
북부,양주시,옥정동,공장,준주거,집합,2024,소형(~500평),0,직거래,법인,개인,0,24.7,21491,0,870.8,2026-05,
북부,양주시,옥정동,공장,준주거,집합,2024,소형(~500평),0,직거래,법인,개인,0,28.0,22852,0,817.6,2026-05,
북부,양주시,남면 경신리,공장,계획관리,일반,2017,소형(~500평),32.3,직거래,법인,법인,461.6,149.2,98020,212.3,656.8,2026-05,
북부,양주시,고읍동,창고시설,생산녹지,일반,2012,소형(~500평),20.0,중개거래,개인,법인,299.8,59.9,71122,237.2,1187.4,2026-05,
북부,양주시,옥정동,공장,준주거,집합,2024,소형(~500평),0,직거래,법인,개인,0,39.1,42736,0,1093.3,2026-05,
북부,양주시,옥정동,공장,준주거,집합,2024,소형(~500평),0,직거래,법인,개인,0,25.0,27330,0,1093.3,2026-05,
북부,양주시,고암동,공장,자연녹지,일반,1995,소형(~500평),52.1,중개거래,개인,개인,229.9,119.8,91600,398.4,764.7,2026-05,
북부,양주시,남면 상수리,공장,일반공업,일반,2004,소형(~500평),78.8,직거래,개인,개인,300.0,236.6,70000,233.3,295.9,2026-05,
북부,양주시,남면 상수리,공장,제1종일반주거,일반,2026,소형(~500평),23.8,중개거래,개인,개인,251.7,59.9,60000,238.4,1001.8,2026-05,
북부,양주시,남면 경신리,공장,계획관리,일반,,대형(2천평~),39.8,중개거래,개인,법인,2385.8,949.5,496280,208.0,522.6,2026-06,
북부,양주시,남면 상수리,공장,제1종일반주거,일반,2006,중형(500~2천평),34.1,중개거래,법인,개인,914.2,311.5,130000,142.2,417.3,2026-06,
북부,양주시,은현면 도하리,공장,계획관리,일반,,소형(~500평),33.1,중개거래,개인,개인,150.9,49.9,23400,155.0,468.8,2026-06,
북부,포천시,동교동,공장,계획관리,일반,2002,소형(~500평),34.2,직거래,개인,개인,353.0,120.7,127200,360.3,1053.9,2025-07,
북부,포천시,내촌면 마명리,공장,계획관리,일반,2012,소형(~500평),38.6,직거래,개인,법인,284.0,109.6,71800,252.8,655.2,2025-07,
북부,포천시,창수면 가양리,공장,계획관리,일반,2016,중형(500~2천평),15.5,직거래,법인,법인,700.0,108.8,101055,144.4,928.7,2025-07,
북부,포천시,관인면 초과리,창고시설,계획관리,일반,2003,소형(~500평),21.2,중개거래,개인,개인,151.3,32.1,6084,40.2,189.3,2025-07,
북부,포천시,군내면 직두리,공장,계획관리,일반,1992,소형(~500평),42.2,중개거래,법인,개인,362.4,153.1,51800,142.9,338.4,2025-07,
북부,포천시,신북면 만세교리,공장,계획관리,일반,2016,중형(500~2천평),32.7,직거래,개인,개인,925.7,302.9,174460,188.5,575.9,2025-07,
북부,포천시,군내면 좌의리,공장,계획관리,일반,1993,중형(500~2천평),37.7,중개거래,개인,법인,1036.1,390.4,149501,144.3,382.9,2025-07,
북부,포천시,신북면 심곡리,공장,계획관리,일반,1994,중형(500~2천평),33.3,직거래,법인,법인,791.3,263.6,82000,103.6,311.0,2025-08,
북부,포천시,가산면 가산리,공장,계획관리,일반,2017,중형(500~2천평),43.1,중개거래,법인,법인,992.5,427.5,235000,236.8,549.8,2025-08,
북부,포천시,가산면 감암리,창고시설,계획관리,일반,2013,소형(~500평),21.0,중개거래,개인,개인,285.0,59.9,40000,140.4,667.8,2025-08,
북부,포천시,내촌면 내리,공장,자연녹지,일반,,중형(500~2천평),19.2,중개거래,개인,개인,989.2,190.3,233000,235.5,1224.5,2025-09,
북부,포천시,신북면 기지리,공장,계획관리,일반,,중형(500~2천평),50.8,중개거래,개인,개인,860.3,437.0,217000,252.2,496.6,2025-09,
북부,포천시,소흘읍 초가팔리,공장,계획관리,일반,2019,중형(500~2천평),35.7,중개거래,법인,법인,1175.8,419.7,405000,344.4,965.0,2025-09,
북부,포천시,소흘읍 이동교리,공장,계획관리,일반,2007,중형(500~2천평),19.4,중개거래,법인,개인,585.6,113.4,180000,307.4,1586.8,2025-09,
북부,포천시,이동면 노곡리,창고시설,농림,일반,1995,소형(~500평),32.3,직거래,개인,개인,165.8,53.5,12000,72.4,224.1,2025-09,
북부,포천시,가산면 가산리,공장,계획관리,일반,2020,소형(~500평),33.9,중개거래,법인,법인,437.1,148.2,103230,236.2,696.4,2025-09,
북부,포천시,가산면 정교리,공장,계획관리,일반,2023,소형(~500평),49.5,직거래,개인,법인,484.9,240.1,185000,381.5,770.5,2025-09,
북부,포천시,가산면 정교리,공장,농림,일반,2021,중형(500~2천평),40.5,직거래,개인,개인,750.2,303.8,150000,199.9,493.7,2025-10,
북부,포천시,가산면 마산리,공장,계획관리,일반,1996,소형(~500평),47.9,중개거래,법인,개인,265.9,127.3,60000,225.7,471.4,2025-10,
북부,포천시,소흘읍 이동교리,공장,계획관리,일반,1983,중형(500~2천평),16.9,중개거래,개인,법인,844.0,143.0,193700,229.5,1354.7,2025-10,
북부,포천시,화현면 화현리,공장,계획관리,일반,,중형(500~2천평),17.8,중개거래,법인,법인,1018.2,181.5,92670,91.0,510.6,2025-10,
북부,포천시,소흘읍 고모리,공장,계획관리,일반,2000,소형(~500평),33.2,중개거래,개인,개인,401.1,133.2,75000,187.0,563.1,2025-10,
북부,포천시,가산면 정교리,공장,계획관리,일반,2005,소형(~500평),35.6,직거래,개인,법인,439.8,156.4,103924,236.3,664.4,2025-11,
북부,포천시,신북면 신평리,공장,계획관리,일반,1996,중형(500~2천평),44.3,직거래,개인,법인,1057.5,469.0,127310,120.4,271.4,2025-11,
북부,포천시,가산면 금현리,공장,계획관리,일반,2022,소형(~500평),41.7,직거래,개인,법인,335.5,139.8,102191,304.6,731.2,2025-11,
북부,포천시,선단동,공장,계획관리,일반,2002,중형(500~2천평),45.0,중개거래,법인,법인,1897.3,854.0,280000,147.6,327.9,2025-11,
북부,포천시,내촌면 음현리,공장,계획관리,일반,2011,소형(~500평),77.8,직거래,개인,개인,438.9,341.5,144000,328.1,421.7,2025-11,
북부,포천시,가산면 방축리,공장,계획관리,일반,2004,소형(~500평),74.0,중개거래,법인,법인,277.7,205.6,78860,284.0,383.6,2025-11,
북부,포천시,내촌면 소학리,공장,계획관리,일반,1995,소형(~500평),46.2,중개거래,개인,개인,422.6,195.1,57600,136.3,295.2,2025-11,
북부,포천시,내촌면 소학리,공장,계획관리,일반,1985,소형(~500평),48.5,중개거래,개인,개인,117.1,56.7,14400,123.0,253.9,2025-11,
북부,포천시,소흘읍 무봉리,공장,계획관리,일반,2003,소형(~500평),42.1,중개거래,개인,개인,237.2,99.9,69000,290.9,690.7,2025-11,
북부,포천시,소흘읍 고모리,공장,계획관리,일반,,소형(~500평),40.0,직거래,개인,개인,250.0,99.9,62500,250.0,625.6,2025-11,
북부,포천시,일동면 수입리,공장,농림,일반,2018,중형(500~2천평),4.1,중개거래,개인,개인,1447.8,60.1,74300,51.3,1237.1,2025-12,
북부,포천시,소흘읍 무봉리,창고시설,계획관리,일반,2008,소형(~500평),39.4,중개거래,개인,개인,307.0,121.0,73500,239.4,607.4,2025-12,
북부,포천시,신북면 신평리,공장,계획관리,일반,2025,중형(500~2천평),23.0,직거래,개인,개인,1020.6,234.3,137960,135.2,588.8,2025-12,
북부,포천시,창수면 오가리,창고시설,계획관리,일반,2016,중형(500~2천평),16.7,중개거래,법인,개인,1511.0,252.7,128600,85.1,508.9,2025-12,
북부,포천시,내촌면 진목리,공장,계획관리,일반,,중형(500~2천평),15.5,중개거래,개인,개인,1170.1,181.4,97000,82.9,534.6,2026-01,
북부,포천시,가산면 정교리,공장,계획관리,일반,,중형(500~2천평),34.3,중개거래,개인,개인,523.9,179.7,122994,234.8,684.5,2026-01,
북부,포천시,가산면 가산리,공장,계획관리,일반,2008,중형(500~2천평),35.9,직거래,개인,법인,554.5,198.9,109600,197.7,551.0,2026-01,
북부,포천시,가산면 정교리,공장,계획관리,일반,1993,소형(~500평),45.5,중개거래,개인,개인,242.6,110.5,48000,197.9,434.4,2026-01,
북부,포천시,신북면 만세교리,공장,계획관리,일반,2002,소형(~500평),39.9,중개거래,개인,개인,480.1,191.8,49500,103.1,258.1,2026-01,
북부,포천시,가산면 감암리,공장,계획관리,일반,1993,소형(~500평),57.2,중개거래,법인,개인,415.9,237.9,55000,132.2,231.2,2026-01,
북부,포천시,군내면 좌의리,공장,계획관리,일반,2006,중형(500~2천평),31.7,중개거래,개인,법인,522.7,165.6,93490,178.9,564.4,2026-02,
북부,포천시,가산면 금현리,공장,계획관리,일반,2014,중형(500~2천평),39.5,중개거래,개인,개인,831.9,328.2,210000,252.4,639.8,2026-02,
북부,포천시,가산면 가산리,공장,농림,일반,2015,중형(500~2천평),37.7,중개거래,개인,개인,786.8,296.8,119209,151.5,401.6,2026-02,
북부,포천시,소흘읍 이가팔리,공장,계획관리,일반,1995,소형(~500평),59.6,중개거래,개인,개인,100.4,59.9,22000,219.1,367.3,2026-02,
북부,포천시,가산면 정교리,공장,계획관리,일반,2002,소형(~500평),35.2,직거래,개인,개인,166.7,58.7,19000,114.0,323.7,2026-02,
북부,포천시,소흘읍 무봉리,공장,농림,일반,2023,중형(500~2천평),19.2,직거래,개인,개인,596.7,114.4,120000,201.1,1048.9,2026-03,
북부,포천시,신북면 만세교리,공장,계획관리,일반,,중형(500~2천평),31.3,직거래,법인,법인,950.2,297.8,118000,124.2,396.2,2026-03,
북부,포천시,소흘읍 고모리,공장,계획관리,일반,2011,소형(~500평),39.7,중개거래,개인,법인,322.8,128.3,129800,402.1,1011.8,2026-03,
북부,포천시,가산면 방축리,공장,계획관리,일반,2000,중형(500~2천평),47.9,중개거래,개인,개인,752.9,360.6,119000,158.1,330.0,2026-03,
북부,포천시,선단동,공장,농림,일반,2020,중형(500~2천평),19.9,중개거래,개인,법인,899.9,179.4,217553,241.7,1213.0,2026-03,
북부,포천시,군내면 유교리,공장,농림,일반,2022,중형(500~2천평),23.8,직거래,법인,개인,753.8,179.7,158444,210.2,881.8,2026-03,
북부,포천시,가산면 금현리,공장,계획관리,일반,1991,소형(~500평),46.2,직거래,개인,개인,196.9,90.9,25000,127.0,275.1,2026-03,
북부,포천시,가산면 마전리,공장,계획관리,일반,2026,중형(500~2천평),21.7,중개거래,개인,법인,829.8,179.7,161800,195.0,900.5,2026-04,
북부,포천시,신북면 계류리,공장,계획관리,일반,1996,대형(2천평~),20.4,직거래,법인,법인,2340.7,476.6,115000,49.1,241.3,2026-04,
북부,포천시,동교동,공장,계획관리,일반,2007,중형(500~2천평),38.6,직거래,법인,법인,1178.5,455.4,200000,169.7,439.2,2026-04,
북부,포천시,동교동,공장,계획관리,일반,1991,소형(~500평),58.1,직거래,개인,개인,187.6,108.9,12500,66.6,114.8,2026-04,
북부,포천시,가산면 우금리,공장,계획관리,일반,1994,중형(500~2천평),52.1,중개거래,법인,개인,500.0,260.8,142203,284.4,545.3,2026-04,
북부,포천시,가산면 금현리,공장,계획관리,일반,,중형(500~2천평),38.1,중개거래,개인,개인,724.2,275.8,220000,303.8,797.6,2026-04,
북부,포천시,가산면 가산리,공장,계획관리,일반,2002,소형(~500평),38.1,직거래,개인,개인,415.0,158.2,65065,156.8,411.2,2026-05,
북부,포천시,가산면 금현리,공장,계획관리,일반,2026,소형(~500평),37.2,중개거래,개인,법인,489.4,182.1,114500,234.0,628.8,2026-05,
북부,포천시,동교동,공장,계획관리,일반,2016,소형(~500평),41.5,직거래,개인,개인,487.9,202.5,108700,222.8,536.8,2026-05,
북부,포천시,가산면 가산리,공장,계획관리,일반,2022,중형(500~2천평),36.2,중개거래,법인,법인,877.6,317.6,173324,197.5,545.7,2026-05,
북부,포천시,소흘읍 이동교리,창고시설,자연녹지,일반,2008,중형(500~2천평),17.4,중개거래,법인,개인,739.3,128.4,118240,159.9,920.8,2026-06,
북부,포천시,군내면 상성북리,공장,계획관리,일반,2018,중형(500~2천평),35.1,직거래,개인,개인,607.4,213.4,97900,161.2,458.7,2026-06,
북부,포천시,창수면 오가리,공장,계획관리,일반,2013,중형(500~2천평),45.2,중개거래,개인,법인,981.6,443.7,98000,99.8,220.8,2026-06,
남부,여주시,천송동,공장,계획관리,일반,2020,소형(~500평),25.9,직거래,개인,개인,448.6,116.2,159000,354.4,1368.8,2025-08,
남부,여주시,점동면 사곡리,창고시설,계획관리,일반,2005,소형(~500평),9.3,중개거래,개인,개인,121.0,11.3,2000,16.5,177.2,2025-09,
남부,여주시,금사면 금사리,창고시설,생산관리,일반,2011,소형(~500평),20.0,직거래,개인,개인,136.1,27.2,8815,64.8,323.8,2025-09,
남부,여주시,북내면 중암리,공장,보전관리,일반,1996,소형(~500평),62.7,중개거래,개인,법인,162.4,101.9,19534,120.3,191.7,2025-10,
남부,여주시,삼교동,창고시설,계획관리,일반,2023,대형(2천평~),212.3,직거래,법인,법인,18665.2,39624.4,18972481,1016.5,478.8,2025-11,
남부,여주시,점봉동,창고시설,계획관리,일반,2024,대형(2천평~),243.6,직거래,법인,법인,15170.4,36949.3,21611402,1424.6,584.9,2025-11,
남부,여주시,흥천면 신근리,창고시설,계획관리,일반,2015,대형(2천평~),67.5,직거래,법인,법인,3023.2,2039.2,1225000,405.2,600.7,2026-01,
남부,여주시,대신면 후포리,창고시설,농림,일반,1992,소형(~500평),45.5,직거래,개인,개인,130.4,59.3,6190,47.5,104.4,2026-01,
남부,여주시,천송동,공장,계획관리,일반,,중형(500~2천평),77.4,중개거래,법인,법인,935.6,724.3,241479,258.1,333.4,2026-02,
남부,여주시,점동면 덕평리,공장,계획관리,일반,2004,중형(500~2천평),22.4,중개거래,법인,법인,1324.3,297.3,154010,116.3,518.1,2026-03,
남부,여주시,대신면 초현리,공장,계획관리,일반,2018,대형(2천평~),19.7,직거래,법인,법인,5205.4,1023.4,400000,76.8,390.9,2026-03,
남부,여주시,가남읍 본두리,공장,계획관리,일반,2001,중형(500~2천평),6.7,직거래,법인,법인,1359.4,90.5,140000,103.0,1546.6,2026-03,
남부,여주시,대신면 후포리,창고시설,생산관리,일반,2008,소형(~500평),19.3,중개거래,개인,개인,308.6,59.6,18500,60.0,310.6,2026-03,
남부,여주시,천송동,창고시설,계획관리,일반,2008,소형(~500평),54.4,직거래,개인,개인,405.7,220.5,72000,177.5,326.6,2026-04,
남부,여주시,오금동,공장,계획관리,일반,1994,소형(~500평),37.7,직거래,개인,개인,300.1,113.1,32000,106.6,283.0,2026-06,
남부,여주시,북내면 지내리,공장,계획관리,일반,,소형(~500평),43.1,중개거래,개인,개인,148.2,63.8,28000,188.9,438.5,2026-06,
북부,연천군,청산면 초성리,창고시설,계획관리,일반,2000,소형(~500평),13.8,직거래,개인,개인,199.7,27.5,9900,49.6,360.0,2025-07,
북부,연천군,전곡읍 늘목리,공장,계획관리,일반,2002,중형(500~2천평),6.9,직거래,개인,법인,854.9,59.3,30000,35.1,506.0,2025-12,
북부,연천군,백학면 통구리,공장,일반공업,일반,2015,중형(500~2천평),31.2,직거래,개인,법인,585.6,182.6,74258,126.8,406.8,2025-12,
북부,연천군,청산면 초성리,창고시설,계획관리,일반,2012,소형(~500평),8.3,중개거래,개인,개인,143.7,12.0,12385,86.2,1033.9,2026-01,
북부,연천군,미산면 우정리,창고시설,농림,일반,1994,소형(~500평),16.2,직거래,개인,개인,318.2,51.5,19800,62.2,384.6,2026-02,
북부,연천군,전곡읍 간파리,공장,계획관리,일반,1992,소형(~500평),16.5,직거래,개인,개인,472.7,78.1,12894,27.3,165.1,2026-06,
북부,가평군,조종면 대보리,공장,계획관리,일반,2000,소형(~500평),28.5,중개거래,개인,개인,207.8,59.1,23000,110.7,388.9,2025-08,
북부,가평군,가평읍 달전리,창고시설,자연녹지,일반,2008,소형(~500평),15.9,중개거래,개인,개인,167.3,26.6,32000,191.3,1202.1,2025-11,
북부,가평군,청평면 상천리,창고시설,농림,일반,2007,소형(~500평),11.8,중개거래,개인,개인,337.3,39.9,20000,59.3,500.9,2026-02,
북부,가평군,상면 원흥리,공장,계획관리,일반,2015,중형(500~2천평),28.2,직거래,법인,법인,536.0,151.0,41700,77.8,276.1,2026-03,
북부,가평군,조종면 상판리,창고시설,계획관리,일반,1998,소형(~500평),16.5,직거래,개인,개인,121.0,20.0,4500,37.2,225.0,2026-06,
북부,가평군,상면 율길리,공장,계획관리,일반,2023,중형(500~2천평),14.4,직거래,법인,법인,1460.5,209.6,300000,205.4,1431.4,2026-06,
남부,양평군,강하면 동오리,창고시설,보전관리,일반,2006,소형(~500평),5.1,중개거래,개인,개인,183.3,9.4,20000,109.1,2121.8,2025-07,
남부,양평군,용문면 삼성리,창고시설,보전관리,일반,2013,소형(~500평),14.2,직거래,개인,개인,191.8,27.2,10000,52.1,367.3,2025-07,
남부,양평군,용문면 중원리,창고시설,계획관리,일반,2022,소형(~500평),5.6,직거래,개인,개인,102.9,5.8,15500,150.7,2668.7,2025-08,
남부,양평군,개군면 하자포리,창고시설,보전관리,일반,,중형(500~2천평),27.4,중개거래,법인,법인,1769.6,484.3,184483,104.2,381.0,2025-08,
남부,양평군,서종면 문호리,창고시설,보전관리,일반,2019,소형(~500평),2.9,중개거래,개인,개인,205.7,6.0,52375,254.6,8678.7,2025-10,
남부,양평군,강하면 왕창리,창고시설,계획관리,일반,2020,소형(~500평),3.7,직거래,개인,개인,154.0,5.8,18735,121.7,3252.8,2025-10,
남부,양평군,양평읍 회현리,창고시설,농림,일반,2011,소형(~500평),35.5,직거래,개인,개인,183.9,65.3,14000,76.1,214.3,2025-11,
남부,양평군,양동면 계정리,창고시설,농림,일반,2002,소형(~500평),20.1,직거래,개인,개인,249.6,50.1,4410,17.7,88.1,2025-11,
남부,양평군,용문면 다문리,창고시설,계획관리,일반,2020,소형(~500평),13.5,직거래,개인,개인,134.9,18.2,8713,64.6,480.1,2025-12,
남부,양평군,강하면 전수리,창고시설,계획관리,일반,2022,소형(~500평),10.0,직거래,개인,개인,162.7,16.3,16450,101.1,1009.3,2026-01,
남부,양평군,양평읍 회현리,창고시설,농림,일반,2026,소형(~500평),1.6,중개거래,개인,개인,336.1,5.4,22200,66.1,4077.1,2026-01,
남부,양평군,지평면 망미리,창고시설,생산관리,일반,2021,소형(~500평),2.0,중개거래,개인,개인,271.3,5.4,5500,20.3,1010.1,2026-02,
남부,양평군,양동면 석곡리,창고시설,농림,일반,2024,소형(~500평),15.0,직거래,개인,개인,199.7,29.9,9120,45.7,304.5,2026-04,
남부,양평군,서종면 문호리,창고시설,농림,일반,2005,소형(~500평),17.1,중개거래,개인,개인,229.9,39.3,28900,125.7,734.9,2026-04,
남부,양평군,강하면 성덕리,창고시설,보전관리,일반,2021,소형(~500평),4.0,중개거래,개인,개인,136.4,5.4,14500,106.3,2663.0,2026-06,
남부,양평군,용문면 덕촌리,창고시설,농림,일반,1993,소형(~500평),5.8,중개거래,개인,개인,413.5,23.9,33000,79.8,1380.9,2026-06,
